sequence	16S_rRNA_Count	metadata_NSTI
660f8ebca60a7a8a6928e6f260279bad	1	1.453798
760507c9c84c4e00f26d113d277ec175	1	0.313601
56aa0e46219c7e497b5956c8160c9b03	1	1.279736
10af044f077d356112f1a4adc7f166b8	1	1.329805
5ae15f6288d2df59dcc4061eb9454da0	1	1.1114549999999999
2c78aac79683c0e58a8d6e496eaabd11	1	1.147859
ea9105010ac5717ad9a8858c9a268171	1	1.207084
475ab87a8228863c20dfe21e90d21d0c	1	1.06576
b0a17084d9d1a6a5d7a89e61183a7f50	1	0.314091
b7734037397df784b0df716a38faefa1	1	0.9153899999999999
1437da90a9dfe0c4fdeb8a181d5168b5	1	0.9153899999999999
4070f9593dae3a39f34050ea61478852	1	0.9153899999999999
da0650ed4323c6b2e765813f085a2109	1	0.9153899999999999
c1e62cbe2f6e72367d7ca1a0a14853ff	1	1.6643990000000002
30d47e1ed3f505bb215d1b9c9bed51a7	1	1.679718
cae556f45385df07211a123a3a288271	1	1.631148
323f2cd6a109e0903e1ff44c416c4921	1	1.705962
8bb5c63a8fbd380df728dc80d5cdc92e	1	1.677405
d548d996072d64998130e1649903ffd6	1	1.726539
390e780f267c24df1f8b738d7d62a75f	1	1.6835950000000002
7d07badbd445be31b023432c1f6629f0	1	0.8576860000000001
d29c0201c62323b93553ff5961dcf0ee	1	0.10616600000000001
d61e7cfc7c2910edc3365b960a6e8192	1	0.130387
c6fa4021fa9402058b1e146b7032ff63	1	0.1324
4e11a0019cc770db1c54336c72b084fd	1	0.099524
7d1483a26d9dff3e4ea77666ed5094b9	1	0.114851
e009fe37176c1e829c585c0247580b37	1	0.12034600000000001
a6588b8da8478f9ee50c91557abbdb32	1	0.120254
635b98438315f4efd1d833aca565eb55	1	0.11084000000000001
365808b634a2d3781ef73468f73a59fa	1	0.115651
a7936d08841382c9ea49bc33dc265322	1	0.0949
79615fc9765a8cd4ba4d526a10c90d9d	1	0.10533900000000002
559e598adc9bbb9aeb543ec0969ac451	1	0.09537999999999999
847296b095b9ff8b60b9daf49daa3579	1	0.089238
7ab5ac851cb41be30e5d77a9f2d2731b	1	0.07332799999999999
b1bea4bcfb495a29e8321139d3a6cc75	1	0.08462
45c3d9833253c909761631e379025c5e	1	0.033573
4c4266ebf5308ce3588e982c54f45132	1	0.094827
9dcd49028537ab499a502aa1e52b48d6	1	0.10243499999999998
1c36aa80e5b8e1a40fcd5fe66b1fcaae	1	0.090246
9e9f7307d2364d1edcee0d9b557e624c	1	0.06644299999999999
ee6b7a936e524630b3fd6634e42132b7	1	0.030885000000000003
c55c8530f3e439a29e37bc036b53e1f5	1	0.042571
03a104de9f9de84dd13bee3d6a50718e	1	0.028994
a1ba9dcd5f3d14ae8e8d1c88447ecae1	1	0.06944700000000001
a12417dff00c659896baaa89f8c4284c	1	0.048085
fce1867d7592c972ce4361db2b771c47	1	0.00015
d9725265b3798e80b953a576abc6be76	1	0.082669
12043f7b971c2d33c39024d7e2877ce8	1	0.095249
40a55ffe7f20cababc1f9bf82b69e973	1	0.011218
4d0b0f92ad102fe34c9519de131cf706	1	0.620221
536ba918e115cb438e224e9d98190e7f	1	0.722396
993018e749f43bdc3593414e0fee0818	1	0.5844630000000001
d295cf35f1e5d842b7fa99d242756bf5	1	0.438328
32bf0ca8e884c7eeb6db3f382186d9f8	1	0.495979
1cc113d880edb54e4b3435dd14975bce	1	0.563493
00becc5cb06fbccb96790d088a237a13	1	0.036336
63b00220d1589264c58a47b626c4a802	1	0.054386000000000004
572bf487bdd61820e70759a548b1d359	1	0.059724
8560b9c3d106294ae9835b5737bc2a52	1	0.428451
59387bd87a24a39af928cccfd450aed2	1	0.611815
9f7c6e2d70bebcea14b26f84d0a5b3eb	1	0.840942
5382a47f301303b62ad43d6283282bca	1	0.325045
3111faa4f470179c208566476dd3085c	1	0.334575
2d49b59a9efdf1965537b2a1927994c7	1	0.231256
8427cdcf676ca6bb2e3471503c37007c	1	0.231256
9fa838e9c4bb3bfda242627153fae513	1	0.231256
c3e7a50b9f9779694e5cec85c03e0166	1	0.231256
b65b0dd18f61f5648a02a7f095b8a424	1	0.072746
a1958d1f6daa7e2db69ed630ea184a6b	1	0.05330700000000001
0e0df015b1bf3864a4b8347fd90b6cfb	1	0.060809
42c70a2f593e2cbb7ce0d96baac29c6d	1	0.061392999999999996
eebc9d4e20ef6623a456b9b05959c14f	1	0.29084
aa381b4d79913daa16f73fd24fad3310	1	0.00505
8dc6b6de9cc6af2fc557fac7381d382a	1	0.28074699999999997
38e4004abddc31cf9457c63e808d3421	1	0.077271
8342b0f93b2fae884ea5f60571c7573a	1	0.072078
07ed5b34816c42ef0e2e28299bb55595	1	0.026873
c0a33a9dce7cb42b1419a44040844f56	1	0.047791
3760a6224aeadebebb7fa24f98765e07	1	0.12030999999999999
27aaaf005c8e397e4ee1058fa3c5d9de	1	0.211907
220aa8ca06ec762a3b7ec00850a9d741	1	0.553894
a3bbd161ae0fea06c83185c7a0a4cd80	1	0.470188
65107c0ea7870f0703ac47b441116d9d	1	0.553199
a095e8e05b49e110415d1eb04b3be4a1	1	0.5536439999999999
db8ebc032fad31c69a6108e03530f54b	7	0.150593
c8d56169b0ab88c600ecd9d4ca9b3c70	1	0.099442
4810aca6a4407339b9326f2e8e9d45e5	1	0.708011
a5f464d177ba5da1d6c2a72b3cb0efa8	2	0.083465
6dfc4b9869ecc4b2d3fb1fda69a8372c	1	0.041658
59fe7b380fc9602d8a11d2c64f97e64a	2	1.2506709999999999
3f465c3d8f73367a082299f90a05d21c	1	0.080451
f4ad80b37c4f28a429c9f2a500685d0d	1	0.32866999999999996
032c552f457f10a202cfb6d565ad18fc	1	0.069983
6a31d091c67ac20474720e43cde36c52	1	0.11567899999999999
524c834386d0c34b7d6e3c72db7e3ad6	1	0.067014
24f12ef0de7ba4c3a628916f03562f65	1	0.099215
043d03f903229b664331e0120e462a1a	1	0.014402000000000002
bd070e1fd2644d6064cb1f41871d3f13	1	0.591441
754fb1a9bca7e02482581bb4f41e8382	1	0.011271
f02ba379a84799e0e5cdd8167c68fd63	1	0.9189870000000001
686df3095cf5fa505e5c54fbd4b6b45e	1	0.768418
6b0696f73d0a412cc4356d5be3db3316	1	0.654461
058205ca84c1de5fceac8e0301a9f3cf	1	0.671841
7de7552214b5bf9b675252b96487f733	1	0.688199
5249945dae38fe26628969c0da4b620c	1	0.615579
5d04d9a06bbda6211f2b4a188e95c7d3	1	0.685178
cf8057e8d8d020c77202af09bd6625f0	1	0.61731
001f268fe6f63ad9c952ff957f12b4fe	1	0.588084
389289f84dff2afce8e62d75353dbf8a	1	0.293941
e4b27b225537af683826f5a407b49bb0	1	0.293941
8e4f2445190489a75d16ac738fcf95dd	1	0.293941
bc49a5467ccafde05bc1f83af558f613	1	0.609963
07a3217e7b424435881cfe8888b1b072	1	0.146805
a0849f6f3bc3cab3e5d8d040ece1f7fb	1	0.299167
1289e49eaaca47e4311680ef68e29a0d	1	0.217825
60ecc1bf4f1df35f83a51eda0e9e45c5	1	0.314523
3a02d75706ffe1d58665dca345409959	1	0.231827
ffc8c09fafc5f9f183894dc35f099186	1	0.231827
854f9313368ac7ccb6fb24ec4d092437	1	0.231827
e5ca6a62526eb945ca77ff63ce275428	1	0.231827
50989ed21c297fb77057f3bf5bc3c58a	1	0.231827
00f45eb35cb61fcb26f7cac0e33ec752	1	0.313132
3635bed5bdb384ef6a0f17ca7b5e6743	1	0.31937600000000005
e96343b366b3c110e5b9b79c474289c8	1	0.321903
88cab936e1d3e57fbd557c7910b032d1	1	0.252135
f1c95640b63dc5ec700b36de212e64db	1	0.23616199999999998
895f741e06043bef1d68e35c4cb1b9e2	1	0.12403499999999999
8663af29a59e1fb40d26f526e647f54a	1	0.104025
2fe14f66ee1c8fde3ae5f491190f08c7	1	0.127437
7834c0d4f34febac586dbb2ab6d8c572	1	0.12305
4fd69fbfba2dcf565a73d86f0ac5ada2	1	0.157326
70d0b0856d20f28b0e9fe024454e79d0	1	0.157326
fefdff899da45c03693793f4a889d18d	2	0.35689
22e652ce3deb64e88f05a1e349bb4291	2	0.369523
0fe20f86f9a2d8e8e555b94be86decaf	4	0.170356
5740f0b28f4aacc2474ac81c1ac689c4	4	0.288649
668e7cc7dfc45d2a80f44d354a62e93e	4	0.041601
b99c618e07194f262c026c45531f0407	4	0.074799
92325a750f6299fa904805e745f3ad3a	4	0.094948
4f1cbd7f9953230a534351cde3f39676	4	0.146828
4b85e7fa78870681912a7d9102574989	4	0.14063
979649b0750d7e4e418e22b75f0fe3fe	1	0.766605
341c3a2a39ff228123778ae5d53dceba	1	0.076553
78f40315a52c687cf3f10c376ed6eb9d	1	0.704479
76420168fe2533e4eef6943e5ce0d48d	1	0.41973299999999997
1156b073dfd01576bed0b4c3de5ca062	1	0.043856
66b7482450f94135bb7523d545254aac	1	0.557046
d26cf7d1093438a24e3b7d179805e864	1	0.36248800000000003
2566efa41bf798631667b0d4692aae62	1	0.730498
231a5d49a4f4050d7741fb3e2c60330c	3	0.24939499999999998
d0490f0b44531284c27cbdec6e814a0a	2	0.40891500000000003
c89400be789fbb43ff716a7c24f26df8	1	0.540573
f9a5e11344f10869ae79bd5d5f48bffd	1	0.48381199999999996
c7294eb95a101c03d131f22c18252631	2	0.451171
a1b046d43a8f76648a252bbb67151f99	1	0.318506
9f6b8023d799ee9ce5f3729e92fd96dd	1	0.8596659999999999
d3d9d0840341b1be6ed971c430d32dc4	1	0.48158900000000004
ed96629027a161ae657a16543ee8366c	1	0.40715999999999997
5bc30dee05e42a2e6d2f8467cc3722ba	1	0.570238
2efdf0425e6b98a2e0e403baf169b856	3	0.11461099999999999
6e3fa54bbf12ce99a100d6d40a83279d	3	0.167659
ef01cbdca9a390aa5337de76b09e174c	3	0.167659
ac4553046e8da104c560ddc09bf5529b	3	0.06485199999999999
efa4868a5dd6cf46418d72dbe03035df	3	0.066256
035fc9c1200569418a5a14609ed0ddb0	1	0.641745
6cb76abeffd1c7aa43d147d544a53d1a	2	0.36182600000000004
445b2b8cf4bd22ccb09cda6e7c35f659	1	0.49163999999999997
3e3787c28783dac926c4f00b87d815a2	1	0.49098800000000004
811cfb2af5ae02cf1f5f8c19e648e4a1	1	0.441528
1fb8e203cdacd5dac163e58c9ad4dc7e	1	0.3291
14d95c144fee5be9100d4230be034461	1	0.395546
cbe7f62d6306f75c9baf00ef655bbf86	1	0.39718400000000004
60334489ccc490ba607258f17dbbd188	1	0.682809
7cf52d9b125748eec7b1714ab344774a	1	0.5080819999999999
488b3aaa3d142e242c464ff17777a66c	1	0.47604399999999997
b3ad13f8248786b0d504bb69491f996f	1	0.66335
0dac237cbb2efb18f1dbb513235b4f8c	1	0.642497
0109325778c740f7238ae2b986435898	1	0.465282
ef41fb62979ab23647568f043b407151	1	0.47451400000000005
1da3761a2b9774146182b9e10838b06b	1	0.409879
1db9d1259c853edf490ad4467d0183f3	1	0.529575
8599f77a8770bd9b981ff34218d3a538	1	0.49891899999999995
867644f96ebaf0708fbe699d40b237be	1	0.23446999999999998
2defb542e2071571d29b60ad27103b7e	1	0.14688800000000002
10907fda3f9df1f7a222038d8c291cec	1	0.302799
236e37c2f3edfe2d3097f3bd16b0632e	1	0.268261
878ad0dad2b3303950761160a449e1dd	1	0.057215999999999996
7dcf7b76c7be10a4b719cc62fb83fbfb	1	0.433148
5a8a455f58dd0a85487024cb3f70c4aa	1	0.630342
3f3fa462779e84749d486b6c8eb93372	1	0.578979
8c32858a3f2b9da64a71cca18a3ef7cd	1	0.612692
d85e155677df083baa52bb2249c6762e	1	0.5565329999999999
4990aee681e2515ce88b962085802a69	1	0.637342
81563f5fe712021e7cecf951dd1c8874	1	0.537894
fd3f3e241a4f2b5e1e07dae992a5caa2	1	0.155565
b5869b29c32ca7a1c05f9fa3dee00b8c	1	0.21229
d609064868cc80d29042810f22a7e2ab	1	0.136418
a7dcfdff02f2a61136833efd987fcf83	1	0.083713
0ce326ab6741ae7bb8a4ee640e18ca41	1	0.07148099999999999
4685cbce4ae68262030b7407aad5b267	1	0.022508
bf9c6b910f9b08bd0a261db46e491d13	1	0.033270999999999995
520b62a1f9e0af2a8f5ca6c771df7ca5	1	0.022119
76b6b8ff082e7f1df9c921103d11c072	1	0.606483
157a14624ef0a9fa29e356208a93c4a0	1	0.124578
584c5a498bc17f2378fee05c9a252148	3	0.011356
7c78db0dce1adf1464ebd9889e5ae578	3	0.046297000000000005
34c344bd5f0c2e009e6d546a8607a752	3	0.034497
2cf905fe99e5a81d47d1c316c8eb4ae7	1	0.223546
69bcd22775dd33999837642c5fbf1a77	1	0.08542000000000001
8b3ba0a264a2857dd127e3bfd15ba69a	1	0.072653
2f0e53915a6d39810c7ff94369501cc5	1	0.085499
af049d00d10d8221868425afff22bf47	1	0.0721
512ad0b8c88c92de7edc45518f81e423	1	0.084106
4e64b9711007a46077ae5db43861e992	1	0.383238
340e4b065bfe10b9a566357b4de90e4e	1	0.8703290000000001
a01e57c155184f992220db391ed82d35	1	0.329947
5414819187d3eaf62ef36805ee6bc548	1	0.309537
ac38688584c98e1da7e672913d7fd8fe	1	0.190717
07d0543cdd77e97349c70a2de1a971e6	1	0.346355
beaf9fdcbcaa1bacf21dfb0f2415c4e8	1	0.233724
58511c0c55cb0c7f5657d93d132d8f3c	1	0.295396
a38379535e6696b78a80adf98c3500f3	1	0.310575
47782479300f63787f0b6c275126b465	1	0.295477
cadd11eaa115a9673fd9d9989feb7164	1	0.15068499999999999
057708326bd83f55e3768771a244092a	1	0.262316
61fe7e44efa161827f89353d2afb75e3	1	0.13406500000000002
8b7878cfdb016853cf141ec71398e311	1	0.147625
2449b7741ed8401406a8f363666c535f	1	0.161504
ae455077b4185c8f11378a4fd8c56eb3	1	0.069207
6e51262be5c5b2f88e1fcb8cdec36efc	1	0.056466999999999996
b08414e6f6a5bf6b0d32048eda75023a	1	0.120752
cc5da34ef1c9d72c8f72dc2f3dcfb6a1	1	0.195856
ec54040d3d8939bcb15e42f43c81202e	1	0.492617
a3ca6dd8bfeac9dc7ab27d234db4000d	1	0.49399499999999996
2d35089ba0ef6befa3e323cecdb69d1d	1	0.011371
354a0b84112a660f3ade20ea6d2c669d	1	0.022844999999999997
76984ca0c64a2f75efc8f7c912f07123	1	0.317071
df79215e4f11aa8e427609419eff0dde	1	0.111549
cf016ae304ff151bc5ad58026fbdff9c	1	0.125288
f2ebdae2b2455effbdf6c42f70fd8d0e	1	0.146228
ef34044dcf6d5b3686de5ef2988b0667	1	0.310227
875eca54bfbdde9ed072fb0d495424b7	2	0.024106
fde330879ddef9e7e46576499906aa9d	1	0.037964
39aa14d7db1a584e873c7b2d1c5db506	1	0.481626
ccb3da76c2ec4b1733fb43620d5a36bf	1	0.081777
46130cc5c63c37cf208464214c1957bd	2	0.064555
381e74ae6d450bc4beacb8abc749e9d6	4	0.061702999999999994
7f79d9508383a084e8d54ebb07920ccd	1	0.22086799999999998
4db23ff88128d25cd13a5083ce6424a9	2	0.062009
0a26d610029dc171a5d54b59a4eefe77	2	0.168148
956aedf997334b53dbe48619ca6d788f	2	0.011909999999999999
b5f48ede36f65ceef4aedcefd40d3104	2	0.074318
b863aa7081538e40d527e0e868025fe1	1	0.21528200000000003
382a3057a7ddf922406cd2b98748293b	1	0.057225
648903b7bd2f062e23c46cbc5f6b32c8	1	0.039206
c08e27570802cc22060faee6a87faf57	1	0.07900499999999999
c57c594f31ea0e6590e2317d9fbbd25f	8	0.10849
c49d00bbf79de75086c960a02c44b018	1	0.011640000000000001
25378e41f19be3a40f90da3cc055bc9f	1	0.011755
a46d5f32686c29882c416c54b30ab9c0	8	0.12489700000000001
c145db50596e0ad205402373da34dd28	8	0.023743
250f2e6e72c1bf7a01924e8cfac7e019	1	0.05985599999999999
ba866354264b8b815d3060d0bd66ab10	1	0.100944
6714a477209a04d2847b2c704a7a8bb8	1	0.011989
792e2d9f7e596674d38ba0218f72290d	1	0.012203
140161588c8cb82ed8de8f16e119c35a	1	0.024492
520ee23809f9658a420a22975ba45aa4	13	0.011926
6a02b4015bce73d6aa6d2b6f64a326e7	1	0.048916
b5bf356050f89ef3a7ffcc5bd21c680c	1	0.047276
bc5c2a00bc208d90095d6af405f54718	1	0.084136
7bfaa7f90dff6c876675062e176f2b47	1	0.012159999999999999
7aaf252ce812ce30b1e377d936a3ec06	1	0.012361
549b7ff7b3321df2081e07b6a297484e	1	0.074451
d09f5657899eaa9483bfdd0cbc7e38fe	1	0.061204999999999996
2799ea408d48bd60634af246dc47d72a	1	0.08643300000000001
81f8ebd5e1d9321fe4c1ffe79d935121	2	0.15146300000000001
3561229780fa55cd2706d624192abbb7	2	0.190827
eb780fa62535e3c8186bb8f4cfcd7714	1	0.22056399999999998
5dafaf5607559810bf36d361e13a58e3	1	0.189275
9770d95043b18854563ece92c980c8f0	1	0.515845
17c6a0719043b88ed9c1c2d306a01c5a	1	0.632378
45ddcb2cbe0e75c5c37a368e952f5ca1	1	0.669374
5745222893d39385a62b7707b4752387	1	0.518744
465cf9db89bd8bfdb92d5b27ff283808	1	0.57981
8c02358f7eb35f94dc5259b94f890bd7	1	0.6906220000000001
376f513166f79a9c8e65c21a26419306	1	0.713174
d726eee24158d9db89f6070a31c07f02	1	0.752926
c8bc777be6e3bbe2f9ce57e843e76d69	1	0.6530279999999999
0e686c410dbb455668e8fb15072261ed	1	0.710354
008280f3cd67579b71660051224621ff	1	0.679837
70c46b6fb0d9c281600f0eb0eba4b8e9	1	0.667148
e7de06e22d2393f39d227e0c04363749	1	0.684046
d2acff26ea7e2d7e9297eb63cadc13f7	1	0.5883520000000001
4d5e07c28d2c2b0d97bc06a1a7e84f37	1	1.345931
59d3a3bbb877496ba00acc8fee6b6bf8	1	1.269627
1a76c3089e9d64870eab766c11ccd6aa	1	1.1852690000000001
72ca0a2e401dc67417c4b43638390ebc	1	0.397742
b2e157d9503dc939792af17ce592d8b1	1	1.2654
e7db5a247057fa5ceb46f32b3d92c10d	1	0.113229
93a7962ae432209abddad518dc561565	1	1.147462
ee848d6fba4a3c29b805cef87f936d23	1	1.1431149999999999
46ae4a64c95539e628988ff4fb591f0c	1	0.633901
57140257e63886380c3076eb4a4fde3a	1	0.633901
f8c123e44c8cf26ffaf1ada807683b10	1	0.633901
6b6b3bf7c334b5f0b18d1294c4331a57	1	0.633901
8e90ac3aff93b4e4b9b2eca34a8d77d6	1	0.633901
c6bb2830cecc037be909e3ac0716f63f	1	0.633901
320506d28888eeab6c27cf8f20becd51	1	0.633901
a3c796c034164751a1707987e7939edd	1	0.385374
f0970d2ce771eea5b045f2a53f0633b5	1	0.388992
feeaada50f8e1408d658b2722587bd82	1	0.070143
4d7df417656eade5fbd76144d50f323d	1	0.145404
2411b7ae3deecbbfe3ca3f295da1eb04	1	0.15800699999999998
19780525598f9c4a7ec2a9c73256b040	1	1.080551
e0b582e8bfcf4d87c218e396e10d918f	1	0.9716389999999999
ca2ffacf27799c97635af313ced56fbe	1	0.6788310000000001
9420a22a51b4557738317d314f039368	1	0.46685600000000005
456218b827edc94569d9614573df0b1f	1	0.7118720000000001
50f6e9402b1207b7c690ecef432278c5	1	0.717695
87842da07ae6708a38e9041688590540	1	0.711116
d372a8b77bb30bd6d1e458320b06a8eb	1	0.501706
7e0006be50f7201de9a32cddc2e98abc	1	0.48440500000000003
1de828d3a439b30679d11d781f7515cc	1	0.073686
7f426331c52848693c2d84985a921e1a	1	0.00015
2ce0414182d2251c32dc3a62e703359c	1	0.011007
b07abb782cb8dbaab31b2510e026f2c9	1	0.033589
4e3f75ef1bd041e618601ca0b6cff52a	1	0.022106
0b63bc7e88553f1f951527055166a6fc	1	0.347523
fa29c3376f5f6ea892d49f32294058b2	1	0.411254
f5d1d2f8c44cd90b3f21e98ac9d0a8b0	1	0.65715
28272bb17555091039ee765017c50496	1	0.19136199999999998
f68de1dd48aed2cda7e561eee7404318	1	0.223759
f2212f0f5fe278dc076f251254b1d871	1	0.41242799999999996
f008090342f92aa467ce47decab46e78	1	0.395629
91e2a4299350986e816d2d0b49566af8	3	0.200737
e8834a5d43886b06bc6312977c7eba10	3	0.123548
608bbf6f332e95cbc362f9d77e78ae50	1	0.23033299999999998
ef528090b9bf75c3b4c4dc55c0919f18	1	0.04675
6a415dee3c199e6491caf7d48a428d93	1	0.058739
dbaebf26acbb80a66dde611b3f20fa1e	1	0.095389
677929eac52be081cdae08a0b9c70eb2	8	0.011487
6b69484a390403e9cd0cdd9967124e9a	1	0.17339000000000002
749ff49ee3bea8d5c6bf11fac2b9fbdc	4	0.076736
6a39c06ba65d445cc02f6000f9b130fe	4	0.17669300000000002
b83a3450ac7891aef6824966d6aff934	1	0.210821
2ab395dca235eec82bc890d321591132	1	0.34643
761a2c5e3136417c8dacb580c98ab85e	1	0.396913
68327bed033973f866ea4b72fc9aaf57	1	0.411901
722d2ceffb3b0c2554c7394ccbfaa5e4	1	0.42767299999999997
d97ecaa6c3caca234c7935c3da8d6d96	1	0.42774300000000004
bc62fcda4dfb3e8f50f367b57f74e9a2	2	0.253168
afdc4251d48ead463273e2e954863736	2	0.11323699999999999
7c5412a955714947c579cac4078ce2ec	2	0.460765
7393a378a017ea7ff698bb03ccdeb8c7	2	0.248421
790e26d643c139adf0fe544217949fc1	1	0.147452
7087b3d968fd95938996eec88a91f71b	1	0.0845
19f659a7aa2bff995f6a1455cef42b28	1	0.047217
4875db43eb5160a513f9b29e8e5c5f80	1	0.048333
8a559dbdbcb2f00dc9caa9e164b7b790	1	0.034253
5dc126475f7ae514b93bbf53505fceee	1	0.310714
18b8ace234548c8b902601cabdca5200	1	0.199004
53c247ec65351affdd7465881798be8e	1	0.011332
cf2eb7663c9c32ab5f9e2373b05f33b7	1	0.364154
e8fdf38d223475663bfb88272f7a4157	1	0.011303
d7b88a222bcc58bb3c1c00a4a904e1f2	1	0.011308
d75f5c50f4ecf61f192b7c7fcbaa25b5	1	0.214299
1d0e0840e2ccc9e90a5559f6827c7da5	1	0.00015
52003fb7b144e3bd88c4bb1a95def8b4	1	0.345171
fa271dc590a06f31687bf2c397888e8d	1	0.429962
227bc959d80c2de1d256898d1df9bb25	1	0.575309
68064dc373d19be4aa57c4ce7241bb06	1	0.328073
981e19a22cbf337571905e36046d9d54	1	0.287628
076c7176d1699f7e58989fd80c4bdbc1	1	0.32151399999999997
2f387939de6f7e6dc65a774890c8ccc9	1	0.328939
3aba2693c71fd08a7b73af36bc8e4672	1	0.349014
b0a819e99aee1ef83601f784821817b0	1	0.24380900000000003
402d8223729e14342ca74439baef3e4b	1	0.239646
dff77e7c67d98b74aa0fd40898914d0b	1	0.011429
cf1d445d78365fbe4a15e8492f959142	1	0.803341
ec201533d0fd91ada33759513872d4ce	1	0.34473899999999996
99831eff8ee0fa2726174b091c7911fa	1	0.390675
52d986f4a49227f17766c3b663cde627	1	0.436101
2ef267f7efacbbc4a22a039addb633da	1	0.42123299999999997
85fc7e8e0b53c3e47e13d13f16b78607	1	0.32864299999999996
bf032aeaee76297fe7ce7e96c79902b6	1	0.33786
d95cd48203595cd026bcb4a5505d1a43	1	0.254388
25253d9a0d5c629a7a3500b3c87a9689	1	0.284197
2c6df72cda8c934d63d924d437cc5545	1	0.30685999999999997
151925ed564300bafdec277f398dab18	1	0.247254
9ace77f1ab489980518f70c5b939845d	1	0.27118200000000003
28b999b358bd0dd743ce350821524f66	1	0.134704
a66bd5d64a429bdcfab07dec8623c370	1	0.824665
c0a1adea9815cc7772cc04083519468b	1	2.468801
c5a5cb28b0321652ebebab58a4dcc848	1	1.2474290000000001
adbd621f4fcf45ea5d14ec362685778c	1	1.2131049999999999
5628c4ba8b708207a5bfd9ea65138b08	1	1.017831
46cc491fbc508ebcb8357f8e440081dc	1	1.000409
5754d7df868c7e3e361f47c8b40b85f9	1	0.9989530000000001
149d8c1779beb45c72cca0a3de56be4c	1	1.3296219999999999
353b892aa5d5fc5a15654a8e5912455c	1	0.48166099999999995
a902e3f3d835e397ff3f0ed17506d205	1	0.32247
802dbf8a35ed41e9f77bc983397363c1	1	0.323927
718e5d5652f57885de2c0aac6b49c8ad	1	0.302819
949c8bb0118d8ec84dc51a7abd18bc82	1	0.23076300000000002
febd535a7bee9d67e6701186e8682052	1	0.042724
ea99cba01844b969454c934b4da3203c	1	0.035851999999999995
36c29a846f34aba790142b270fd02b62	1	0.032902
c878bf3285d8080ba45bc4741c71c7bd	1	0.045768
344b5fc8a4e1c765926a69b0d62389ed	1	0.045772
ff76487855a5e48c30cd3c4c9fc3bdc0	1	0.01493
3723c53262fe95329b197aef3ab37735	1	0.6174
3d25aa0f7fd595033af66fd28232066f	1	0.8370920000000001
8665809143df8a9a30c741123719ddf6	1	0.191302
53aa204f53c34ffef0ba38fe733aeb29	1	0.366937
900604ae49ce82ca38f6f9e168f107b3	1	0.76069
c63af7734981bef0b67db5a311e5ffa6	1	0.543322
abfb2ef990907ba8501b03806a6553a9	1	0.543322
abb31f99d3dea317c0c50217d44f0e94	2	0.6755760000000001
84027843081d9fdbebde22723bd82d09	2	0.21719899999999998
78323a8c0225ee68f40dce658e144ba1	1	0.44149499999999997
8c1c92a2933f4f26dfb3303d467913af	1	0.252854
8a989d0af2b716cd4cbef79e3492efbd	2	0.131171
ec7e67c280808546048806b4e1caffb8	2	0.231501
ec8f34624bdc4aae241250536b5c8439	1	0.176967
a9e0760d957cde241e105e06564fe040	1	0.18627
8f08668d725ae818ecab694518ef2c8f	1	0.124242
0d3538ace41e61d3cff1fb2133f9cea1	1	1.0129190000000001
db82cca4c7605b47e0a14c32c861eb8a	1	0.45681400000000005
5fad79ab2c0d603dd74438dfec17f803	1	0.44296199999999997
de28f3effd8f3c237f8d90a438cc1f47	1	0.470818
73461ccec0f5a75cca1818d30f166fbd	1	0.41934399999999994
ed704e12425cabfcc98617042fd39bf0	1	0.27475
5169db6386f3461501487fa57275ee09	1	0.384198
f5751ab2c39032be446982d818072c8c	1	0.367282
de0f7803a1bc19c6ef17880aedeabf7f	1	0.5703779999999999
261e867aba3db985e6eb295bf457a6d0	1	0.5654560000000001
31b162b4f467f986a8e38516766240a9	1	0.566731
02e1aaff68d645352c39278547da16ed	1	0.567416
4f1d0cc5472170e45c6820ed4256d6c7	1	0.49405600000000005
20519a9b22769bf058787937f12350d1	1	0.500408
2ae1e056f8bf35ab229bc478e18db8f0	1	0.550276
0edb29ba9a8bd4752162a0e621bbd3a6	1	0.385261
d95975409607137307d469f54e4ae18e	1	0.778066
a35e4899b12d81046ff1f0e972deaeea	1	0.8603729999999999
22796f78af5ec8a7041996307f59d37d	1	0.617699
8c39aaa6e125eae6d0cf80c6befc8fef	1	0.417339
60bc584236085a919aded81fda5295f4	1	0.377891
32b4409d613a7d067f99ecb20eb3cc02	1	0.396219
309a65d6944582c52f8e9d5fbb470cb3	1	0.412153
8c08a3fb5dada92b7cc612b659faa98f	1	0.344592
c829fd8a2566dc0388d806387109c579	1	0.308084
30635a3aa1f853811149bebf7555f2aa	1	0.343134
705c6bd88960eaa1a0a40cf121f4adc1	1	0.41490200000000005
821dc10a5bcc90332a43509a7f8d76f6	1	0.400994
8d8ea959e75726b5635c2e334719080a	1	0.22307800000000003
1762a16f342308d114f261066df99637	1	0.22307800000000003
2c6958ea9688265762ea968e4c38f508	1	0.44794399999999995
cd64aefdfd317b5f68211d217191327f	1	0.476127
6985b65dbb8489c56207baeef4962c11	1	0.529099
1fda9a05dc1a56d6898f0e626fbb31b5	1	0.5079359999999999
a9cd0c6aaf40c5b5c62a1682bf96a181	1	0.516111
bace1424bc6010fa50b4ba18d43d2069	1	0.550004
701b23f7233d2efcf0741fbdcdc1d8b9	1	0.336402
e0321b3f2f4d5a5df5139647a1bc1d44	1	0.06977699999999999
42a32787b7046092dbe64db503f32bf1	1	0.045283
790d2345aa735e1697cdfecf64f011b1	2	0.033541
96c74d89e655dd6d8b60bc59528ea14d	1	0.434371
b29191f8ff3d0fc3ea4142e739a5b501	1	0.54287
444665aed038d624e19d12bb5980dcf9	1	0.06791799999999999
b7311162b8b533f2fc59ca4fbdf869b4	1	0.00015
bf96b6b8499402dee2571b2018b566b4	1	0.00015
0046e41f372123f46c9dec65c8499591	1	0.160581
a8d9506c4c6cc1259d4689354fa2a5d9	1	0.6044609999999999
558419359f23ef332ffaaf75d352a65e	1	0.662989
d4110087b3af1fe5deb0aedee4557237	1	0.43737299999999996
032d8be3300973ae2e252fbc0adbd588	1	0.416096
ad791c7cba0a6616bd426a03e0b9dd57	1	0.568531
75aa46dda404171aff71fa4f8e26df90	1	0.048643
a19d51fff322b71b4c0b67f5e1040705	10	30.791393
29cd1c631c44e893b295562f25bf15e0	10	36.388861
3cf2f8c86f8622c4886cffccea06e34e	1	0.615128
1fd9c9a6d747ea9657cce3c1f524976b	1	0.165908
24f3783a2c879a595be037b5d51702e3	1	0.053965
5b8e078e1be08433ec6f717f61485023	1	23.045482999999997
a21559047b7ec389e332546350352731	1	21.988222
7b24071c73e38b7d3a235d995a0adec2	1	22.018418
51b347fe2b422666d2c25c773e050e47	1	20.914364000000003
1ecc1ac2c982184455eb317030a12185	1	26.190998999999998
957dc0e30ece2af3867ce39eb2e7217f	1	2.9897009999999997
8483b2934a10483cfee7d3f25b791766	1	1.209352
fe29396e220f8ce7cb56c1586d4e9e09	1	1.113736
424a892392ff0ccb589e2a2c999a7939	1	1.0854270000000001
ab85c3020de6388f99861c0c816dae54	1	0.8847659999999999
576515123be07f43e3ba4aa21e64f39f	1	0.807716
b15215355845cdc46232287e349531eb	1	0.760383
e9764ed491f922a162f5ac952e1a200c	1	0.764127
75513302cc58b4afd8441cbd9649d895	1	0.515921
0a44a86c82984fccb30f5ae0141cc890	1	0.515921
2ef7dea4f08b5e90f9b04d21c2268f9f	1	0.6278050000000001
e6f06a1b12623ace2ce550836e19606e	1	0.5123939999999999
53123854f2e8df9c0dd6f4b5cc3462c7	1	0.653828
6766147bc7fad9e5d32fc4ea2ef725bf	1	0.612698
a1037647d40072f39534b47dc5bff6ac	1	1.323974
60599769a359431bd2e1a8fd3eeb36ff	1	0.137719
afbd7682cc37d32c7638e2d589dcbd91	1	0.704509
5bf6a7b5816fa2ba19058a5935700d78	1	0.702558
7e8bacd87d3589ad6a0033c6ad01e356	1	0.693883
51a22628dba6dc7c8727e4862ff8e3a5	1	2.394688
18c38bf49f0d2b692cfd40f24d5dac3b	1	2.364434
72e1dc32787857c41e3cdd02b90a1c75	1	2.273082
197f4f395610a2d1e90afebc2e634820	1	2.499392
9e4bef959c9854fa63a2f41d22dc5b90	1	0.9891770000000001
ff91407c1d15f406892b0dcdfe824556	1	0.961706
bcbc6d37ddb07ab4b6beaaf3510cf647	1	0.971974
1c65c9145b408edca804916b9530c5fb	1	0.9893059999999999
ccdd4092f1b129740bd0530a8ce4d55a	1	0.834026
4d2043e2976d7c6a783fe28caf6c72d9	1	0.252317
905d105eaa24266c4c1d9240c6f6e13d	1	0.16323900000000002
6ba5877b31f630b23222bd8f9115e49b	1	0.16323900000000002
abf17e7ff9a6999ab4ca3c88dc8ba8b8	2	0.326474
5914fe58a4b41c2c30e0d8f29c0cdcc9	2	0.33039
28a8ae8aa9edc609b079703d7002dad4	1	0.034651
46a99ca817c5648b88cfab67ac204fba	1	0.011333
9e40cecc03b8de4ef7a12653f64ada80	1	0.022753
31100b1144990f436c57b2b5bed4b657	1	0.02281
a791c3fded9303ae5f1ebea96ab7b022	1	0.282951
2cdc420455df7d2824c7cfee81a35ce9	3	0.012003
ff245268d170d1f5cbc24d2bd5c510ed	3	0.011845999999999999
0a469ba5997c16921c8fb855638d1434	2	0.09949
35646ddade3e38888e43263cfe42dd67	2	0.11569600000000001
39b4f2c29ad95a6f470e17bdc9b27542	2	0.175612
0bc165a2e919329d4aa8072045d24e73	1	0.089314
5ce7752188f6b713d41f9297efb8f47e	1	0.011965
6803ef09adc040dbe35c61dd7928d764	1	0.03628
a49efcec56d5541fdc37d63f6b990260	1	0.051369000000000005
526b2b886adaffe2c5ab24cfe8fa7a52	2	0.110454
cff9c29222c845b89b40c1122ec8aa27	2	0.32659499999999997
1fecbaee22a7579e429900600c300095	1	0.43529399999999996
3bd78d46d5c1a6856b5f55f33508780e	1	0.13455899999999998
741f1be526940e783d53faf003c3672a	1	0.01158
b7f7a188b8ba96ecaba0b2471d062d26	1	0.117942
a2db9db8538e0513525d91ace65268a8	1	0.146837
e7a77832749871bd123d66396abcb7d8	1	0.210405
19b926a035ab8529b94456d2c7c9d264	2	0.182097
1ebf7b11351b9ab22744ec692bba4986	1	0.14486300000000002
b651d6caf8be258c84d66f144712cce9	1	0.159378
545a132599d8139b8781726b56bd128d	1	0.174789
de780ac69e1fde15d4337c6e19804935	1	0.15922999999999998
e7f683915eb6003a80a959365cd9a95f	1	0.172862
b34f3dde211d4835d2c13c7ff331f44a	1	0.12751099999999999
4a377fe05f4e7ab548d8145994b083b7	1	0.193891
138691091135a418ee289018c2a7fa16	1	0.138363
34867f0d4a84381d0b30abf4f950f1fb	1	0.138363
bef408ad5aba9ead6eab88ab358467ba	1	0.023638
d8d94dea8c39c1d70d265cb56f9b65d2	1	0.397067
b3ee7879ca8d1f1acc38a471f277a332	1	0.121843
1af50013762a0b88ea19f3245dea8081	1	0.108466
fe4e14ad7d22e910ab63d8c914a7f0d0	1	0.10959
4cac06f6e1d30c6e89310f5dccce64bb	1	0.149082
f196281148293ea7aaed7e11b56e0ed2	1	0.24981799999999998
e2589a55a695be9a230cf49736f09a41	1	0.14061300000000002
f6edcfe3d564a2a6275752d32c32898c	1	0.123402
0f7986139d1b36be3937f7f6dd64a9a9	1	0.083479
145ddf932caf33ec3592a318a23243bf	1	0.097397
d35626a1fed5758190184f42d44ba05f	1	0.121511
cdd3bcf3016aaa6449a600dae2b2c246	1	0.083486
70a544cad37287c13d6a49e23a0b4d29	1	0.125066
60f637afcb941e2a203295cba20bd4d9	1	0.315345
4017605593a9d75a38365c6136f56758	1	0.48681899999999995
c938057e50024b5bd73c3e2905cbe702	1	0.367046
e915770a58c0161640ef5414cb5149be	1	0.200328
069e70f32fd69ae66fbefb4b824400c4	1	0.21223499999999998
9c4d7a23882826bb873303ae3786bc22	1	0.202674
27d258997625f4f6a8d25691ad1f4ef0	1	0.166479
966cc57af650b72cb33a3de1663ee40c	1	0.034494
1bb3eeb5446af918495f5052a0dfeb15	1	0.023644
cfd21e388bcfdc88e452adc6a6f56506	1	0.011778
667852b74355cf59cc940880c21e4b7d	1	0.129498
085f772f342daa6c3f9f502a2f4f5310	1	0.368983
bac46bd2590ac2496509903f23c57023	1	0.29082800000000003
fa1d8034f6b8cb67b74ee066592ecac0	1	0.27416399999999996
563a820870ff4ee11912f841f4369ddb	1	0.468131
ed31c4594c03123c0e04ee9a1a3c3711	1	0.30133699999999997
a204a4408201266f59b51251eb2945be	3	0.522334
6ac5ba5e6035991879abf7f9955efbdb	2	0.130078
1af8f455c2817f97211c44bacca72a90	1	0.16558499999999998
04fdd083aa3938e56adb890749b3bdae	1	0.171578
419aa3bb3e75f22b8fa83c3d69c7ac9c	1	0.129753
9bde44d7f9efc3174ec322e7a751d2c5	1	0.222546
b060451e77e159ae6d51cd33dd6a5171	1	0.133149
892db371bf1b69dd871aa28c03457dfe	1	0.260765
2dc015be5351c04614692bc3ec671987	1	0.27721999999999997
245ef71ac5963ac63ac2436f94ffe070	1	0.3366
f4bd6dec9a722054f01b07a6c524a169	1	0.27924099999999996
d04ea652b8246cc818655f76a8dcdf19	1	0.259363
2f0e8228dc5347ee27ccd47ef14c30ac	1	0.156181
7aa4f62956a166e230689c1ea0b62d38	1	0.156181
c246fec7e53ecb38b3371abf23b783d8	1	0.156181
60f33fd6fa8ddad23ef155329fd4e889	1	0.156181
83489688d349c8a4ee1c66db2dcc50bc	1	0.348814
60545d39a33bd3e5149f60af80218305	1	0.664276
9539118712100b8aa19388184f872575	1	0.152168
8d33f7e20665ea4691aaf308dfa9eb17	1	0.166435
38c2a261f81a7ed09f39ac6f9fd0cf2e	1	0.011405
121315c06a067f6269edce1ae068f427	3	0.011691
05567fe2d356a0678346984e0afe9910	1	0.219381
7430836377dc7a3cd8296fbb430504d2	1	0.27596
cd7e14c4b24c471fca0acfb555ea6293	1	0.257946
63e218b24edde39b294bace2c9b78ff3	1	0.267266
dc8b1eeb4f12a962d2f0ab62d7820b56	1	0.267897
d807a846385897d59375c0d618cad04b	1	0.284387
afe7196ae0e6605a445288d5b7826d5d	1	0.21718600000000002
c1e096fd4536184f75d659ef8b9aae4f	1	0.18882000000000002
30fca720405cc18da98ea460c6589b9f	1	0.114454
48801280a1883896dbc11e2f9b1573b7	1	0.114454
be6be0015abee43bc5fbb72b32d1f410	1	0.114454
368fdb33cfa804180230d60a08b0abb2	1	0.063549
7ea654f2f75d87236d02b7f36a6d6f5a	1	0.011509
a68786ce656e4ce16db1f01c940f38e3	1	0.232948
9decfa80ef9550b7223479173cc00a4d	1	0.80511
5b36dbfe0f56b47024c5e1955b60693f	1	0.023204
73b7939a8ef4c10ae96eadb31fd7d3ff	1	0.01199
2294a627cdd6012729cc5f4a431340a5	1	0.7592270000000001
bb3609175382b4293c04137d3cdb64c6	1	0.7231069999999999
9f1906bc549a5bc555809eb747f2cfaf	1	0.673515
cde1cb94a3dc8922d48f7f11f05039b7	1	0.8318180000000001
a55e28d33bbdcb48057c52a9d9746085	1	0.864359
9a809080c2d171526cd6e404fcc51071	1	0.802327
6ea2930b7b2f19bd3dcfb8f0ad040180	1	0.7358939999999999
bee62d46a91c285f6e8a3bcc5cf7eee3	1	0.753464
53ecb8e4f32682665369599df7f6a76f	1	0.803558
9b2811e5cd977714f7b86b6af4c3df48	1	0.89243
74bf86bede186b17fc68bfeb9fa98def	1	0.738322
427a43893f06bc3d499b4157d3885d6c	1	0.751117
28e0f832e626075bb3b06982c7315345	1	0.7732939999999999
a458a874fc9831d6ee5b8eec31847a8d	1	0.367904
59f30c2b05f62e00a228298cb7b2712a	1	0.367904
68a166ab0ed0ebc6346e7729535532df	1	0.46612700000000007
16751fb5edef859a0d47cf0addfb03af	1	0.8217899999999999
3530fc65ffdfd4f1ed2fdfe9f6265cd9	1	0.68489
30baf5924c226b31f2ec62b70edf928a	1	0.8284
022bec5eccba40024275df5ae002f88a	1	0.64051
d7ba8b200546ded3cee9bfe7df6e03a9	1	0.737025
920def9f98813ed23be8e94a9e5ace40	1	0.663393
1d1b2b97180feee30f456ef849b5526d	1	0.302588
5638171bdaafa1dcb6f609a0ddd318d4	1	0.33155
fdbc738a11df66ff7316ce1c8fa189c8	1	0.377681
f479ad8249a4a4d1710d8f71d8d8cdea	1	0.395867
f2f4175663a6427234bcb8e8a5f5e790	1	0.364466
78b4dd2cdfad3339431922175855ea9e	1	0.329011
be5c51e0ca3c46435108cd3e0e01440d	1	0.357475
224942c38246b39ec5f5769124e55b47	1	0.045221
894903b6665d19da7c8b6f8c89ceca30	1	0.022468000000000002
1a96d9acc4bc9a75d1a29d9c7d7eaecd	1	0.03398
d8cbffb809c20430f64bd3eaee78a9ac	1	0.742851
2d0db038bb87f645a81048b4a19035f6	1	0.627606
7745b574635a7f49fd59b89c29f81d4b	1	0.278625
56b202ab16f0c307fdb9ee406c9f2d17	1	0.414472
84b95bbd74737c2490582430c54d5b33	1	0.347089
a2c4ead6b27d5d1767bddf56ab967478	1	0.318431
814c5ac22a8c2ec1ef6c1e5aa8d10d3c	1	0.384482
8d8cbb049aacff107cff4da761b86ac9	3	0.000101
fdfb502895094e3a0c4da5f6773cd1dc	1	0.290272
3c5e3170847c090d3485f18409bb7af5	1	0.157549
65824139cca6796a14e50506c5350efe	1	0.059003999999999994
32ca11f6348a7ca2628476ef7c9d3d51	1	0.14595
a24d5224aa271c8f88cc12f84f7a1269	1	0.046591
f22bdaf33f29e0060ae834b3b61e84e3	1	0.034343
eddc80834a0982c6105d0e5342c7b68c	1	0.034338
67ba82f0a8c3ae4f2e01cf8659c8b700	1	0.011271
78ee2d0a3599458fa0329c10cd4cbd7e	1	0.021708
4eb2e46543445e35588dac877e8900f6	1	0.14738099999999998
61df8b55ce1b914c8b014dc471a1751e	1	0.14738099999999998
5f7e85d470cee486926fc92a46244f31	1	0.14738099999999998
95c3b7f302e85ceb09d233ff544c44bc	1	0.0443
11c4ad84b3ab5e8e12557bf7ec505fd3	1	0.032677
3f911c9c0e903b50dfa8ef301bbd8ed5	1	0.046008
db674a6d7a98e99aa21b37ada014d62b	1	0.428378
6f1eb00376749775da4102c9e46f0536	1	0.44752
33ba7da39c2d0ffa1952414dfdcc5ebf	1	0.20892199999999997
f7fdb2b8e3251079a4d5d85a3e8c59f6	1	0.011078
63bbee07a2e6a2e32d747bc52be43fa5	1	0.011095
f1a993e167d74d8ed73d49464978935c	1	0.00015
66169569daad5d8c05c7705a9fb630ee	1	0.15775999999999998
5a959ca075a0da2249d7175d6ed29d00	1	0.15775999999999998
cbbc5fad7f2dbc2c01ebcf97090f1e1b	1	0.15775999999999998
2e4861711b28cff24d754f03645295f9	1	0.15775999999999998
200ab34e05881ddbd37f4122efe09178	1	0.15775999999999998
54791e1ef22eb9300b62aab809583480	1	0.035081
68fe3f640da5f288dc3a0b716a5b8642	1	0.02191
8850fd2313553573b1fdc3742acc7ecf	1	0.00015
2c8be6cea998f595e8afcefa4a20d7d8	1	0.128874
034fb12f8cc99e00c86a7cbc7c79f186	1	0.128874
2d456099df5e64e210c67c76bb5db8ef	1	0.128874
24423b27a16be57a01a26e36830dde95	1	0.128874
5b3eda6facd8528e2fa5104ff7cd8085	1	0.128874
32a374f265d07ccca491a3a8f9afe992	1	0.128874
121a88b9a67dbb887888164c76fa8114	1	0.629664
7f5795d9e354399ec1a24ee64da44358	1	1.1553309999999999
a6c937523f61ea40cbbbf0330d384438	1	0.898086
6afddeca73e19a08552d8f07518b2b33	1	0.502451
bf341c5fb5aa2e2bb819f6e6af8a82b9	1	0.48728
7d659af0fa9a765ff538498caaed5ed1	1	0.42702799999999996
16ddd737db5d6d6515acfd72e2796972	1	0.47957700000000003
f465086a2c9fc9d2da3185a5865e9783	1	0.331685
9137891381f9ab95d217c6174504ca31	1	0.335917
ecac7e847bafd72429e38c5b42cad22a	1	0.33621799999999996
8020ee9705e12b689320d4017c9725ce	1	0.309827
e2c9c53ec8fc50bbd6a896a8d5d098df	1	0.32506799999999997
c1e4a34a87b492abfa93ca104144f755	1	0.24413600000000002
9a70633c118ef72af5f88fbb288f24b2	1	0.44761000000000006
40cb92a91bf9c4d6df789d5d5e5c071b	1	0.319837
de9d938764fba45edf89dd5d9ec946cd	1	0.19056800000000002
2cea7ebfdd96a2914065f5e750fadf44	1	0.43399099999999996
f2f70cd478641764a3d8da87788ee950	1	0.376817
76521535b04aa16ca64313738471b2f0	1	0.179748
ddab69eeb004ae3a71dc9e9b325cfd03	1	0.179748
0f6597ba58e6294eb6586daddb2d1ecf	1	0.179748
62da84d170c647428641f19a5f5ead68	1	0.179748
612a414b72ba6f57953dcf993d920d91	1	0.179748
4a8565812940b031c200043231376427	1	0.179748
72937d3c0f4f311e587634a981bb3ea5	1	0.179748
3c5243af4129c9cf9b20db9f7e546298	1	0.35470799999999997
8f83792a364f9007ec6588dbb895d0e5	1	0.11888299999999999
94d6877b0ec461fe72e2d6639a29f736	1	0.152676
88b1423a7a50e9ee4fb3e9f3f7541a0e	1	0.20682199999999998
a3db81f2cb2a1cb433d7d95c40bd7d19	1	0.20682199999999998
35e6dc7c567bc7fdc86ee099c6c797af	1	0.10913099999999999
238358bf3f397c5f4b9f64cd6fbb48ab	1	0.069643
b3373e32df3caff0a6d72fd9847ed0a9	1	0.325346
3f919ec692876459b1905a0a890d98ee	1	0.42226499999999995
00999d5496c0852dcc46bce48ca5a30d	1	0.392435
54d287ffe73ce77a297022033ca188e2	1	0.387246
a5e18e1c6b2e0ad104db1caa2d188c5a	1	0.467685
4daa1d044626c6adc7d0e62c69b4501e	1	0.482121
fe7554948c5738a2ee1deaadd68bc6a6	1	0.21533899999999997
6b59da0fa214769904074560dbe813a1	1	0.358956
a365e6634d189cec5ec5a5fc433803c3	2	0.011456000000000001
28b03d2777733945c837838bf044cc39	1	0.20023
4fe891df32b2aec03f486f50d5509916	1	0.200074
4730d29ad0022f895e53db98cf4aeba1	1	0.179929
3d51a65dfb812438adf09c79b9ed6087	1	0.18178699999999998
d09a1faa0680cb6ba092e5e0a9ce453a	1	0.33884000000000003
fb1ab8e72e7f7e25e46961b3ea6a2a28	1	0.022944
24c3cf9135bceb07162e71e44991fcfc	1	0.000101
f8221a6e5264210528d65a0e8252d586	1	0.113168
4c5f78eeb142aa1abe9d6ad2be30f1ae	2	0.00015
dc2195a898918a1c662787116241b4d9	1	0.000101
d6f91ba0670d7a172d025753f13e09cf	1	0.129901
b9aa8465ad32ffca2382e4635b165244	1	0.092017
c13bf670f70e8730f726a0cdfd1574eb	1	0.00015
502a373442ecf1003bc1ee1d3753ad73	1	0.076887
144ccb121f7913ccbf3aad803edb2675	1	0.00015
91f9569e6386a818608bf46a80092acc	1	0.045951
d8cda527e29f11e9e7dc3ba848c7a41a	1	0.00015
cc72dcd90512c4a3c98e1da553c6e9a5	1	0.068455
f66170d5b8905c4eeed54f3a15b2e8ce	1	0.011288
58d9969052beb331c5defdf5bc8deae7	1	0.00015
5145210c80da339c603737e58cb30b0f	1	0.035336
8e66dfb382fd20d6fd5b1a9dad202758	1	0.064014
f9ba8ffe34d8c3a004237e4a3a68aadd	1	0.00015
07c751b40f6095726ec5899b0b6463e6	1	0.011205
f17d0dd17f3c9133c927bf4d58faaf28	1	0.068757
8617e996e9cd42429860827450b2d157	1	0.046113999999999995
fca3fce491a4ef04bc3012e9d784d1ad	1	0.00015
8142c00fae3be7f944f940e1414cbf7d	1	0.058088
9234fdaa2b07ddbb9f071972e68fc5b1	1	0.048992
2f6b5837a66f9267dda2135ad18f6b63	2	0.000101
4061882717c9a0dc3a2dd485e52c10f0	1	0.059780999999999994
4d37284c6d87996c8ec6c625d742721a	1	0.034219
1708759dc2e63b59d890d20d31c06608	1	0.000101
6bdd246b9f698e4015d7f9d2edcb1a27	1	0.044964
5edf38c25be373edeec8a4e77d541c6f	1	0.022777000000000002
3236942e96e45744336bb6d262fccd07	1	0.05860599999999999
e87f0719d88ca8ea5cec1d0c3f341013	1	0.034565
3305d3d51437ae7131861b72562861a6	1	0.069109
a963639426f1c1bc27463fb1b7b67190	1	0.085522
4de2c6e7f2c1d4c32d0f17d40dba22ce	1	0.16581700000000002
ba2c429e135cbec247ad731cce1e916a	1	0.13830599999999998
e58f2243cd57f48f170b915f9b191617	1	0.14743599999999998
789f2df07988333d2215ae613ec8c41e	1	0.111999
93a64498a34187d2b32748eae902738e	1	0.00015
6b2dc2f980d69a0292f2aa0f069425d7	1	0.473803
82b1079e1ab6d061c05e33d736200a48	1	0.409112
4b8da07c6219af4cfbe66864aa0d0f30	1	0.135312
9bfb5c95d205f0e815d5fdbfb8962af0	1	0.359475
97571a9a7f1b16f1f5f803af78875360	1	0.30996599999999996
78bcacd802c8956a7959ff89cb49ae61	1	0.32600100000000004
8747682df80164ff0fa4bf6ef8d928ea	1	0.523231
e39e099d53ae4eef6cdff8529636d295	1	0.366055
ee93889d3d7a4dbdae676b7ae4f0d2af	1	0.433787
d5383f2754c838836ea640717b06c74c	1	0.45656899999999995
d383cc087c0ab4ed918fdc9bca29124d	1	0.484839
81c3b4d159825b9300e8ddb1ef5b3388	1	0.409505
f190e0a677e067171f4ff5b10036fcd9	1	0.22804899999999997
001e13f4e70f899fabd28ea97ce16470	1	0.539234
b7c7d01a4321cc38f25d461f7d0b6404	1	0.304278
73839a19409b82f97db23b1bc16bf8ef	1	0.204877
ae12274bd1c1c0a71a73d5761aa9bc4e	1	0.360292
0ca63f81f0eb3036bd1623299db893d5	1	0.234496
2b832cd3652155148fae4e3a1080b572	1	0.363193
e2bbcb09c1ab19ddb3be9d57624fa1f1	1	0.280704
9b6f8e04cf223dc00ef79398a46c9aa1	1	0.284938
26df2af7394f44ce203607d48860e5fb	1	0.422576
586b1a58697763fdfff36afadb36d598	1	0.420088
772feeb076ad971cfdf8e4279c591fb1	1	0.360998
86b1453ea8848aa97daf8cf4d5a2adc5	1	0.284518
1ef49376b6ae51c578a9a75b5c17bf43	1	0.23444600000000002
51f104dfc19fd700f25f7fa8ce16dd28	1	0.287025
e7297c91f607efc76ab9c677108bc0ad	1	0.45151199999999997
450cb3d2e04b4c92164fd19f0cf76c72	1	0.41768999999999995
f1ffb3a02b81ffd0752d4b649969975c	1	0.48058999999999996
20fd36f7fe4bb45bdd08bcacadee8047	1	0.390727
abd5601f89453d7254d2addc1a46684f	1	0.251824
d086b73c27b2d41aa52206cfde60eb54	1	0.21796999999999997
cbc6854983bbd6bed86d9b6f2fba685b	1	0.127342
fe74b457f9344842a9fb0d3f82662f82	1	0.00015
dce651789471074295835bc29439f809	1	0.68683
4fded9f6205bc07576558113dba9c078	2	0.33776799999999996
3810842fdcbff845709345724b71647c	1	0.217577
c5b30cc941dd6bed15ac180626a945f8	1	0.00015
25e996cdb4eb0ed2702f55331881c373	1	0.666523
f0ef28be275a0167ab4c9b2c79240827	1	0.311481
939d0490bb8073c3779a9a53af9a3295	1	0.698292
cd90ba065a08f34a33acad2c1ea34397	1	0.6446890000000001
d84e5827e43b6e739bea264ac48bbb1a	1	0.537615
4e2e8293530f4a19cdf435cafa90e756	2	0.349934
c2009ca15b0f1926e457d57ff236e964	2	0.3502
09ae30aedd9d174bd10783d076732420	2	0.557804
a2fde72b80049fadeab06a7d275b5e85	2	0.358158
4cc2c92b481f96339ff369e7e5973981	2	0.340262
f97cb34ad398d706962eaee2af48de1e	2	0.418241
304506938a80496beaa3719fe2824594	2	0.631498
ecfa63cf1508820d25aa58e11050966e	1	0.546473
6aef7f53e0fd0953676dbac1ae090195	1	0.611929
4af2859d561386e99b5bd269cfe07e71	1	0.292792
027998e8c48bb40984f7daf07632b9d8	1	0.152354
cb21463f0d6207a710ac42dccec994a8	1	0.235902
c1fde99d567668a34628fa424d9540d8	1	0.011209
ad54ba322a9d370eb0240804b85232b0	1	0.310017
157f1a7007538b712273db3466d5687c	1	0.310017
f0164941b03c861e9b6313292155c943	1	0.515159
80109c0ad0f7121173c8265c5bf6a38a	1	0.446409
3a6a8b57c7a64a5c91396c81fb941a95	1	0.556246
34c47900eb91ff9cf0f8f78cf8852b79	2	0.046885
e459cc80d431b0f8e091a0ea4f2ab833	1	0.39366599999999996
9bb6c3acd1ccc7c6ca8457981825b24a	1	0.41223000000000004
533b69c3e951dec1a007aa60b72a6922	1	0.574178
0444add198ce4f2058226212bfa27a4e	1	0.361951
01051ff0e4abb6d827249c700c377a2a	1	0.605441
382fc51eefb5cc2b988dc68711fcdc71	1	0.6234810000000001
250e1fbe47fa50442e6dddf644ff5df1	1	0.5506850000000001
6940d5e9ea22770eaa71276f3ac4102a	1	0.37394499999999997
7ec51554f68cf7100596b6455c6bd2d1	1	0.316186
161033e9e265ea3dde9785e77dd95772	1	0.0332
af39edf7846b7c19cee621f2da58970d	1	0.417279
704f7168880595dcfa23a4e7c0a1a5d3	1	0.49314600000000003
e2a315c8ac1ab97ea70adedf2beaad9d	1	0.423012
7b54e2b3a282524bce8647ead9469267	1	0.42161099999999996
2b1fbfe6c27ee4b3a8e221658219737b	1	0.480099
740b6a959d132a660ce6c23062e742dd	1	0.297754
b7f9dcb4db7ba68a7b68db71c5dacb19	1	0.297754
7b4beda01d4af5cbc6365fcd3559b5b5	1	0.176266
41d3198eaae41ff96833818cd82f6f62	1	0.075056
d9e05966183c97d6875ef00f360311e1	1	0.21358200000000002
b3fe0eb33b865e76f5d045562ff8160c	1	0.01864
57f78437d5098a86d6c82d4523957f7b	1	0.29298
ca50ec24cba8c1c94cb489dd513dad4a	1	0.268984
05980094dfd967f16a613e0f0fc23612	1	0.16401500000000002
cc42fa5e5c99ba120c3037b203e8e52c	1	0.023395
840210c279b29a55a12b614e7730c371	1	0.023448
e27a5d8d7c640ae0c43e579990385bb7	1	0.10244600000000001
da4127ee3cf93ce91b3ceb8cd62dbcf0	1	0.081367
fdbd90c4142efa77088dcc9d0c2cc2e8	2	0.08150299999999999
020fc1756889734436abb2ca4707283f	2	0.046285
324c019500236304a38fdff8c58a9d11	2	0.116252
e5c32e343f2c52e378fea1289171841f	2	0.011984999999999999
f5211803d8f0bca8277e989170d15b84	1	0.053759
299bd554b23819655fb112a70f5e06c9	1	0.025403
5a044862112e9a4c8ea2983c65f26b80	2	0.000101
85d106aeb2f6956d0d1ec8001d232f0d	2	0.205211
0efdcdad3b42f822bbc447fc4aeb772c	2	0.098758
825bfc6690a173045a7f228f649afeba	1	0.23451799999999998
1e566b682d5689fedc4b3ad7096f9180	1	0.23451799999999998
1120217eec318250b7cac448d56a2bd7	1	0.23451799999999998
073483bd975749de78116880c78df6c2	1	0.23451799999999998
4364e886a1816dc1d3256068b2156199	1	0.211529
23c0324128443549170afc380d2f34b9	1	0.10971600000000001
2840fdaf1fc1402b4118d328c00b31a4	1	0.13608199999999998
1a4d87a9e4056eca4aeabc19fa8ab418	1	0.204147
9dc57272662be5bdd6c31533b1eed4ea	1	0.204147
c5f26f57f0873cec0181beac8773366b	1	0.204147
f962721046a056da8160fbcda9c88d68	1	0.204147
368c9eaf89cd2d6baf0f036bf9a91ba5	1	0.204147
f721da32a5e7d26fa3748e46f36f1284	1	0.11562599999999999
b3829b6c4717e020592c78f53448e84c	1	0.127224
76d9f67fea5cf3b4e49e716c7e58882f	1	0.10875599999999999
961ef36095f7615cc8115b2a316b52a7	1	0.11963399999999999
6b80f77a7c5097de346cb9c968e5ebda	1	0.074735
b1253e32e08a308ea6579b82b74e0e44	1	0.071977
168b0142cdd4ee62cff88a9757b93a89	1	0.077265
84168aaca0038fa687ab5afa0e32f2f1	1	0.056834
c5c54bac840e795e20cbf65d255127f9	1	0.013262999999999999
24f5451cf02a42104318c4f21df0d4be	1	0.111371
302dfbc259f356a5fba16b5e8d749748	1	0.08857999999999999
4de03c4080956db6550e45cad16dd303	1	0.087713
fa969bc7808a3e6e8970db0ef3c67334	1	0.164702
28a02e78ffa77c654e382aa8a38f83c4	1	0.11256400000000001
54c68e128e7a657645af7f4e268e1d6e	5	0.022061
ea9f12e5c66a88499f0ac3c7c7eeaac6	5	0.086758
b50bf33d57fe7dec5a0d38e0cf8e0c41	1	0.065943
af5e07bea6319d7351933bb37e092a67	1	0.135519
c51c5866040cb822f1c779cdc6a80238	1	0.096698
e43f6cf99c5004141fb2d768ce2de24c	1	0.12222100000000001
2f5895fc9eff4e3f55751ead9524c2eb	1	0.297504
ff86225e569e9c9fa68bb475409be613	1	0.177122
9440d90deecee324ffcd27a6bbd79297	1	0.6100260000000001
de7694bd297f1778b6f104ef97ecca40	1	0.337561
06ea537d56ef70d8f6a64d4d439107c2	1	0.144373
eb89b9e9e9e8f5b2c3827b9d3ee5b151	1	0.17214100000000002
0f1aa32029d51f10e31bf4311b9b812d	1	0.108822
af55d75cc47f8d8bd388bdddc1e2c119	1	0.23012399999999997
76de3766597942db6c78170307180b12	2	0.203469
9208222256f49f34fed50eb1667eab23	2	0.208959
b085e79bfcb4b67abd23ed4c8d7197c2	2	0.255291
01c67ee33c94fb67687bdee343a247d8	2	0.319262
a9d889b35566068125b29c56a917d9c6	2	0.26514
183f98475003c3d9299ab61583bbbbed	2	0.24201399999999998
11d1acf9c15babd1e2aa89a67fbc1ccf	2	0.14372200000000002
148663c7ccc520faa6fe7d150ac389da	2	0.14334000000000002
9839db597940d290f02fdd707ecf6f6b	2	0.118459
75631dc9f3cdfd4736731116bb1416ee	2	0.20464300000000002
9363dcd525e5aad1cf64df835968e8b8	2	0.432554
033516089a4703a79d42ee823c1eb4e8	2	0.188856
8012f7939543af6cfb8201a0b68f036a	2	0.421418
a53f7e8bb5abec05bb008a8757a52ae1	2	0.360977
373f1d800aa5f70ce21c741a23bb29eb	1	0.326489
b32fc657a158abf94c6678d5215bfa5e	1	0.333465
aa5f8e658a75e27c070435e4a4076a3a	1	0.370749
e0a417405824801625bc3df5b1682463	1	0.445284
a6a3c4b468394733fb8b63d936fe5979	1	0.54667
e8c7cac9c91658168167dbafc03ee97a	1	0.413587
aa32739db0eda02027921f09d7369685	1	0.46488999999999997
cd3b083a120071c0bed46c8a1e169207	1	0.434433
67831d2cc040b8f7a249ccd1ca853ac9	1	0.448133
973e1182a5561a06c4cf2b5dad6602d8	1	0.231897
56f07ed5d25dbbd5ef072aefb99d9809	1	0.5679890000000001
0b696d142d9ffad29bad32f4d4601975	1	0.5482
442218e131dc33d8d99104d9a1882970	1	0.29046900000000003
f99a2751238b76290034d0eed64f14a1	1	0.386482
cb8598ce4a10634a19c09f6857fb26b2	1	0.291002
e8ec035c84100528c1c4023050ff65d5	1	0.37064600000000003
14ce04ae839065886d4edfe67af23f2e	1	0.306198
089d882b386b753483adbc5108f1a555	1	0.556936
6ec04333882908e85236bd7caa0a8335	1	0.255794
98569af6b7b220133f2a869c351d7da4	1	0.341885
6ac4306f77d2984e7069084dd80ac2d2	1	0.579681
0685b67b1255bd7e910f537529263440	1	0.283951
bc66455efff25b6b254822e852e6b274	1	0.461825
1c0f40b184cda94b5167ed963b5b0cb2	1	0.26903299999999997
86cbff709d9c27c084c9ecee2e5a4594	1	0.325113
da649069ea0f9833574f65e79213cbd5	1	0.252311
98a3819503b21bc6c94e05f2fe382502	1	0.284283
b69be67f8a5ffdd99074e20702ef8bfc	1	0.217428
ead73e91d97683ae03d37fb592e43675	1	0.451013
c58c63227a2d982f65267fa716598ef6	1	0.250702
b8acaa0a8aa71f3313c01432f0455a5e	1	0.285046
2632cadf45ac48eeb049b8c05cc59396	1	0.26719699999999996
fa8cbdc75b15eba8243c3f42966d411a	1	0.28281999999999996
22dadc99d3bae81910dc3000bb845850	1	0.19256900000000002
6185a14ca6077ae4a3df4ba537930735	1	0.428623
a6078458197bcaba05712ff95f90831d	1	0.32314699999999996
ece0bb4294e3c3174c77f2e8ab609bca	1	0.30741599999999997
c46b0035cb7488b5bfc4de7401bba5ef	1	0.315204
85db6085e446ce25ec1ed841c34fdfcd	1	0.29836599999999996
1a87329136b37dd66bf78f24eb6715c2	1	0.290389
29d5edcf924296c3a8e730cb26aac75f	1	0.392673
3c07c5615be8ae3da67cd5fc30af3129	1	0.169078
8a6573812dd4ae9295de90e024f1f266	1	0.16761900000000002
16463af817e4891e9f138aae029d38c7	1	0.143349
e5be7666e8f6f8edd8e0d63825357da5	1	0.15723499999999999
4580d3cae324b84e5484cad52fb5cad2	1	0.163467
d91d435c52b21dbdbaed11798d318389	1	0.596384
34f621ea6754872dcfe6eb03f90aa70d	1	0.704697
992c5fc2a63b062f832bd73e327f2ad6	1	0.79773
d6c9308dda01641be1ee80d0a3ab8020	1	0.344808
49afe6c37cc461e974bcc27921effd33	1	0.4019
79a452e06754f517de9543f191685b05	1	0.42195699999999997
7f8fd00c48d4a9951932bdea8b02cf12	1	0.331957
196566c9be4e13f1cd237798b29bbe19	1	0.086953
683cdc3b4cf360bc114fd86222344b27	1	0.142285
7536dc1fa8037c85eff0301a91f7ddb2	1	0.10504400000000001
cad3392b22eb5ceef06768969df33aba	1	0.078799
2be486aa6917a30f7462e3e08af9d636	1	0.45864399999999994
235b4570620371bed7b9170d48ef9f17	1	0.490834
2292c06a09b65477a88490405d2005e7	1	0.45880699999999996
857920e1f6fc67ecfe454c8909d058b0	1	0.479959
62d17978379dd81f656f7a15d8bf1b0f	1	0.45515100000000003
6a1364e6cbd3362e807010fa68d0e8db	1	0.479771
1a48b02d0e73cbb5a15770ad0cac4ae6	1	0.433729
969ffa09c2d331f6ae53764e39f2b088	1	0.444741
2216e6561eef2d69bebc193cac69a303	1	0.445464
424e875deb48e50cf2f93a393d70cea1	1	0.41309799999999997
7d35230f458698a7849af9ad37fe8ed4	1	0.400088
05af7695559c8d654e00c48269d40a47	1	0.41717600000000005
389ee70f0ae584cd0855532fbee71602	1	0.435254
8ef2f4860693924c0623b69e2c57bf5b	1	0.48813999999999996
7c0a21c695e94abbb2e67c7ab521d748	1	0.46698199999999995
30d9218c0f8964422dd5adbdef3491b6	1	0.46386099999999997
214c01e9224aa15fcbb1f66e137223a7	1	0.480163
3c89a0f75e247683b6073c078dbc89e4	1	0.41363500000000003
d85d1f863c925284a5a1da8b581c8832	1	0.43161499999999997
8fb89661800388f35fa7679b4329d6ac	1	0.202075
7712a5be8bcaa2b232c0b7bc47657029	1	0.433712
e5ddc28e08dca4c8305fc0005a7e40b2	1	0.45421999999999996
a12cc41a4d49a8c42f67ea17e36d89e2	1	0.46380600000000005
879d9f96486ac030827155f2e19010fd	1	0.46484899999999996
4994fd37558aeba8228e74043c9ad877	1	0.433827
5a0e8aca4b0b48d5c75536866d007b3c	1	0.148529
7e93d04c5046bdf44881bb8f70cc81ab	1	0.448171
3333bacb3680bc4edec204d14a21f8e3	1	0.495555
3d94f90d8a0b1603cac8cc8646b069c5	1	0.151225
424c03bee359e6c3be8073893f1867a3	1	0.13686900000000002
6ec8901d95034633e8c362767ad60d2a	1	0.133709
0d1be95262c48403c6c3dcba86dc61e5	1	0.069302
3721e4ac4c96e0b6c68b21f2aa3a5988	1	0.092348
6f6bf7223ed05be504a2e0386419367d	1	0.021678
a7d7ee703820ed8ad72810735be07b3b	1	0.010773
23424860db662e57da5f98109cb5f2ae	1	0.032754000000000005
8752de5c0df22b36629d7a225dc38d71	1	0.498802
644130cd78d52981cffaa492ce372c8e	1	1.165661
fb9e13706d4aa7f1515c146f0777f521	1	1.102817
476893cbcd32ac27ed5eea7fbc24b639	1	0.9656459999999999
22327d05cd2bbf273f2f253c91c381d6	1	0.965867
a0e18296ce4c40da6d57b8cffb307d8b	1	1.017986
55e0773284bdd9dd5a5951282cefca3e	1	0.282846
1dcb917ff4a5ccde47ad27267a6d7076	1	1.1965780000000001
d366a5a24ef4e0d561e7c2f82c1eed39	1	1.186387
94600c13a21054769c5c539ba06d1fd6	1	1.336633
52006baf405936d89aeb66b71e4d4128	1	1.176424
885bc1b09608b147f7ad2797385f311b	1	0.316542
0bdb9b6addce7ed524973b75c1a37803	1	0.058026999999999995
51b5ed1e52061ce1d16ea9f266a6a1db	1	0.011393
16180d8916895b315f261d4a721dc59a	1	0.9475620000000001
74e68de5903c75b11dfa0ce9ccd07678	1	1.096511
28fe23b1900e83441849e86d0648e679	1	1.021578
b44def23c8795b83b6bd76265158f471	1	1.00766
3ef71a5f95a1a59c0df1d30a479abd7f	1	1.022326
269eae8ac3127967a647cfbc2f6709fd	1	0.8430629999999999
91d0f625bb402d991cecb581809c1cac	1	0.831692
f2fdd571374ba38a3c99dfd9f1a830ab	1	1.256585
ea6d6873929f4e505e0d9724ea44e391	1	0.943573
7da5849ca05b026171a1a326053193c6	1	0.362349
dca986e48b7cdb69b51e6cfffda4b988	1	0.362349
4af2044421a88a4e12e9a42b896f851d	1	1.0871899999999999
8c067ae6d8bae5c7dea0f9d9971059af	2	0.744449
424240ef3fb8c8480944269c5f2f3d28	2	0.513305
2b9019a24c5770406ed713460475c006	2	0.534287
a2405a335caa276c5e5a99d75f0b60de	2	0.7575
a5c572c84e50194453f17944f30a1d3c	2	0.570608
ab0740b7509ade12987ed27696e8822d	2	0.352616
ba6ec65536eae40c9993e3fd9a08e1ff	2	0.352616
cf85e869f22a3c1e1a1545014c16849d	2	0.23591399999999998
610a8ea964ccd9a6c6eeabb23fa2c350	2	0.199006
f3b5d2663727fd29fea53561d01c41b0	2	0.066037
c62e5250076990a324aa4c179afb1907	2	0.07295800000000001
59f37d3b18dbf3944b027e9f20968db3	2	0.044367000000000004
7265c8c73cf789db4412db9f38c41203	2	0.041707999999999995
505177d575a210d748d6f421521f61f8	2	0.039179000000000005
8320ac45e179e9c87381c237d2fb7f4d	2	0.581248
22a0bd23d776d887f59bebe01cca467b	2	0.657539
e7cd87ff1ed5a0b7de2375801b369fed	2	0.658799
92e9e1360e0a870b189f17701d7c08a6	2	0.5216069999999999
4bfe89587b28ddda26cdb38b7d95c20d	2	0.6247189999999999
6178f8398e011a3c6917a15d4ecfaed1	2	0.6503720000000001
e5c6015cf27e4afde47fc5a1874c66d1	1	0.256483
6cfc0e7743f13bf0bd4c07c368040383	1	0.253974
4fc413fae8ae6247f89669cbf63b3ef1	1	0.259289
fc3edfa0f4d56b2c4f13c5a050e23206	1	0.257849
d7f674be54552f713f776b0e07778d4e	1	0.274074
b4034dfe6cb36ee29234861e685cc1e0	1	0.244211
9bcab3512c58fde4dcd2db87110b5812	1	0.271185
26570981221c47da2fd1c4a348011724	1	0.269419
d52eba282347defcb2841376fc2a3268	1	0.272597
8c75d69fc30d0a8991ae2f76f1c29edb	1	0.270776
6f855a7b1f476f54b4b4d872b48bd311	1	0.271037
67894b7ac05220c3fd891095764ac429	1	0.422966
2659951975848a16964f13c61a7b5a4d	1	0.34836500000000004
ada2234ac58fde303d646240f96066de	1	0.338955
f80a08f408d91e9bc0179d819ead13ec	1	0.072267
823cfb1d83961d4ea23962801a68a853	1	0.066238
b2ff4ea0d673db4f06d2d40e987350e3	1	0.07287300000000001
3d6d88a469b84c14da5cb0e02a14e63c	1	0.277461
1a450841e7d5104611f1e18aa0ab0320	1	0.125893
d8651152fa73456560b198780e1b99ae	1	0.135905
0c9a02fd2091b1766315a9e92bbfa658	1	0.794886
78230cb731a42eb7534f8aa2aa9383f3	1	0.816974
c4498aab331f83dc98851e2cfaf1fd22	1	0.8334879999999999
83d8a56c975eb8cdf94baa8fc5264f2f	1	0.869518
bd190f3388f5bf1108f9feb3abba9a39	1	0.35892199999999996
49970c28b4abdfad3cf7ce307c3c5211	1	0.359498
7cc74da2808c9d3514cc0780756a78dd	1	0.698121
b04e241362f4555f2dc7cf3538e92e0f	1	0.776626
1de3d7721de28fe033350d5bc374b56b	1	0.092302
9976d23b5342daa758788a20e7ed6cd7	1	0.057888999999999996
3b8b18e4bdc9e11a22666d953c6f38fa	1	0.069689
511b4d3b906198e510c58d310e3463dd	1	0.045924
221eb4cd5377428581c6735ab01e8732	1	0.057372
ee1788ab6ff771125ce5f333be3d5aca	1	0.578905
23a087c04c4dcdb2037712a2d8b270c2	1	0.41258900000000004
f640d120d83e7f728a645dfec855f20f	1	0.42787
26702dc74bdda27df8abd5ed55462b8a	1	0.186788
42f3f6682b4bbf45facd966d2df1dcce	1	0.186788
9fa6538c479c1c2f1bb96e722d402d62	1	0.5103
de225f265192c679f86afc2ad2f2940b	1	0.542295
668718f5fb65007c3c2586921ca5e8ad	1	0.544497
bf6320be584a4be31e5a171c2bb177fb	1	0.420467
7d8d5a6b6c6d9ab49cf378fe31e4aa4b	1	0.440363
db6f1db2d42293e667585fb67d7f2ad9	1	0.058846
e3d4297ccc6920eccb7caf93078f85da	1	0.404656
2cc622d85e5860299e452fc8230d7070	1	0.117149
fcb6176f94f2cd57984d9acbd1703a49	1	0.059337
5407241db8df8c17c743c861e03b3a54	1	0.045574
eabd3311c3de211a655b065f43d296ae	1	0.302503
cb811866360fcef87065bc73cce6f08a	1	0.277629
0f5f6e251f2dfefaad18527efdf64361	1	0.00015
3d0817935f46ec61e5c33bf08e83eccf	1	1.329595
ac7a6bd129382fe903e84ebce3bb5da6	1	0.51256
1a8a836063a7d62bb52a9cca65676dfe	1	0.291085
8147858354da9d65e5324ee7d530fb49	1	0.291085
8985b0057a763899634ec78bfb19c931	1	0.022308
54dc2ca47bfbab13c76077d83f9d593b	1	0.529457
118243d437ebb7e762ba9286597796bd	1	0.304606
041c6f603856a513b38580db1c5e1fb7	1	0.447496
085b1c796ca347ae219c2c59333cab53	1	0.512633
ad39e60dd027742b943e042c2ed9319c	1	0.6804279999999999
14a8085951dbdaf6f3ba262b6d655efa	1	0.686624
5a56a9a6ef82d171b256f3901c290e43	1	0.42392399999999997
dabe110d0d0bc30ee96193fcf319dad8	1	0.736278
09ecba7b212bb7f27108beea572f8bb8	1	1.2573459999999999
2cfb50f96759d19a842a0a7044b5c3e6	1	0.259538
3166c8dc9d401f144aa48e64663c6a9e	1	0.259538
dcbcf80a70b47ee63fb2b0b4557bc105	1	0.11374100000000001
60bf24db70d3a85fc812980f949d932b	1	0.553167
1da3a186953eb7cc88e76e0e28ba7fae	1	0.058362
b75a2e7939d6897eabe312dfa51648e5	1	0.282166
bfb88559944dfcea9bd499d61a95da17	1	0.28075300000000003
