pathway	Agabi_varbisH97_2	Acain1	Aciri1_iso	Acrchr1	Amore1	Armcep1	Armosto1	Artbe1	Arxad1	Ascim1	Ascsa1	Aspacu1	Aspbom1	Aspca3	Aspcam1	Aspcl1	Aspeuc1	Asphet1	Aspnov1	Aspoch1	Aspor1	Aspscl1	Aspste1	Aspte1	Aspuda1	Bauco1	Bjead1_1	Blade1	Botbo1	Botdo1_1	Cadsp1	Canalb1	Canca1	Capep1	Capse1	Catan2	Cenge3	Cersu1	Clafu1	Clalu1_2	Clasph1	CocheC4_1	CocheC5_3	Cocim1	Cocsa1	Coere1	Colch1	Colfi1	Colgr1	Color1	Colorb1	Colsi1	Colto1	Corca1	Cryne_JEC21_1	DimcrSC1	Dotse1	EndpusZ1	Erynec1	Eutla1	Fibra1	Fomme1	Fonmo1	Fonnu1	Fusfu1	Fusgr1	Galma1	Gansp1	Glalo1	Glost2	Grocl1	Hanpo2	Hanva1_1	Hebcy2	Hetan2	Hisca1	HypCI4A_1	HypEC38_3	Hyspu1_1	Kazaf1	Kocim1	Kurca1	Linpe1	Lipst1_1	Malgl1	Malsy1_1	Marbr1	Meimi1	Metbi1	Metbi_SCcomb	Micca1	Micld1	Mixos1	Monha1	Mycfi2	Mycgr3	Nakdel1	Neodi1	Neofi1	Neoirr1	Neopa1	Neucr2	Oidma1	Ophnu1	Parbr1	Penant1	Pench1	Pencop1	Pendig1	Penfla1	Pengri1	Penita1	Pennal1	Penox1	Penpol1	Pensol1	Penste1	Pensub1	Phaal1	Phaca1	Phisc1	Phlcen1	Phlrad1	Pirfi3	PleosPC15_2	Pneji1	Pocchl1	Podan3	PosplRSB12_1	Prola1	Psehu1	Pseudest1	Psiser1	Pucst1	Pucst_PST78_1	Punst1	Pycci1	Pyrco1	Pyrtt1	Rhihy1	Rhiir2_1	RhiirA4	RhiirA5	Rhiso1	Rhoto_IFO0559_1	Rhyru1_1	Rozal_SC1	Sacce1	Schoc1	Schpo1	Sclsc1	Sepmu1	Seppo1	SerlaS7_9_2	Settu3	Spapa3	Spipu1	Spore1	Spoth2	Suilu4	Talma1_2	Tapde1_1	Terbo2	Thasp1	Thite2	Torde1	Trave1	Treen1	Treme1	Trias2479	Triat2	Trire2	TriviGv29_8_2	Triver1	Tubma1	Tubme1v2	Uncre1	Ustvir1	Venpi1	Veral1	Verda1	Zygro1	Zymar1	Aspfu1-cluster	Aspni7-cluster	Blugr2-cluster	Lodelo1-cluster	Rhoto_IFO0880_2-cluster	Tubae1-cluster	YarliYB420-cluster
ANAGLYCOLYSIS-PWY	0.0	1.0588	1.125	0.0	1.125	0.0	0.0	1.125	1.0588	1.0588	1.1489	1.1489	0.0	1.1489	1.125	1.1613	1.1489	1.125	1.1868	1.1489	1.2558	1.1613	1.2273	1.1489	0.0	1.0588	1.08	1.125	1.0588	1.08	1.125	0.0	1.0	0.0	0.0	0.0	1.1489	1.0588	1.2	1.1489	0.0	1.0588	1.0	1.1489	1.0588	1.0588	0.0	1.25	1.1739	0.0	0.0	0.0	0.0	1.0588	1.3846	0.0	1.0588	0.0	0.0	1.0588	1.0588	1.125	0.0	0.0	1.0588	1.0588	1.2273	1.0588	1.1489	1.125	1.1489	1.0588	1.0588	1.2273	1.2273	0.0	1.0588	1.0588	1.2	1.4595	0.0	0.0	1.3846	1.08	0.0	0.0	0.0	1.125	1.0588	1.125	1.125	0.0	0.0	1.0	1.0588	0.0	0.0	0.0	1.1739	0.0	1.0588	1.4211	1.2273	0.0	0.0	0.0	1.1489	0.0	0.0	0.0	0.0	0.0	0.0	1.1613	0.0	0.0	0.0	0.0	1.0588	1.0	1.2	0.0	0.0	1.5211	1.125	0.0	0.0	0.0	1.0	0.0	1.0588	0.0	0.0	1.0588	0.0	1.0976	0.0	1.0588	1.0588	0.0	0.0	1.08	1.08	1.0	1.0588	0.0	0.0	1.7308	0.0	0.0	1.0588	1.0588	1.0588	1.08	0.0	1.0588	0.0	1.0588	0.0	0.0	1.1688	0.0	1.125	0.0	1.1489	1.0588	1.0	0.0	1.0	0.0	1.125	0.0	1.125	1.125	1.2	0.0	1.2273	0.0	0.0	1.125	1.1489	1.0588	1.0	1.1739	1.1489	0.0	0.0	1.125	0.0	0.0
ARGSYNBSUB-PWY	0.0	0.0	0.0	0.0	0.0	0.0	0.0	0.0	0.0	0.0	0.0	0.0	0.0	0.0	0.0	0.0	0.0	0.0	0.0	0.0	0.0	0.0	0.0	0.0	0.0	0.0	0.0	0.0	0.0	0.0	0.0	0.0	0.0	0.0	0.0	0.0	0.0	0.0	0.0	0.0	0.0	0.0	0.0	0.0	0.0	0.0	0.0	1.2195	0.0	0.0	0.0	0.0	0.0	0.0	0.0	0.0	0.0	0.0	0.0	0.0	0.0	0.0	0.0	0.0	0.0	0.0	0.0	0.0	0.0	0.0	0.0	0.0	0.0	0.0	0.0	0.0	0.0	0.0	0.0	0.0	0.0	0.0	0.0	0.0	0.0	0.0	0.0	0.0	0.0	0.0	0.0	0.0	0.0	0.0	0.0	0.0	0.0	0.0	0.0	0.0	0.0	0.0	0.0	0.0	0.0	0.0	0.0	0.0	0.0	0.0	0.0	0.0	0.0	0.0	0.0	0.0	0.0	0.0	0.0	0.0	0.0	0.0	0.0	0.0	0.0	0.0	0.0	0.0	0.0	0.0	0.0	0.0	0.0	0.0	0.0	0.0	0.0	0.0	0.0	0.0	0.0	0.0	0.0	0.0	0.0	0.0	0.0	0.0	0.0	0.0	0.0	0.0	0.0	0.0	0.0	0.0	0.0	0.0	0.0	0.0	0.0	0.0	0.0	0.0	0.0	0.0	0.0	0.0	0.0	0.0	0.0	0.0	0.0	0.0	0.0	0.0	0.0	0.0	0.0	0.0	0.0	0.0	0.0	0.0	0.0	0.0	0.0	0.0	0.0	0.0
FASYN-INITIAL-PWY	0.0	0.0	0.0	0.0	0.0	0.0	0.0	0.0	0.0	0.0	0.0	0.0	0.0	0.0	0.0	0.0	0.0	0.0	0.0	0.0	0.0	0.0	0.0	0.0	0.0	0.0	0.0	0.0	0.0	0.0	0.0	0.0	0.0	0.0	0.0	0.0	0.0	0.0	0.0	0.0	0.0	0.0	0.0	0.0	0.0	0.0	0.0	1.8519	0.0	0.0	0.0	0.0	0.0	0.0	0.0	0.0	0.0	0.0	0.0	0.0	0.0	0.0	0.0	0.0	0.0	0.0	0.0	0.0	0.0	0.0	0.0	0.0	0.0	0.0	0.0	0.0	0.0	0.0	0.0	0.0	0.0	0.0	0.0	0.0	0.0	0.0	0.0	0.0	0.0	0.0	0.0	0.0	0.0	0.0	0.0	0.0	0.0	0.0	0.0	0.0	0.0	0.0	0.0	0.0	0.0	0.0	0.0	0.0	0.0	0.0	0.0	2.3426	0.0	0.0	0.0	0.0	0.0	0.0	0.0	0.0	0.0	0.0	0.0	0.0	0.0	0.0	0.0	0.0	0.0	0.0	0.0	0.0	0.0	0.0	0.0	0.0	0.0	0.0	0.0	0.0	0.0	0.0	0.0	0.0	0.0	0.0	0.0	0.0	0.0	0.0	0.0	0.0	0.0	0.0	0.0	0.0	0.0	0.0	0.0	0.0	0.0	0.0	0.0	0.0	0.0	0.0	0.0	0.0	0.0	0.0	0.0	0.0	0.0	0.0	0.0	0.0	0.0	0.0	0.0	0.0	0.0	0.0	0.0	0.0	0.0	0.0	0.0	0.0	0.0	0.0
GLUCONEO-PWY	0.0	0.0	0.0	0.0	0.0	0.0	0.0	0.0	0.0	0.0	0.0	1.3483	0.0	0.0	0.0	1.2468	0.0	1.1163	0.0	0.0	0.0	1.2075	0.0	0.0	1.3151	0.0	0.0	0.0	0.0	0.0	0.0	0.0	0.0	0.0	0.0	0.0	0.0	0.0	0.0	0.0	0.0	0.0	0.0	0.0	0.0	0.0	0.0	0.0	0.0	0.0	0.0	0.0	0.0	0.0	0.0	0.0	0.0	0.0	0.0	0.0	0.0	0.0	1.4545	1.4545	0.0	1.0435	0.0	0.0	0.0	0.0	0.0	0.0	0.0	0.0	0.0	0.0	0.0	0.0	0.0	0.0	0.0	0.0	0.0	0.0	0.0	0.0	0.0	0.0	0.0	0.0	0.0	0.0	0.0	1.1034	0.0	0.0	0.0	0.0	0.0	0.0	0.0	0.0	0.0	0.0	0.0	1.6271	0.0	0.0	0.0	0.0	0.0	0.0	0.0	1.2308	0.0	0.0	0.0	0.0	0.0	0.0	0.0	0.0	0.0	0.0	0.0	0.0	1.3151	1.1852	0.0	0.0	0.0	0.0	0.0	0.0	0.0	0.0	0.0	0.0	0.0	0.0	0.0	0.0	0.0	0.0	0.0	0.0	0.0	0.0	0.0	0.0	0.0	0.0	0.0	0.0	0.0	0.0	0.0	0.0	1.2	0.0	0.0	0.0	0.0	0.0	1.2308	0.0	0.0	0.0	0.0	0.0	0.0	0.0	1.3061	0.0	0.0	0.0	0.0	0.0	0.0	0.0	0.0	0.0	0.0	1.2308	1.2075	0.0	0.0	0.0	0.0	0.0
GLUCOSE1PMETAB-PWY	0.0	0.0	0.0	1.0	0.0	2.0	2.0	0.0	0.0	0.0	0.0	0.0	1.3333	0.0	0.0	0.0	0.0	0.0	0.0	0.0	0.0	0.0	0.0	0.0	1.3333	0.0	0.0	0.0	0.0	0.0	0.0	1.3333	0.0	1.0	1.0	0.0	0.0	0.0	0.0	0.0	1.3333	0.0	0.0	0.0	0.0	0.0	0.0	0.0	0.0	1.0	1.0	1.0	1.0	0.0	0.0	0.0	0.0	1.0	0.0	0.0	0.0	0.0	1.0	1.0	0.0	0.0	0.0	0.0	0.0	0.0	0.0	0.0	0.0	0.0	0.0	0.0	0.0	0.0	0.0	0.0	1.0	1.3333	0.0	0.0	0.0	0.0	0.0	0.0	0.0	0.0	0.0	1.3333	0.0	0.0	0.0	0.0	1.5	1.0	0.0	0.0	0.0	0.0	0.0	1.0	0.0	1.0	0.0	0.0	1.3333	1.3333	1.3333	1.3333	1.3333	0.0	1.3333	1.0	1.0	1.3333	0.0	0.0	0.0	1.3333	1.3333	0.0	0.0	0.0	1.0	1.0	0.0	1.0	0.0	1.0	1.3333	0.0	0.0	0.0	0.0	0.0	0.0	0.0	0.0	0.0	0.0	0.0	0.0	0.0	0.0	0.0	0.0	0.0	0.0	0.0	0.0	0.0	1.3333	0.0	0.0	0.0	0.0	0.0	0.0	0.0	0.0	0.0	0.0	0.0	0.0	1.3333	0.0	1.0	0.0	0.0	0.0	0.0	0.0	1.3333	0.0	1.0	0.0	0.0	0.0	0.0	0.0	0.0	0.0	0.0	0.0	0.0	1.3333	1.3333
GLYOXYLATE-BYPASS	2.1818	1.4118	2.2857	2.4	2.1818	2.1818	2.1818	2.1818	2.0	2.4	2.1818	3.3333	2.2857	3.6923	2.1818	2.4	2.6667	2.6087	2.6667	2.4	2.5263	2.8718	2.2857	2.1818	2.1818	2.0	2.1818	2.3529	1.5	3.0	4.4444	1.2	2.0	2.1818	2.2857	1.4545	1.5	2.2857	2.0	1.2	2.0	2.4	2.4	2.1818	2.1818	1.2	2.1818	3.2	2.5263	3.2	2.2857	2.5263	1.4545	3.2	1.1429	1.3333	2.4	1.4545	2.0	2.6087	2.0	2.1818	2.0	2.0	2.5263	2.4	2.2857	2.2857	2.4	1.4118	2.0	1.4118	0.0	2.1818	2.1818	1.4118	2.4	2.4	1.4118	2.5263	1.1429	1.2	1.2308	2.4	1.1429	1.3333	2.0	1.4118	1.2	1.2	2.1818	1.3333	2.0	2.1818	2.1818	1.4118	2.4	2.4	2.4	2.1818	3.3333	2.7586	1.5	2.1818	2.1818	2.1818	2.5263	1.4118	2.1818	2.4	2.1818	2.1818	2.1818	2.1818	2.1818	2.4	1.4118	2.1818	2.6667	2.1818	2.7586	2.0	1.4118	0.0	2.1818	0.0	2.1818	2.1818	2.2857	2.0	1.3333	2.0	2.1818	2.0	2.1818	2.1818	2.1818	2.1818	2.1818	1.4118	1.3333	1.1429	1.3333	2.1818	2.2857	2.1818	1.0	2.5263	0.0	1.0	2.1818	2.1818	2.1818	2.1818	2.0	1.2	1.5484	1.3333	2.1818	2.5263	2.7097	2.0	2.1818	0.0	2.1818	2.2857	2.1818	1.3333	1.1429	1.1429	2.1818	2.1818	2.2857	2.1818	2.0	2.1818	2.1818	2.1818	2.1818	1.4118	1.4118	2.2857	2.1818	2.4	2.6667	2.0	1.2	1.1429	2.1818	2.1818
HEME-BIOSYNTHESIS-II	1.1429	1.0	1.1429	1.1429	1.1429	1.4118	1.4118	1.1429	1.1429	1.1429	1.0	1.0	1.0	1.4118	1.1429	1.1429	1.1429	1.1429	1.0	1.1429	1.1429	1.1429	1.1429	1.0	1.1429	1.1429	1.3333	1.1429	1.0	1.0	1.1429	1.0	1.1429	1.4118	1.2	1.1429	1.0	1.1429	1.1429	1.1429	1.1429	1.0	1.0	1.1429	1.1429	1.1429	1.3333	1.0	1.3333	1.1429	1.5	2.1818	1.3333	1.1429	1.1429	1.0	1.1429	0.0	1.0	1.1429	1.3333	1.1429	1.0	1.0	1.1429	1.0	1.2	1.4118	1.1429	1.1429	1.1429	1.1429	1.1429	1.1429	1.1429	1.1429	1.2	1.2	1.0	1.1429	1.0	1.1429	1.1429	1.1429	1.0	1.0	1.0	1.0	1.1429	1.0	1.1429	1.1429	0.0	1.0	1.1429	1.1429	1.1429	1.1429	1.0	2.0	1.0	1.2	1.1429	1.1429	1.1429	1.1429	1.1429	1.0	1.1429	1.0	1.0	1.1429	1.2	1.1429	1.2	1.1429	1.1429	1.2	1.0	1.3333	1.1429	1.2	1.4545	0.0	1.1429	1.0	1.2308	1.3333	1.1429	1.2308	0.0	1.1429	1.2	1.0	1.4545	1.4118	1.1429	1.2	1.0	1.2	1.2308	1.1429	1.1429	1.0	1.0	1.1429	1.0	1.1429	1.1429	1.1429	1.0	1.1429	1.1429	1.1429	1.0	1.1429	1.1429	1.0	1.0	1.4118	1.0	1.0	1.3333	1.0	1.1429	1.1429	1.1429	1.1429	1.1429	1.0	1.0	1.0	1.0	1.1429	1.1429	1.1429	1.1429	0.0	1.1429	1.0	1.1429	1.1429	1.1429	1.0	1.0	1.3333	1.1429	1.0	1.0	1.1429
HISTSYN-PWY	0.0	0.0	0.0	0.0	0.0	0.0	0.0	0.0	0.0	0.0	0.0	0.0	0.0	0.0	0.0	0.0	0.0	0.0	0.0	0.0	0.0	0.0	0.0	0.0	0.0	0.0	0.0	0.0	0.0	0.0	0.0	0.0	0.0	0.0	0.0	0.0	0.0	0.0	0.0	0.0	0.0	0.0	0.0	0.0	0.0	0.0	0.0	1.0	0.0	0.0	0.0	0.0	0.0	0.0	0.0	1.0769	0.0	0.0	0.0	0.0	0.0	0.0	0.0	0.0	0.0	0.0	0.0	0.0	0.0	0.0	0.0	0.0	0.0	0.0	0.0	0.0	0.0	0.0	0.0	0.0	0.0	0.0	0.0	0.0	0.0	0.0	0.0	0.0	0.0	0.0	0.0	0.0	0.0	0.0	0.0	0.0	0.0	0.0	0.0	0.0	0.0	0.0	0.0	0.0	0.0	0.0	0.0	0.0	0.0	0.0	0.0	0.0	0.0	0.0	0.0	0.0	0.0	0.0	0.0	0.0	0.0	0.0	0.0	0.0	0.0	0.0	0.0	0.0	0.0	0.0	0.0	0.0	0.0	0.0	0.0	0.0	0.0	0.0	0.0	0.0	0.0	0.0	0.0	0.0	0.0	0.0	0.0	0.0	0.0	0.0	0.0	0.0	0.0	0.0	0.0	0.0	0.0	0.0	0.0	0.0	0.0	0.0	0.0	0.0	0.0	0.0	0.0	0.0	0.0	0.0	0.0	0.0	0.0	0.0	0.0	0.0	0.0	0.0	0.0	0.0	0.0	0.0	0.0	0.0	0.0	0.0	0.0	0.0	0.0	0.0
HSERMETANA-PWY	0.0	0.0	0.0	0.0	0.0	0.0	0.0	0.0	0.0	0.0	0.0	0.0	0.0	0.0	0.0	0.0	0.0	0.0	0.0	0.0	0.0	0.0	0.0	0.0	0.0	0.0	0.0	0.0	0.0	0.0	0.0	0.0	0.0	0.0	0.0	1.2	0.0	0.0	0.0	0.0	0.0	0.0	0.0	0.0	0.0	1.2	0.0	0.0	0.0	0.0	0.0	0.0	0.0	0.0	0.0	0.0	0.0	0.0	0.0	0.0	0.0	0.0	0.0	0.0	0.0	0.0	0.0	0.0	0.0	0.0	0.0	0.0	0.0	0.0	0.0	0.0	0.0	0.0	0.0	0.0	0.0	0.0	1.2857	0.0	0.0	0.0	0.0	0.0	0.0	0.0	0.0	0.0	0.0	0.0	0.0	0.0	0.0	0.0	0.0	0.0	0.0	0.0	0.0	0.0	0.0	0.0	0.0	0.0	0.0	0.0	0.0	0.0	0.0	0.0	0.0	0.0	0.0	0.0	0.0	0.0	0.0	0.0	0.0	0.0	0.0	0.0	0.0	0.0	0.0	0.0	0.0	0.0	0.0	0.0	0.0	0.0	0.0	0.0	0.0	1.2857	1.2	1.2	1.2	0.0	0.0	0.0	0.0	0.0	0.0	0.0	0.0	0.0	0.0	0.0	0.0	0.0	1.2	0.0	0.0	0.0	0.0	0.0	0.0	1.2	0.0	0.0	0.0	0.0	0.0	0.0	0.0	0.0	0.0	0.0	0.0	0.0	0.0	0.0	0.0	0.0	0.0	0.0	0.0	0.0	0.0	0.0	0.0	0.0	0.0	0.0
LEU-DEG2-PWY	0.0	1.25	0.0	1.5	1.3953	1.5385	1.5	0.0	0.0	0.0	0.0	0.0	2.6415	1.3514	1.6216	1.5625	0.0	0.0	1.3043	0.0	0.0	0.0	0.0	0.0	1.8634	0.0	0.0	1.25	0.0	1.4493	1.4151	0.0	0.0	2.8037	2.8571	1.5385	0.0	0.0	1.5	0.0	1.6216	0.0	0.0	1.25	0.0	0.0	1.5385	1.5789	0.0	1.6667	1.3636	3.7975	1.6667	0.0	0.0	0.0	1.5385	1.4286	1.25	0.0	0.0	0.0	1.9535	1.9535	0.0	0.0	0.0	1.1111	1.3514	0.0	0.0	0.0	0.0	0.0	1.1538	0.0	0.0	0.0	0.0	0.0	1.25	0.0	0.0	0.0	0.0	0.0	0.0	1.1111	0.0	0.0	0.0	1.25	0.0	0.0	0.0	0.0	0.0	1.7143	1.5	0.0	0.0	0.0	1.3953	1.3043	0.0	1.6484	1.4493	0.0	1.5	2.6087	1.5789	1.5	2.6087	1.5625	2.8571	3.8182	2.5641	2.4	0.0	0.0	1.3333	0.0	1.3043	0.0	1.3043	0.0	1.6484	1.3043	0.0	1.25	0.0	1.3514	1.25	1.0	2.2222	0.0	0.0	1.3043	0.0	1.3514	1.3333	0.0	0.0	1.1111	1.3043	1.3636	0.0	0.0	0.0	0.0	0.0	0.0	0.0	0.0	1.3636	0.0	0.0	1.5	0.0	1.25	0.0	0.0	0.0	1.1765	1.3043	0.0	1.1111	1.25	0.0	1.4286	0.0	0.0	1.3636	0.0	1.1538	1.3043	0.0	0.0	1.3043	0.0	0.0	0.0	0.0	1.5	0.0	1.25	0.0	0.0	1.5	1.25
LIPASYN-PWY	0.0	0.0	0.0	0.0	0.0	0.0	0.0	0.0	0.0	0.0	0.0	0.0	2.4	0.0	0.0	0.0	0.0	0.0	0.0	0.0	0.0	0.0	0.0	0.0	2.4	0.0	0.0	0.0	0.0	0.0	0.0	0.0	0.0	2.4	1.6216	0.0	0.0	0.0	0.0	0.0	0.0	0.0	0.0	0.0	0.0	0.0	0.0	0.0	0.0	0.0	0.0	0.0	0.0	0.0	0.0	1.3846	0.0	0.0	0.0	0.0	0.0	0.0	2.5	2.6087	0.0	0.0	0.0	0.0	0.0	0.0	0.0	0.0	0.0	0.0	0.0	0.0	0.0	0.0	0.0	0.0	0.0	0.0	0.0	0.0	0.0	0.0	0.0	0.0	0.0	0.0	0.0	0.0	0.0	0.0	0.0	0.0	0.0	0.0	0.0	0.0	0.0	0.0	0.0	1.3953	0.0	2.2222	0.0	1.5385	1.6216	1.6484	1.6484	2.459	1.7442	0.0	2.459	1.6484	1.6667	1.6484	0.0	0.0	0.0	0.0	0.0	0.0	0.0	0.0	1.6949	0.0	0.0	0.0	0.0	1.25	1.6216	0.0	0.0	0.0	0.0	0.0	0.0	0.0	1.9108	0.0	0.0	0.0	0.0	0.0	0.0	0.0	0.0	0.0	0.0	0.0	0.0	0.0	0.0	0.0	0.0	0.0	0.0	0.0	0.0	0.0	0.0	0.0	0.0	0.0	0.0	0.0	0.0	0.0	0.0	0.0	0.0	0.0	0.0	0.0	0.0	1.3333	0.0	0.0	0.0	0.0	0.0	0.0	0.0	0.0	0.0	0.0	0.0	0.0
NONOXIPENT-PWY	1.6	2.6667	1.4545	1.0909	1.2308	3.0	3.0	1.0667	2.4	1.0	2.0	2.2857	1.2632	2.1818	1.5	1.0667	2.4	2.0	2.4	2.1818	2.4	2.0	3.871	3.038	1.2632	1.4545	1.6	1.0667	1.1429	1.7143	3.871	1.0667	1.0	2.4	1.28	1.0909	1.0	1.6	2.0	1.0	1.4545	1.4545	1.4545	1.0667	2.0	1.0	1.2632	1.4545	2.0	1.3714	1.3521	1.3913	1.28	2.6667	2.8571	1.0667	2.0	1.2632	1.0667	2.4	1.6	1.0	1.2632	1.2308	3.3333	2.0	2.1818	1.7143	2.4	1.3333	1.0	3.0	1.0	2.8235	1.6	1.0	2.0	1.2973	2.0	1.6	2.0	1.3333	1.4545	2.4	1.0	1.0	1.4545	2.0	1.0	1.0	1.0667	1.1429	1.3333	1.0909	2.0	2.0	1.2308	1.3714	1.7778	1.1429	2.2857	1.2632	2.6667	1.2632	0.0	2.2857	3.2432	2.1818	2.2857	1.0667	2.2857	2.4742	1.2632	1.4545	2.1333	2.2857	2.1818	2.087	2.4	1.3333	2.6667	2.4	2.2857	1.6	1.6	1.1429	1.3714	1.2632	1.6	1.2632	1.2973	1.5238	2.2857	1.0667	1.28	1.3333	1.6	1.0667	1.3333	1.0	1.0909	1.0667	1.0667	1.2308	1.0	2.1818	1.0	1.6	1.0	1.0	1.1429	1.4545	1.4545	1.7143	1.0667	1.0667	1.0667	1.2308	1.2308	2.6667	2.1818	1.0	1.2308	0.0	1.2632	1.0	1.7778	3.0	2.2857	1.0667	2.2857	1.4545	2.2857	1.0667	1.0	1.0909	1.0667	1.1429	1.0	2.0	2.1818	1.0	1.6	1.3333	2.4	1.0667	1.0667	1.0	1.0667	1.0909
P185-PWY	0.0	1.0667	1.2632	0.0	1.2	1.1392	1.2857	0.0	1.0588	1.0	1.0588	1.2857	1.6489	0.0	1.0909	1.1163	1.0909	1.0435	1.2203	1.2632	1.1077	1.0909	1.0667	1.2371	1.1077	1.2632	1.0588	1.0435	1.0141	0.0	1.3091	1.0141	1.0	1.6744	1.0827	0.0	1.1077	1.0435	1.3333	1.0588	1.7143	1.2	1.2	1.0435	1.2	1.0	1.5766	1.7129	1.2857	1.3292	1.6603	1.4201	1.6941	1.2632	1.2857	1.1429	1.2632	1.0964	1.0141	1.2203	1.0909	1.2	1.3542	1.3846	1.2973	1.2	1.3416	1.0435	1.2203	1.2	1.0435	1.2203	0.0	1.2857	1.2632	0.0	1.2632	0.0	1.2857	1.1077	1.2632	1.4845	1.1429	1.3585	1.0435	1.0	0.0	1.0435	1.0	0.0	1.0435	1.0435	0.0	1.1676	0.0	0.0	1.0746	1.6302	1.1077	0.0	1.2101	1.2486	1.4545	1.2819	0.0	1.1192	1.0714	1.0485	1.102	1.3091	1.102	0.0	1.2888	1.2632	1.2973	1.3012	1.3882	1.5484	1.2857	1.0435	1.2857	1.0588	1.3891	0.0	1.0909	0.0	1.3935	1.2486	1.0435	0.0	1.0435	1.0435	1.3012	0.0	1.0827	1.0714	0.0	1.2	1.2	1.0909	1.0435	1.0588	1.0588	1.0286	1.0909	0.0	0.0	1.2203	1.0435	1.2	1.0141	1.2632	1.3333	1.2857	1.2414	1.2203	0.0	1.0435	1.2632	1.0588	1.2067	0.0	1.0435	0.0	1.3585	1.1429	1.0435	1.3846	1.2101	1.2414	1.2743	0.0	1.4118	1.0435	1.0435	1.064	1.0435	1.0141	0.0	1.2632	1.3333	1.0	0.0	1.1077	1.0909	1.0141	0.0	0.0	0.0	1.2632
P221-PWY	0.0	1.7143	0.0	0.0	0.0	0.0	0.0	1.7391	0.0	0.0	0.0	3.236	0.0	1.7888	0.0	1.7834	3.3333	0.0	0.0	0.0	1.8257	3.1549	1.8421	0.0	0.0	3.0545	5.625	0.0	6.0	4.6154	1.8516	0.0	0.0	0.0	0.0	2.7097	0.0	4.1379	1.7888	0.0	0.0	0.0	0.0	0.0	3.1579	1.6364	0.0	0.0	3.0769	0.0	0.0	0.0	0.0	1.8113	0.0	0.0	0.0	0.0	0.0	1.8051	5.0	0.0	0.0	0.0	0.0	1.791	1.7746	1.7143	1.8	3.0968	0.0	0.0	0.0	1.7073	0.0	0.0	1.7073	1.7888	2.9268	0.0	0.0	0.0	1.8434	0.0	0.0	0.0	0.0	0.0	0.0	0.0	1.6667	0.0	0.0	1.6667	1.7143	1.7638	0.0	0.0	0.0	0.0	4.0976	0.0	0.0	0.0	0.0	0.0	1.8641	0.0	0.0	0.0	0.0	0.0	0.0	1.7308	0.0	0.0	0.0	0.0	0.0	4.9622	3.1807	0.0	0.0	0.0	3.1325	0.0	0.0	0.0	6.2222	0.0	0.0	0.0	0.0	0.0	0.0	1.7204	2.9787	0.0	3.2727	0.0	0.0	4.3944	3.1579	4.2353	0.0	6.1165	0.0	0.0	0.0	0.0	1.6438	0.0	0.0	1.732	0.0	0.0	0.0	0.0	0.0	0.0	0.0	1.0	0.0	0.0	0.0	0.0	6.2222	0.0	0.0	0.0	1.7455	0.0	1.8228	1.7204	0.0	0.0	0.0	0.0	0.0	0.0	1.7455	0.0	1.6901	0.0	1.7888	0.0	0.0	0.0	0.0	0.0
PANTO-PWY	1.1429	1.1429	1.2	1.1429	1.3333	1.1429	1.1429	1.1429	1.1429	1.1429	1.4545	1.5	1.5	2.4	1.4118	1.1429	1.4118	1.4118	1.2	1.2	2.7586	2.3529	2.2857	1.2	1.2308	1.1429	1.1429	1.1429	1.0	1.0	1.4545	1.1429	1.1429	1.2857	1.2632	1.0	1.1429	1.0	1.1429	1.1429	1.7968	1.2	1.1429	1.0	1.2	1.2	1.25	1.6154	1.4118	1.2308	1.25	1.7834	1.25	1.2	1.2	1.1429	1.1429	1.1429	1.1429	1.2	1.1429	1.0	1.5	1.2727	1.25	1.4118	1.1429	1.1429	1.2	1.2	1.1429	1.1429	0.0	1.3333	1.2	1.0	1.2	1.1429	1.1429	1.3333	1.2	1.2	2.1818	1.1429	1.0	1.0	1.1429	1.3333	1.1429	1.3333	1.1429	1.2	1.0	1.0	1.4118	1.2	1.2	1.2727	1.2308	1.1429	1.0	1.4118	1.4118	1.2308	1.0	1.6	1.4545	1.4118	1.1429	1.4118	1.4118	1.3333	1.5	1.4118	1.25	1.4815	1.25	1.4545	1.2	0.0	1.5	1.3333	1.3333	1.1429	1.1429	0.0	1.2308	1.2308	1.0	1.4815	1.1429	1.2	1.4118	1.4118	2.4	1.0	1.0	1.0	1.2	1.1429	1.0	1.1429	1.1429	1.3333	1.1429	1.1429	0.0	1.3333	1.3333	1.1429	1.3333	1.0	1.1429	1.1429	1.25	1.1429	1.3333	1.1429	1.1429	1.4118	1.1429	1.1429	1.3333	1.0	1.0	1.3333	1.3333	1.4545	0.0	1.2	1.4118	1.4118	1.5484	1.1429	1.4118	1.4118	1.1429	1.1429	1.2	1.0	1.3333	1.3333	1.2	1.4118	1.5484	1.1429	1.1429	1.1429	1.4118	1.1429
PENTOSE-P-PWY	0.0	1.3913	1.1852	0.0	1.1852	0.0	0.0	0.0	1.4769	1.0667	1.4545	1.4545	0.0	1.4328	0.0	1.1034	1.4769	1.3913	1.4769	1.4328	1.6271	1.3913	1.6438	1.5789	0.0	1.28	1.2308	1.1852	1.0667	1.4118	1.7329	0.0	0.0	0.0	0.0	0.0	1.0667	1.3333	1.3913	1.0667	0.0	1.28	1.1852	1.0323	1.3913	1.0667	0.0	1.28	1.28	0.0	0.0	0.0	0.0	1.5238	1.5534	1.1294	1.3913	0.0	0.0	1.4769	1.3333	1.0	0.0	0.0	1.6725	1.28	1.3151	1.2632	1.4769	1.2308	1.0	1.5484	0.0	1.4118	1.2308	1.0	1.3913	0.0	0.0	1.6842	0.0	0.0	1.28	1.3521	0.0	1.0	1.1852	1.28	1.0667	0.0	1.1034	0.0	0.0	1.0435	0.0	1.3913	0.0	0.0	1.3913	0.0	1.4545	1.2	1.4545	0.0	0.0	0.0	1.6054	0.0	0.0	0.0	0.0	0.0	0.0	1.28	0.0	0.0	0.0	0.0	1.3521	1.2308	1.5238	0.0	0.0	0.0	1.3333	1.0667	0.0	0.0	1.3333	0.0	1.1294	0.0	0.0	0.0	0.0	1.1429	1.2308	1.1034	1.2308	1.0	0.0	1.0323	1.0323	1.1034	1.0	1.4328	0.0	1.5385	1.0667	1.0909	1.1429	1.1852	1.1852	1.2632	0.0	1.1034	1.2152	1.1034	1.1034	0.0	1.5738	0.0	1.2152	0.0	1.2	1.0909	1.3913	0.0	1.6	0.0	1.4545	1.1852	1.3333	1.1034	1.0	0.0	0.0	0.0	1.0667	1.28	1.3151	1.0909	0.0	1.2308	1.4769	0.0	1.0323	0.0	0.0	0.0
PWY-3781	5.0	5.7831	5.9016	0.0	5.7831	0.0	0.0	2.8235	5.2093	5.2093	4.6154	4.9412	0.0	4.8	5.0526	4.1739	5.6376	4.8	5.3846	4.8	2.2857	5.6376	6.2222	4.7458	0.0	4.0	4.8485	5.0	5.3846	3.5821	4.2803	0.0	4.9412	0.0	0.0	0.0	5.0526	4.7458	5.7831	3.871	1.4118	6.4	6.0	6.4	6.2222	5.1429	0.0	9.4301	4.0976	0.0	0.0	0.0	0.0	5.6376	5.9893	8.2804	6.2222	0.0	0.0	4.48	4.9412	3.84	0.0	0.0	4.9412	4.7458	5.8333	5.9893	5.2174	6.1165	3.9623	4.4308	5.434	6.2882	5.0526	5.3846	5.2093	4.6452	3.5821	7.6654	0.0	0.0	6.6667	4.9412	4.4444	4.2105	4.0	5.3053	4.4423	3.871	5.7831	1.2	4.2	4.9412	5.6376	6.2222	0.0	0.0	5.7831	0.0	5.2174	6.2882	5.6376	0.0	2.6087	0.0	4.0976	0.0	0.0	0.0	0.0	1.1429	0.0	4.9412	0.0	0.0	0.0	0.0	4.7458	4.4444	5.7831	0.0	0.0	0.0	6.4	5.0	0.0	0.0	6.1165	0.0	3.5821	0.0	3.595	4.3636	2.7692	5.2093	4.3636	4.0976	5.2174	6.4615	3.8919	5.2093	5.2093	3.7753	4.0976	5.0	2.6667	8.4706	5.2093	5.5082	4.7458	6.2222	6.8571	5.0526	0.0	4.3979	5.6376	5.2093	5.7831	0.0	7.9741	2.9787	7.0	0.0	4.9412	5.434	5.0526	0.0	3.9623	0.0	4.9412	4.0	5.7831	3.6923	4.9412	1.5	4.4444	0.0	5.5172	3.871	4.8	5.434	5.7831	4.9412	4.0976	0.0	2.6667	2.6667	0.0	0.0
PWY-4041	0.0	0.0	0.0	0.0	0.0	0.0	0.0	0.0	0.0	0.0	0.0	0.0	0.0	0.0	0.0	0.0	0.0	0.0	0.0	0.0	0.0	0.0	0.0	0.0	0.0	0.0	0.0	0.0	0.0	0.0	0.0	0.0	0.0	0.0	0.0	0.0	0.0	0.0	0.0	0.0	0.0	0.0	0.0	0.0	0.0	0.0	0.0	0.0	0.0	0.0	0.0	0.0	0.0	0.0	0.0	0.0	0.0	0.0	0.0	0.0	0.0	0.0	0.0	0.0	0.0	0.0	0.0	0.0	0.0	0.0	0.0	0.0	0.0	0.0	0.0	0.0	0.0	0.0	0.0	0.0	0.0	0.0	0.0	0.0	0.0	0.0	0.0	0.0	0.0	0.0	0.0	0.0	0.0	0.0	0.0	0.0	0.0	0.0	0.0	1.0	0.0	0.0	0.0	0.0	0.0	0.0	0.0	0.0	0.0	0.0	0.0	0.0	0.0	0.0	0.0	0.0	0.0	0.0	0.0	0.0	0.0	0.0	0.0	0.0	0.0	0.0	0.0	0.0	0.0	0.0	0.0	0.0	0.0	0.0	0.0	0.0	0.0	0.0	0.0	0.0	0.0	0.0	0.0	0.0	0.0	0.0	0.0	0.0	0.0	0.0	0.0	0.0	0.0	0.0	0.0	0.0	0.0	0.0	0.0	0.0	0.0	0.0	0.0	0.0	0.0	0.0	0.0	0.0	0.0	0.0	0.0	0.0	0.0	0.0	0.0	0.0	0.0	0.0	0.0	0.0	0.0	0.0	0.0	0.0	0.0	0.0	0.0	0.0	0.0	0.0
PWY-4981	1.0	1.0	1.0	1.2	1.1429	1.0	1.0	1.0	1.0	1.0	1.1429	1.4815	1.5789	1.2308	2.3529	1.0	1.2	1.1429	1.3333	1.0	1.4545	1.2	1.1429	1.2	1.5484	1.0	1.0	1.0	1.1429	1.4545	1.4118	1.0	1.0	1.25	1.4118	1.0	1.1429	1.0	1.4545	1.0	1.2	1.1429	1.3333	1.0	1.3333	1.0	1.2	1.2	1.1429	1.1429	1.2	1.4545	1.1429	1.0	1.0	1.1429	1.1429	1.1429	0.0	1.2	1.0	0.0	1.1429	1.1429	1.4545	1.5484	1.0	1.0	1.1429	1.0	1.1429	1.1429	0.0	1.0	1.0	1.0	1.1429	1.1429	1.0	1.0	1.0	1.1429	2.0	1.0	1.0	1.0	1.1429	1.0	1.0	1.0	1.0	1.0	1.0	1.0	1.2	1.1429	1.0	1.5789	1.4118	1.0	1.3333	1.1429	2.5263	1.1429	0.0	1.2308	1.2308	0.0	1.0	1.5484	1.2308	1.2	1.4118	1.2	0.0	1.2	1.2	1.2	1.0	0.0	1.3333	1.0	1.0	0.0	1.0	0.0	1.4118	1.0	1.0	1.0	1.0	1.0	1.1429	1.0	1.4118	1.0	1.0	1.0	1.0	1.0	1.0	1.0	1.0	1.0	1.0	1.3333	0.0	1.0	1.0	1.1429	1.2308	1.2	1.1429	1.0	1.1429	1.0	1.1429	1.0	1.1429	1.0	1.4118	1.1429	1.0	0.0	1.0	1.0	1.0	1.0	0.0	0.0	1.1429	1.1429	1.2	1.0	1.1429	1.0	1.0	0.0	1.0	1.1429	1.1429	1.0	1.1429	1.3333	1.4118	1.1429	1.0	1.0	1.2	1.0
PWY-4984	1.0	1.1111	1.0	1.0	1.1538	1.0	1.0	1.1111	1.25	1.0	1.1111	1.3043	1.1538	0.0	1.25	1.1111	1.1111	1.0	1.0	1.0	1.1111	1.25	1.3043	1.1111	1.0	1.25	1.25	1.0	1.0	1.25	1.1111	1.0	1.0	1.0	1.1111	1.0	1.3043	1.1111	1.1111	1.1111	1.0	1.25	1.25	1.1111	1.4286	1.1111	1.1111	1.3043	1.3043	1.25	1.0	1.3043	0.0	1.25	1.1111	1.1111	1.1111	1.0	0.0	1.1111	0.0	1.25	1.0	1.0	1.5789	1.4286	1.0	1.0	1.1111	1.1111	1.0	1.1111	0.0	1.1111	1.1111	1.0	1.1111	1.0	1.25	1.1111	1.0	1.0	1.4286	1.0	1.1111	1.0	1.0	1.0	1.0	0.0	1.1111	1.1111	0.0	0.0	1.1111	1.1111	1.0	1.3043	1.0	1.0	1.25	1.25	1.4286	1.0	0.0	1.1111	1.1111	0.0	1.0	1.1765	1.0	1.0	1.0	1.0	0.0	1.25	1.1765	1.0	1.1111	0.0	1.1111	1.0	1.1111	0.0	1.25	0.0	1.5	1.0	1.1111	1.0	1.0	1.1111	1.1111	1.25	1.3043	1.1111	1.25	1.0	1.25	1.0	1.0	1.1111	1.1111	1.1111	1.0	1.1111	0.0	1.0	1.1111	1.25	1.1111	1.0	1.0	1.0	1.0	1.1111	1.0	1.1111	1.0	1.1111	1.0	1.0	1.1111	0.0	1.0	1.1111	1.0	1.1538	1.1111	1.0	1.25	1.25	1.1111	1.0	1.1111	1.0	0.0	1.0	0.0	0.0	1.1111	1.0	1.1111	1.0	1.4286	1.0	1.0	1.0	1.0	1.0
PWY-5067	1.1429	1.0	1.5	1.3333	1.3333	0.0	0.0	1.0	1.3333	1.3333	1.5	1.5	1.3333	1.3333	1.0	1.3333	1.5	1.5	1.3333	1.3333	1.0	1.3333	1.0	1.0	1.3333	1.5	1.6	1.0	1.3333	0.0	1.6	1.3333	1.0	1.0	1.5	1.0	1.3333	1.5	1.6	1.3333	1.5	1.5	1.5	2.0	1.5	1.3333	1.5	1.0	1.5	1.3333	1.6	1.6	1.6667	1.3333	1.3333	1.0	1.5	1.0	1.0	1.0	1.5	2.6667	1.0	1.0	1.5	1.6	1.0	1.3333	1.5	1.0	1.0	1.3333	0.0	1.0	1.5	1.0	1.3333	1.0	1.3333	1.1429	1.0	1.0	1.3333	1.3333	0.0	0.0	1.5	1.0	1.0	0.0	1.0	1.0	1.0	1.0	1.6	1.6	1.1429	1.5	1.0	1.3333	1.3333	3.2	1.7143	1.0	1.3333	1.3333	1.3333	1.5	1.5	1.3333	1.5	1.5	1.3333	1.3333	1.5	1.5	1.3333	1.5	1.5	1.5	1.3333	1.0	1.6	1.4118	1.6667	0.0	1.0	1.3333	1.6667	1.0	1.0	1.0	0.0	0.0	2.0	1.0	1.0	1.6	1.3333	1.3333	0.0	2.0	2.0	1.3333	1.5	1.3333	0.0	2.0	0.0	0.0	1.3333	1.6	1.5	1.0	1.3333	1.3333	1.1429	1.3333	0.0	0.0	1.5	1.0	1.5	1.0	1.3333	1.0	2.0	1.0	2.0	1.0	1.0	1.0	1.0	0.0	1.3333	1.0	1.0	1.5	1.5	1.3333	1.0	1.0	2.4	1.3333	1.5	1.0	1.3333	1.3333	1.0	1.3333
PWY-5083	1.3846	0.0	1.5	1.2	0.0	1.2	1.0	1.2857	0.0	0.0	1.5	1.3333	1.2	1.4118	1.3333	1.44	1.44	1.44	1.44	1.3333	0.0	1.44	1.44	1.44	1.2	1.5	1.125	1.5	1.3333	0.0	1.5652	0.0	0.0	1.2	1.2	0.0	1.3846	1.2	1.5	0.0	1.3333	1.5319	1.5	1.44	1.5652	0.0	1.2	1.1908	1.5	1.2	1.2	1.5	1.2	1.44	0.0	0.0	1.5	0.0	0.0	1.5	1.125	1.3333	1.2	1.2	1.44	1.44	1.3333	1.0909	1.3846	1.5319	1.5	0.0	0.0	1.5517	1.0909	1.44	1.5	1.5	1.2	0.0	1.0	0.0	0.0	0.0	0.0	0.0	0.0	0.0	0.0	0.0	1.44	0.0	0.0	1.44	1.5	1.3333	0.0	1.2	1.3333	0.0	0.0	1.5	1.5	1.2	1.3333	1.2	1.44	0.0	1.2	0.0	1.2	1.2	1.2	1.3333	0.0	1.2	0.0	1.2	1.44	1.0909	1.3333	0.0	1.0	0.0	1.3333	0.0	1.2	1.2	0.0	0.0	0.0	1.2	1.4919	0.0	1.5882	0.0	1.3333	0.0	1.44	1.4483	1.4595	0.0	0.0	1.2	0.0	0.0	0.0	0.0	0.0	0.0	1.5	1.5	0.0	1.3333	1.2	0.0	0.0	0.0	1.5517	1.0	1.6	0.0	0.0	0.0	1.4118	0.0	1.3846	1.0	1.3846	0.0	1.5	1.44	1.44	0.0	0.0	1.3846	1.5	1.0	1.3333	1.44	1.5	0.0	1.5	1.3333	1.44	0.0	0.0	0.0	0.0	0.0
PWY-5189	1.0	1.0	1.0	0.0	1.0	0.0	1.6154	1.0	1.0	1.0	1.0	1.0	1.5	0.0	0.0	1.0	1.0	1.0	0.0	1.0	1.0	1.0	1.0	0.0	1.5	1.0	1.0	1.0	1.1429	1.1429	1.0	1.2727	1.0	1.5	1.4815	0.0	1.0	1.0	1.0	1.0	1.5	0.0	1.0	1.0	0.0	0.0	1.5135	1.0	1.0	1.4815	1.5135	1.4815	1.4815	0.0	1.0	0.0	1.0	1.5	1.25	0.0	1.0	1.0	1.5	1.4545	1.0	1.0	1.1429	1.0	1.0	0.0	1.0	1.0	1.0	1.0	1.0	0.0	1.0	1.0	1.0	1.0	1.2632	1.2727	1.0	1.0	0.0	0.0	1.0	1.0	1.0	1.0	1.1429	1.25	1.0	1.0	1.0	0.0	1.3	1.2632	1.0	1.2903	1.0	1.0	1.3333	1.2632	0.0	1.2857	1.0	2.6667	0.0	1.2632	1.5	1.2632	1.2632	1.0	1.5	1.2632	1.25	1.2632	0.0	1.0	1.0	1.25	1.28	0.0	1.0	1.0	1.2632	1.2632	1.0	1.2727	0.0	1.2727	1.2727	0.0	1.2727	1.0	1.0	1.1429	1.0	1.0	1.5748	1.0	0.0	1.0	0.0	1.0	0.0	1.0	1.1429	1.0	1.0	1.0	1.0	1.0	1.2727	1.0	1.0	1.0	1.0	1.2727	1.0	0.0	1.0	1.2308	1.0	1.0	1.0	1.5238	1.0	1.2727	1.0	1.0	1.0	1.0	1.0	1.25	1.0	1.25	1.0	0.0	1.0	1.0	1.0	1.0	1.0	1.2632	0.0	0.0	1.2632	1.0
PWY-5651	0.0	0.0	0.0	1.0	0.0	1.1538	1.1765	0.0	0.0	0.0	0.0	0.0	1.5385	0.0	0.0	0.0	0.0	0.0	0.0	0.0	0.0	0.0	0.0	0.0	1.25	0.0	0.0	0.0	0.0	0.0	0.0	1.0	0.0	1.4286	1.6484	1.0	0.0	1.1538	0.0	0.0	1.1111	0.0	0.0	0.0	0.0	0.0	1.4286	0.0	0.0	1.25	1.4286	1.4286	1.4286	0.0	0.0	1.0	0.0	0.0	0.0	0.0	0.0	0.0	1.0	1.0	0.0	0.0	0.0	0.0	0.0	0.0	0.0	0.0	0.0	0.0	0.0	0.0	0.0	0.0	0.0	0.0	0.0	1.0	0.0	0.0	0.0	0.0	0.0	0.0	0.0	0.0	0.0	1.0	0.0	0.0	0.0	0.0	0.0	1.1111	0.0	1.1538	0.0	0.0	0.0	1.1111	0.0	1.1111	0.0	1.1111	1.0	1.4286	1.25	1.1111	1.1111	0.0	1.1111	1.25	1.3043	1.25	0.0	1.2162	0.0	1.1111	1.1538	0.0	1.1538	0.0	2.3077	1.1111	0.0	0.0	0.0	1.0	1.1111	0.0	1.3953	0.0	0.0	0.0	0.0	0.0	1.0	0.0	0.0	0.0	0.0	0.0	0.0	0.0	0.0	0.0	0.0	0.0	0.0	0.0	1.25	0.0	0.0	0.0	0.0	0.0	0.0	0.0	0.0	0.0	0.0	0.0	0.0	0.0	0.0	0.0	0.0	0.0	0.0	0.0	0.0	1.0	0.0	1.0	0.0	0.0	0.0	0.0	0.0	0.0	0.0	1.0	0.0	1.0	1.0	1.1111
PWY-5659	1.1429	1.1429	1.4118	1.0	1.4118	1.0	1.0	1.4118	1.3333	1.4118	1.1429	1.4118	2.1818	2.1818	2.1818	2.1818	2.1818	2.1818	2.1818	1.1429	2.4	1.4118	1.4118	2.1818	2.1818	2.1818	1.0	1.4118	1.1429	2.4	1.1429	1.2308	1.4118	2.1818	1.2308	1.2	1.5	1.3333	2.1818	1.3333	1.3333	1.3333	2.0	1.4545	1.3333	1.4118	1.4118	1.4118	1.4118	1.1429	1.3333	1.4118	1.1429	2.0	1.3333	1.3333	2.1818	1.4545	1.2	2.0	1.1429	1.5	1.3333	1.3333	2.1818	1.3333	1.2	1.4118	1.4118	2.0	1.2	1.4118	1.3333	1.1429	1.4118	1.4118	1.4118	1.4118	2.1818	1.3333	1.4118	1.1429	2.7586	1.4118	1.0	1.0	1.2	1.0	1.3333	1.3333	1.4118	1.4118	1.3333	2.1818	1.4118	2.1818	1.2	1.2	2.1818	1.2308	2.1818	1.4118	1.2	1.1429	1.4118	1.5	2.1818	1.5	1.3333	1.4118	1.3333	1.5	1.1429	2.0	1.4118	1.3333	1.3333	1.4118	1.4118	1.3333	1.4118	1.3333	1.1429	2.0	1.1429	1.2	1.5484	1.3333	1.4118	1.2	1.0	2.1818	1.2	1.1429	2.0	1.3333	1.3333	2.0	2.1818	1.4118	1.2	1.4118	1.4118	1.2	2.0	2.1818	1.3333	2.1818	1.4118	1.4118	1.4118	2.4	2.1818	1.3333	1.4118	1.4118	1.2308	1.1429	1.4118	1.1429	2.0	1.3333	2.1818	1.2308	1.4118	1.3333	1.3333	1.4118	1.1429	1.1429	1.4118	1.3333	1.1429	1.4118	1.4545	1.2308	1.3333	1.1429	2.0	1.3333	1.4118	1.3333	2.0	2.1818	2.1818	1.4118	1.1429	1.3333	1.2308	1.2308
PWY-5667	1.0	1.0	1.4118	0.0	1.1429	0.0	0.0	1.0	1.0	1.1429	1.1429	0.0	0.0	1.0	1.0	1.0	0.0	1.0	1.0	1.0	1.0	0.0	0.0	0.0	0.0	1.1429	1.0	1.1429	1.0	1.0	1.1429	0.0	1.0	0.0	0.0	0.0	1.0	1.0	1.3333	1.1429	0.0	1.1429	1.1429	1.0	1.1429	1.1429	0.0	2.1818	1.3333	0.0	0.0	0.0	0.0	1.0	1.4118	1.0	1.1429	0.0	0.0	1.0	1.0	1.0	0.0	0.0	1.0	1.0	1.0	1.0	1.2	1.1429	1.0	1.0	1.0	1.1429	1.0	0.0	1.1429	1.1429	0.0	1.0	0.0	0.0	1.3333	1.3333	0.0	0.0	1.1429	1.0	1.1429	1.1429	1.0	0.0	0.0	1.1429	1.4118	1.4118	0.0	0.0	1.0	0.0	1.2	1.0	1.0	0.0	1.0	0.0	1.0	0.0	0.0	0.0	0.0	0.0	0.0	1.0	0.0	0.0	0.0	0.0	1.1429	1.0	1.3333	0.0	0.0	0.0	1.1429	1.0	0.0	0.0	1.0	0.0	0.0	0.0	0.0	0.0	1.1429	1.0	1.0	1.1429	1.1429	1.7073	1.0	1.3333	1.3333	1.0	1.1429	1.0	0.0	1.1429	1.0	1.0	1.1429	1.1429	1.1429	1.0	0.0	1.1429	1.1429	1.0	1.0	0.0	1.1429	1.2	1.0	0.0	0.0	1.0	1.0	0.0	1.1429	0.0	1.3333	1.1429	1.3333	1.0	1.0	0.0	1.0	0.0	0.0	1.1429	1.1429	1.0	1.1429	1.0	1.0	0.0	0.0	1.0	0.0	0.0
PWY-5686	0.0	0.0	0.0	0.0	0.0	0.0	0.0	0.0	0.0	0.0	0.0	0.0	0.0	0.0	0.0	0.0	0.0	0.0	0.0	0.0	0.0	0.0	0.0	0.0	0.0	0.0	0.0	0.0	0.0	0.0	0.0	0.0	0.0	0.0	0.0	0.0	0.0	0.0	0.0	1.0	0.0	0.0	0.0	0.0	0.0	0.0	0.0	0.0	0.0	0.0	0.0	0.0	0.0	0.0	0.0	0.0	0.0	0.0	0.0	0.0	0.0	0.0	0.0	0.0	0.0	0.0	1.0909	0.0	0.0	0.0	0.0	0.0	0.0	0.0	0.0	0.0	0.0	0.0	0.0	0.0	0.0	0.0	0.0	0.0	0.0	0.0	0.0	0.0	0.0	0.0	0.0	0.0	0.0	0.0	0.0	0.0	0.0	0.0	0.0	0.0	0.0	0.0	0.0	0.0	0.0	0.0	0.0	0.0	0.0	0.0	0.0	0.0	0.0	0.0	0.0	0.0	0.0	0.0	0.0	0.0	0.0	0.0	0.0	0.0	0.0	0.0	0.0	0.0	0.0	0.0	0.0	0.0	0.0	0.0	0.0	0.0	0.0	0.0	0.0	0.0	0.0	0.0	0.0	0.0	0.0	0.0	0.0	0.0	0.0	0.0	0.0	0.0	0.0	0.0	0.0	0.0	0.0	0.0	0.0	0.0	0.0	0.0	0.0	0.0	0.0	0.0	0.0	0.0	0.0	0.0	0.0	0.0	0.0	0.0	0.0	0.0	0.0	0.0	0.0	0.0	0.0	0.0	0.0	0.0	0.0	0.0	0.0	0.0	0.0	0.0
PWY-5690	1.6981	1.4876	1.7391	1.6364	1.6981	1.5652	1.5652	1.6744	1.6	1.7143	1.6744	1.8274	2.1818	2.0	1.6744	1.7143	1.875	1.8274	1.978	1.7561	1.7561	1.94	2.4828	1.6981	1.5652	1.6364	1.6744	1.7647	1.7561	1.7822	1.8274	1.6364	1.6	1.5	2.3226	1.6	1.7561	1.7143	1.6216	1.2857	1.5652	1.8	1.5652	1.8	1.7143	1.4694	1.5652	2.4828	1.7561	1.6744	1.6	1.7561	1.4118	1.8274	1.4286	1.5652	1.8	1.1429	1.3333	1.8274	1.6	1.6744	2.1176	2.1176	2.5714	1.7561	1.7391	1.7391	1.6981	1.6981	1.5652	1.2414	1.1429	1.6744	1.6744	1.4876	1.7561	1.7561	1.3091	1.8598	1.3333	1.3846	1.6	1.7561	1.4118	1.4118	1.5652	1.6744	1.44	1.44	1.6981	2.1176	1.5652	1.6744	1.6981	1.5	1.7561	1.5652	1.7822	2.0	1.8557	1.9048	2.5352	1.5	1.44	1.5652	1.7561	1.2857	2.25	1.44	1.6364	2.1176	1.5652	1.6744	1.5652	1.6364	1.3846	1.6364	1.7143	1.6744	1.7391	1.5	1.3846	1.0909	1.7143	1.2766	1.5652	1.5652	1.7143	1.5652	1.3846	1.5	1.5652	1.6	2.1176	1.6744	1.6744	1.6364	1.6981	1.6744	1.5652	1.4118	1.6	1.6364	1.6744	1.7822	1.2632	1.8701	1.2632	1.2632	1.6744	1.7143	1.6981	1.6744	1.5652	1.6364	2.6277	1.4118	1.6744	2.5714	1.9347	1.3333	1.8129	0.0	1.6744	1.7143	1.6744	1.2	1.3846	1.3333	1.6744	1.6364	1.7391	1.6744	1.6	1.6364	1.6981	1.5652	1.6981	1.6364	1.6744	1.7143	1.6981	1.7561	1.8	1.5	1.4694	1.3333	1.6364	1.5
PWY-5754	0.0	0.0	0.0	0.0	0.0	0.0	0.0	0.0	0.0	0.0	0.0	0.0	0.0	0.0	0.0	0.0	0.0	0.0	0.0	0.0	0.0	0.0	0.0	0.0	0.0	0.0	0.0	0.0	0.0	0.0	0.0	0.0	0.0	1.5319	0.0	0.0	0.0	0.0	0.0	0.0	0.0	0.0	0.0	0.0	0.0	0.0	0.0	0.0	0.0	0.0	0.0	0.0	0.0	0.0	0.0	0.0	0.0	0.0	0.0	0.0	0.0	0.0	0.0	0.0	0.0	0.0	0.0	0.0	0.0	0.0	0.0	0.0	0.0	0.0	0.0	0.0	0.0	0.0	0.0	0.0	0.0	0.0	0.0	0.0	0.0	0.0	0.0	0.0	0.0	0.0	0.0	0.0	0.0	0.0	0.0	0.0	0.0	0.0	0.0	0.0	0.0	0.0	0.0	0.0	0.0	0.0	0.0	0.0	0.0	0.0	0.0	0.0	0.0	0.0	0.0	0.0	0.0	0.0	0.0	0.0	0.0	0.0	0.0	0.0	0.0	0.0	0.0	0.0	0.0	0.0	0.0	0.0	0.0	0.0	0.0	0.0	0.0	0.0	0.0	0.0	0.0	0.0	0.0	0.0	0.0	0.0	0.0	0.0	0.0	0.0	0.0	0.0	0.0	0.0	0.0	0.0	0.0	0.0	0.0	0.0	0.0	0.0	0.0	0.0	0.0	0.0	0.0	0.0	0.0	0.0	0.0	0.0	0.0	0.0	0.0	0.0	0.0	0.0	0.0	0.0	0.0	0.0	0.0	0.0	0.0	0.0	0.0	0.0	0.0	0.0
PWY-5871	0.0	0.0	0.0	0.0	0.0	0.0	0.0	0.0	0.0	0.0	0.0	0.0	0.0	0.0	0.0	0.0	0.0	0.0	0.0	0.0	0.0	0.0	0.0	0.0	0.0	0.0	0.0	0.0	0.0	0.0	0.0	0.0	0.0	0.0	0.0	0.0	0.0	0.0	0.0	0.0	0.0	0.0	0.0	0.0	0.0	0.0	0.0	0.0	0.0	0.0	0.0	0.0	0.0	0.0	0.0	1.0	0.0	0.0	0.0	0.0	0.0	0.0	0.0	0.0	0.0	0.0	0.0	0.0	0.0	0.0	0.0	0.0	0.0	0.0	0.0	0.0	0.0	0.0	0.0	0.0	0.0	0.0	0.0	0.0	0.0	0.0	0.0	0.0	0.0	0.0	0.0	0.0	0.0	0.0	0.0	0.0	0.0	0.0	0.0	0.0	0.0	0.0	0.0	0.0	0.0	0.0	0.0	0.0	0.0	0.0	0.0	0.0	0.0	0.0	0.0	0.0	0.0	0.0	0.0	0.0	0.0	0.0	0.0	0.0	0.0	0.0	0.0	0.0	0.0	0.0	0.0	0.0	0.0	0.0	0.0	0.0	0.0	0.0	0.0	0.0	0.0	0.0	0.0	0.0	0.0	0.0	0.0	0.0	0.0	0.0	0.0	0.0	0.0	0.0	0.0	0.0	0.0	0.0	0.0	0.0	0.0	0.0	0.0	0.0	0.0	0.0	0.0	0.0	0.0	0.0	0.0	0.0	0.0	0.0	0.0	0.0	0.0	0.0	0.0	0.0	0.0	0.0	0.0	0.0	0.0	0.0	0.0	0.0	0.0	0.0
PWY-5873	0.0	0.0	0.0	0.0	0.0	0.0	0.0	0.0	0.0	0.0	0.0	0.0	0.0	0.0	0.0	0.0	0.0	0.0	0.0	0.0	0.0	0.0	0.0	0.0	0.0	0.0	0.0	0.0	0.0	0.0	0.0	0.0	0.0	0.0	0.0	0.0	0.0	0.0	0.0	0.0	0.0	0.0	0.0	0.0	0.0	0.0	0.0	0.0	0.0	0.0	0.0	0.0	0.0	0.0	0.0	1.0	0.0	0.0	0.0	0.0	0.0	0.0	0.0	0.0	0.0	0.0	0.0	0.0	0.0	0.0	0.0	0.0	0.0	0.0	0.0	0.0	0.0	0.0	0.0	0.0	0.0	0.0	0.0	0.0	0.0	0.0	0.0	0.0	0.0	0.0	0.0	0.0	0.0	0.0	0.0	0.0	0.0	0.0	0.0	0.0	0.0	0.0	0.0	0.0	0.0	0.0	0.0	0.0	0.0	0.0	0.0	0.0	0.0	0.0	0.0	0.0	0.0	0.0	0.0	0.0	0.0	0.0	0.0	0.0	0.0	0.0	0.0	0.0	0.0	0.0	0.0	0.0	0.0	0.0	0.0	0.0	0.0	0.0	0.0	0.0	0.0	0.0	0.0	0.0	0.0	0.0	0.0	0.0	0.0	0.0	0.0	0.0	0.0	0.0	0.0	0.0	0.0	0.0	0.0	0.0	0.0	0.0	0.0	0.0	0.0	0.0	0.0	0.0	0.0	0.0	0.0	0.0	0.0	0.0	0.0	0.0	0.0	0.0	0.0	0.0	0.0	0.0	0.0	0.0	0.0	0.0	0.0	0.0	0.0	0.0
PWY-5920	1.0667	1.0	1.0667	0.0	1.0667	0.0	1.5067	1.0667	1.0667	1.0667	1.0	1.0	0.0	0.0	0.0	1.0667	1.0667	1.0667	0.0	1.0667	1.0667	1.0667	1.0667	0.0	1.2973	0.0	1.1429	1.0667	1.0667	1.0667	1.0667	1.12	1.0667	1.4545	1.326	0.0	1.0	0.0	1.0667	1.0667	1.2973	0.0	0.0	1.0667	0.0	0.0	1.4177	1.0	1.1429	1.2903	1.5067	1.5894	1.4035	0.0	1.0667	0.0	1.0667	0.0	1.1111	0.0	1.1429	1.0667	0.0	1.1852	1.0667	1.0	1.1707	1.1707	1.0667	0.0	0.0	1.0667	1.0667	1.0667	1.0667	0.0	1.0909	1.0909	1.0	1.0667	1.1163	1.2043	1.0667	1.0667	0.0	0.0	1.0	1.0	1.0667	1.0	1.1429	1.194	0.0	1.0	1.0667	0.0	1.2164	1.2	1.0	1.4286	0.0	1.0909	1.2308	1.2	0.0	1.2101	1.0667	1.3333	0.0	1.1163	0.0	1.2	0.0	1.0667	1.3333	1.2	0.0	1.2308	0.0	1.1429	1.0667	1.2245	1.3617	0.0	0.0	1.0	1.2468	1.2973	1.0667	1.2514	0.0	1.2043	1.2353	0.0	1.3576	1.1707	1.0667	1.1707	1.0	1.0909	1.3817	1.0667	0.0	0.0	0.0	1.0667	0.0	1.0667	1.1429	1.0667	0.0	1.0667	1.0667	1.0667	1.12	1.0667	1.0667	0.0	1.0	1.3386	1.0	0.0	1.1429	1.1034	1.0667	1.0667	1.0667	1.3061	1.0667	1.12	1.0	1.0	1.0	1.0667	1.0667	1.194	1.0667	0.0	1.0667	0.0	1.0667	1.0667	1.0667	1.0	1.0	1.2973	0.0	0.0	1.1163	1.0667
PWY-5941	0.0	0.0	0.0	0.0	0.0	0.0	0.0	0.0	0.0	0.0	0.0	0.0	0.0	0.0	0.0	0.0	0.0	0.0	0.0	0.0	0.0	0.0	0.0	0.0	0.0	0.0	0.0	0.0	0.0	0.0	0.0	0.0	0.0	0.0	0.0	0.0	0.0	0.0	0.0	0.0	0.0	0.0	0.0	0.0	0.0	0.0	0.0	0.0	0.0	0.0	0.0	0.0	0.0	0.0	0.0	1.2	0.0	0.0	0.0	0.0	0.0	0.0	0.0	0.0	0.0	0.0	0.0	0.0	0.0	0.0	0.0	0.0	0.0	0.0	0.0	0.0	0.0	0.0	0.0	0.0	0.0	0.0	0.0	0.0	0.0	0.0	0.0	0.0	0.0	0.0	0.0	0.0	0.0	0.0	0.0	0.0	0.0	0.0	0.0	0.0	0.0	0.0	0.0	0.0	0.0	0.0	0.0	0.0	0.0	0.0	0.0	0.0	0.0	0.0	0.0	0.0	0.0	0.0	0.0	0.0	0.0	0.0	0.0	0.0	0.0	0.0	0.0	0.0	0.0	0.0	0.0	0.0	0.0	0.0	0.0	0.0	0.0	0.0	0.0	0.0	0.0	0.0	0.0	0.0	0.0	0.0	0.0	0.0	0.0	0.0	0.0	0.0	0.0	0.0	0.0	0.0	1.3248	0.0	0.0	0.0	0.0	0.0	0.0	0.0	0.0	0.0	0.0	0.0	0.0	0.0	0.0	0.0	0.0	0.0	0.0	0.0	0.0	0.0	0.0	0.0	0.0	0.0	0.0	0.0	0.0	0.0	0.0	0.0	0.0	0.0
PWY-5994	0.0	1.3222	1.5601	20.4503	0.0	0.0	0.0	0.0	0.0	0.0	0.0	1.5511	34.3715	1.5568	1.5471	1.5367	2.8934	1.5454	1.5552	0.0	0.0	1.556	1.5673	2.616	25.8807	0.0	0.0	0.0	2.5665	1.3402	0.0	2.2857	0.0	7.6374	5.0881	0.0	2.8615	0.0	5.515	0.0	8.411	1.5575	1.5533	1.5164	4.1309	0.0	25.6523	5.1517	2.8743	22.1701	21.5468	26.0258	26.2083	2.912	0.0	0.0	0.0	12.8955	2.47	2.899	0.0	0.0	3.9718	3.9586	1.5606	0.0	0.0	0.0	0.0	0.0	0.0	0.0	0.0	0.0	0.0	0.0	1.5543	0.0	2.8843	0.0	0.0	2.5382	0.0	0.0	0.0	0.0	1.5367	0.0	0.0	0.0	1.5219	0.0	0.0	0.0	0.0	0.0	2.1774	16.641	1.5543	3.3088	1.3386	0.0	1.5708	8.8824	0.0	16.5583	0.0	18.5779	15.08	17.158	24.7584	20.7407	20.4773	0.0	23.7405	26.3042	15.7932	21.4164	0.0	0.0	7.7352	0.0	0.0	1.0	0.0	0.0	0.0	17.134	0.0	0.0	0.0	4.712	0.0	0.0	0.0	0.0	0.0	0.0	0.0	0.0	0.0	0.0	0.0	0.0	0.0	0.0	0.0	0.0	0.0	0.0	0.0	0.0	1.5499	0.0	21.9375	0.0	0.0	0.0	1.5433	0.0	0.0	0.0	0.0	0.0	0.0	0.0	0.0	0.0	0.0	0.0	0.0	0.0	1.5543	0.0	0.0	2.356	0.0	4.7473	2.8812	0.0	0.0	0.0	1.561	1.5552	2.8812	2.4053	2.5672	1.3023	4.5892	0.0
PWY-6121	0.0	0.0	1.0	0.0	0.0	0.0	0.0	0.0	0.0	0.0	0.0	0.0	0.0	0.0	0.0	0.0	0.0	0.0	0.0	0.0	0.0	0.0	0.0	0.0	0.0	1.0	0.0	0.0	0.0	1.0	1.1111	0.0	0.0	0.0	0.0	0.0	1.0	0.0	0.0	0.0	0.0	1.0	1.0	0.0	1.0	0.0	0.0	1.1111	1.0	0.0	0.0	0.0	0.0	1.0	0.0	1.1538	1.0	0.0	0.0	0.0	0.0	0.0	0.0	0.0	1.0	1.0	0.0	0.0	0.0	0.0	0.0	0.0	1.0	0.0	0.0	0.0	0.0	0.0	1.1111	0.0	0.0	0.0	0.0	0.0	0.0	0.0	0.0	0.0	0.0	0.0	0.0	0.0	0.0	0.0	1.0	1.0	0.0	0.0	0.0	0.0	1.0	0.0	0.0	0.0	0.0	0.0	0.0	0.0	0.0	0.0	0.0	0.0	0.0	0.0	0.0	0.0	0.0	0.0	0.0	0.0	1.25	0.0	0.0	0.0	0.0	0.0	0.0	0.0	0.0	0.0	0.0	0.0	0.0	0.0	0.0	0.0	0.0	0.0	1.0	1.0	0.0	0.0	0.0	0.0	0.0	0.0	0.0	0.0	0.0	0.0	0.0	1.0	1.0	0.0	0.0	0.0	0.0	0.0	0.0	0.0	0.0	0.0	0.0	0.0	0.0	0.0	0.0	0.0	0.0	0.0	0.0	0.0	1.0	0.0	0.0	0.0	0.0	0.0	1.0	0.0	1.0	0.0	0.0	0.0	0.0	0.0	0.0	0.0	0.0	0.0
PWY-6124	0.0	0.0	0.0	0.0	0.0	0.0	0.0	0.0	0.0	0.0	0.0	0.0	0.0	0.0	0.0	0.0	0.0	0.0	0.0	0.0	0.0	0.0	0.0	0.0	0.0	0.0	0.0	0.0	0.0	0.0	0.0	0.0	0.0	0.0	0.0	0.0	0.0	0.0	0.0	0.0	0.0	0.0	0.0	0.0	0.0	0.0	0.0	1.1111	0.0	0.0	0.0	0.0	0.0	0.0	0.0	0.0	0.0	0.0	0.0	0.0	0.0	0.0	0.0	0.0	0.0	0.0	0.0	0.0	0.0	0.0	0.0	0.0	0.0	0.0	0.0	0.0	0.0	0.0	0.0	0.0	0.0	0.0	0.0	0.0	0.0	0.0	0.0	0.0	0.0	0.0	0.0	0.0	0.0	0.0	0.0	0.0	0.0	0.0	0.0	0.0	0.0	0.0	0.0	0.0	0.0	0.0	0.0	0.0	0.0	0.0	0.0	0.0	0.0	0.0	0.0	0.0	0.0	0.0	0.0	0.0	0.0	0.0	0.0	0.0	0.0	0.0	0.0	0.0	0.0	0.0	0.0	0.0	0.0	0.0	0.0	0.0	0.0	0.0	0.0	0.0	0.0	0.0	0.0	0.0	0.0	0.0	0.0	0.0	0.0	0.0	0.0	0.0	0.0	0.0	0.0	0.0	0.0	0.0	0.0	0.0	0.0	0.0	0.0	0.0	0.0	0.0	0.0	0.0	0.0	0.0	0.0	0.0	0.0	0.0	0.0	0.0	0.0	0.0	0.0	0.0	0.0	0.0	0.0	0.0	0.0	0.0	0.0	0.0	0.0	0.0
PWY-6126	1.4334	1.5413	1.3889	1.377	1.3889	0.0	1.677	1.3846	1.4373	1.4354	1.3023	1.4377	0.0	1.3038	1.3889	1.4373	1.3893	1.4368	1.3901	1.3893	1.3879	1.4623	1.3897	1.3879	1.3333	1.3884	1.3901	1.3893	1.2627	1.3201	1.4368	1.4483	1.3879	1.5441	1.3907	2.1913	1.3889	1.3014	1.3034	1.4334	1.7071	0.0	1.3884	1.3897	0.0	1.6515	1.377	1.6535	1.3897	1.377	1.5273	0.0	0.0	1.4368	1.4348	1.7333	1.3893	0.0	1.377	1.5424	0.0	0.0	1.377	1.377	1.7345	1.3904	1.4943	1.4359	1.3884	1.3884	1.4354	1.4354	1.3874	1.4368	1.5141	1.4341	1.3889	1.5413	1.3874	1.4781	1.4237	1.4237	2.0777	1.3889	1.3879	1.3861	1.3889	1.5407	1.4368	1.4341	1.3897	1.377	0.0	1.2635	1.3893	1.3884	1.7004	1.5	1.3904	0.0	0.0	1.4377	1.3897	1.5273	0.0	1.377	1.3897	0.0	1.3333	0.0	1.5556	1.4	1.377	1.3904	0.0	1.4	0.0	1.4	1.3884	1.4354	1.3893	1.4384	1.4634	0.0	1.4364	1.1575	1.4	1.377	1.3034	1.5935	1.3837	1.4483	1.4483	1.2627	1.9005	1.3014	1.4341	0.0	0.0	1.8836	1.791	1.3034	1.2639	1.3893	1.6006	0.0	1.6471	1.4627	1.2635	1.2635	1.4373	1.3889	1.3893	1.2632	1.377	1.4373	1.8323	1.4359	1.3889	1.4867	1.3916	0.0	1.5433	1.9355	1.3893	1.4373	1.3345	2.0355	1.4348	1.5849	1.5433	1.3874	1.5424	1.3854	1.3897	1.9153	1.4327	0.0	1.3893	1.3884	1.3893	1.4377	1.3889	1.3889	1.3901	1.377	1.3803	1.5937	1.6867	1.4237
PWY-621	0.0	0.0	0.0	0.0	0.0	0.0	0.0	0.0	0.0	0.0	0.0	0.0	2.1429	0.0	0.0	0.0	0.0	0.0	0.0	0.0	0.0	0.0	0.0	0.0	1.9091	0.0	0.0	0.0	0.0	0.0	0.0	0.0	0.0	0.0	1.1667	0.0	0.0	0.0	0.0	0.0	2.1053	0.0	0.0	0.0	0.0	0.0	0.0	0.0	0.0	1.6216	1.8462	1.875	1.6	0.0	0.0	0.0	0.0	1.6	0.0	0.0	0.0	0.0	1.1538	1.6216	0.0	0.0	0.0	0.0	0.0	0.0	0.0	0.0	0.0	0.0	0.0	0.0	0.0	0.0	0.0	0.0	1.5	0.0	0.0	0.0	0.0	0.0	0.0	0.0	0.0	0.0	0.0	0.0	0.0	0.0	0.0	0.0	0.0	1.6	0.0	0.0	0.0	0.0	0.0	1.6216	0.0	1.875	0.0	0.0	1.875	2.2222	2.0571	1.8947	2.0571	0.0	2.0571	1.8947	1.8947	2.2857	0.0	0.0	0.0	0.0	0.0	0.0	0.0	0.0	1.6364	0.0	0.0	1.5652	0.0	0.0	0.0	0.0	1.5652	0.0	0.0	0.0	0.0	0.0	0.0	0.0	0.0	0.0	0.0	0.0	0.0	0.0	0.0	0.0	0.0	0.0	0.0	0.0	1.6	0.0	0.0	0.0	0.0	0.0	0.0	0.0	0.0	0.0	0.0	0.0	0.0	1.2	0.0	0.0	0.0	0.0	0.0	0.0	0.0	1.0909	0.0	1.6	0.0	0.0	0.0	0.0	0.0	0.0	0.0	0.0	0.0	0.0	1.125	0.0
PWY-6317	0.0	0.0	1.4118	1.4118	1.1429	1.0	1.1429	0.0	0.0	0.0	1.1429	1.4118	1.5	1.4118	1.4118	1.4545	1.4118	1.4118	1.4118	0.0	1.3333	1.4118	0.0	1.4118	1.4118	1.4118	0.0	1.2308	0.0	1.0	1.7073	0.0	1.0	1.1429	1.1429	0.0	1.1429	0.0	1.2	0.0	1.3333	1.5789	0.0	1.1429	0.0	0.0	0.0	0.0	0.0	1.1429	1.1429	1.4118	1.4118	0.0	0.0	0.0	1.5	0.0	1.3333	1.2	0.0	0.0	1.1429	1.1429	1.3333	0.0	0.0	0.0	1.5484	1.2	0.0	0.0	0.0	0.0	0.0	0.0	1.2	1.2	0.0	0.0	1.2	0.0	0.0	1.2	0.0	0.0	1.1429	0.0	0.0	0.0	0.0	1.1429	0.0	0.0	1.4118	1.1429	0.0	1.4545	1.4118	1.1429	0.0	0.0	0.0	1.1429	0.0	1.3333	0.0	0.0	1.4118	1.1429	1.4118	1.4118	1.4118	1.3333	1.1429	1.5484	0.0	1.3333	0.0	0.0	1.4118	1.1429	1.3333	0.0	0.0	0.0	1.3333	1.5	0.0	0.0	0.0	1.0	0.0	0.0	2.1429	0.0	0.0	0.0	1.2	0.0	0.0	0.0	0.0	0.0	0.0	0.0	0.0	0.0	0.0	0.0	0.0	1.3333	1.1429	0.0	1.5	0.0	0.0	0.0	0.0	1.0	0.0	0.0	0.0	0.0	0.0	0.0	0.0	1.2308	0.0	1.1429	1.1429	0.0	1.2	0.0	0.0	1.0	1.1429	1.1429	0.0	1.2	0.0	0.0	1.0	1.4118	1.5	1.3333	0.0	1.2	1.0	1.0
PWY-6351	1.7143	1.5652	1.2632	1.9459	1.5	1.8	1.8	0.0	1.0909	1.7143	2.1176	1.7143	1.7143	1.6	1.5652	1.5652	1.8	1.6	1.5	1.5	1.2414	1.3333	1.7143	1.7143	1.7143	1.2	1.125	1.9459	1.2414	1.5	1.8	1.125	1.125	1.7143	2.1818	0.0	1.5	0.0	2.2222	1.3091	2.1176	1.8462	1.8462	1.7143	2.0	1.3846	1.9459	1.8	2.1053	2.3226	2.3226	2.6471	2.4658	2.1818	1.0909	0.0	2.0	1.3333	1.5652	2.449	0.0	1.125	1.7143	2.0	2.7541	1.7143	2.3226	1.1429	2.4	2.1818	1.8	1.125	1.3562	1.8	1.5652	1.8947	2.3226	2.1818	0.0	1.3714	1.0909	1.0909	1.2	1.2632	1.125	0.0	2.0	1.8947	1.125	1.2414	1.7143	1.5	1.0	1.8	2.1176	1.7143	1.0909	2.3226	1.7143	0.0	1.8	2.6952	1.5652	1.9459	1.8	1.5	1.5	0.0	1.5	0.0	1.5	1.5	1.0909	1.5	0.0	1.5	0.0	1.5	1.6	1.0909	1.5	1.2414	1.2414	1.4527	1.8	1.0909	2.3226	2.1818	1.2414	1.0909	1.6	1.6	1.8	1.1667	1.125	0.0	1.0909	1.9459	2.1176	1.3333	1.125	1.3953	1.3702	2.1818	1.2414	1.7143	0.0	1.3404	1.2766	1.7143	1.6216	2.4	2.4	1.8	2.1176	1.2632	1.2766	1.8	2.1176	1.8462	1.0909	0.0	2.087	1.2	1.8	1.2414	1.0909	1.0909	1.2414	1.5	3.2727	1.7143	2.3226	1.5	1.8462	2.1176	1.5	0.0	2.1818	0.0	2.0	1.3483	1.7143	1.3333	1.7143	1.5652	1.5	1.2	1.8	1.125
PWY-6606	1.3333	1.4118	1.4118	0.0	1.4118	0.0	0.0	1.4545	0.0	1.1429	1.4118	2.1818	0.0	2.6087	2.2857	2.0	1.4545	2.1818	2.5263	1.4545	1.5789	2.5263	2.6667	2.2857	0.0	2.0	1.5789	0.0	2.7907	1.4815	2.8718	0.0	0.0	0.0	0.0	0.0	1.4118	0.0	1.4118	1.1429	0.0	2.2857	2.1818	1.1429	2.2857	0.0	0.0	0.0	2.1818	0.0	1.5484	0.0	0.0	1.4545	0.0	0.0	1.4118	0.0	0.0	1.5484	1.4118	1.2	0.0	0.0	3.2	2.5263	1.4118	1.5789	2.6667	1.4545	0.0	2.1818	0.0	2.0	1.3333	1.0	2.1818	2.1818	2.0	0.0	0.0	0.0	1.2632	0.0	0.0	0.0	1.5	1.4118	1.1429	0.0	1.4545	0.0	0.0	2.2857	2.1818	1.3333	0.0	0.0	2.5263	0.0	2.6087	2.1818	0.0	0.0	1.1429	1.6	2.2857	0.0	1.4118	0.0	0.0	0.0	0.0	1.4118	1.4118	1.5789	1.6154	0.0	2.6667	0.0	1.6552	0.0	0.0	0.0	2.4	0.0	0.0	0.0	1.5484	0.0	1.3333	0.0	0.0	0.0	0.0	1.6154	0.0	1.3333	1.4545	2.0	0.0	1.2	1.2	1.4545	0.0	1.3333	0.0	0.0	0.0	0.0	1.4118	2.1818	2.1818	1.4118	0.0	1.0	1.4118	1.3333	1.4118	0.0	1.3333	1.1429	2.0	0.0	2.0	0.0	0.0	0.0	1.1429	0.0	2.4	2.4	3.0	1.4118	1.1429	0.0	1.1429	0.0	1.3333	1.4118	2.1818	0.0	1.3333	1.4545	1.25	0.0	0.0	0.0	0.0	0.0
PWY-6609	1.1429	1.0	1.2308	0.0	1.2	1.2308	1.2308	0.0	1.0	0.0	0.0	1.1429	1.25	1.2	1.1429	1.2	1.2	1.1429	1.1429	1.0	0.0	1.2	1.25	1.1429	1.2308	1.2	1.1429	1.1429	1.1429	0.0	0.0	1.0	0.0	0.0	0.0	1.0	1.2308	1.1429	1.1429	1.0	1.2	1.1429	1.0	0.0	1.1429	1.3333	1.25	0.0	0.0	0.0	0.0	1.2632	1.25	1.2	0.0	1.3333	1.2	0.0	1.1429	0.0	1.2	1.0	0.0	0.0	0.0	0.0	1.2	1.0	0.0	1.2	0.0	1.2	1.0	1.0	1.0	1.1429	0.0	0.0	1.2	1.0	0.0	1.1429	1.5	1.0	0.0	0.0	0.0	1.0	1.0	0.0	1.1429	1.0	0.0	1.0	1.2308	1.1429	1.0	0.0	1.2	0.0	0.0	0.0	0.0	1.2308	0.0	1.25	1.1429	1.2	1.1429	1.2308	1.2	1.25	1.2	1.1429	1.2308	1.25	1.2	1.25	0.0	1.1429	1.25	1.0	1.1429	1.0	1.1429	0.0	0.0	0.0	1.0	1.0	1.0	0.0	1.1429	1.0	1.0	1.1429	1.0	1.0	1.2308	2.0	1.0	1.0	1.0	1.0	0.0	1.1429	1.0	1.0	0.0	1.1429	0.0	1.1429	1.2	1.0	1.2308	0.0	0.0	1.1429	0.0	1.2632	2.3529	0.0	1.1429	1.0	0.0	0.0	1.2	0.0	0.0	0.0	0.0	0.0	0.0	0.0	1.1429	1.0	1.0	0.0	1.1429	0.0	0.0	1.0	1.2	1.1429	1.2	1.1429	1.1429	0.0	1.1429	0.0
PWY-6837	0.0	0.0	1.2	1.0	1.3333	1.8462	1.8327	0.0	0.0	0.0	1.0	1.4545	3.4286	1.1429	2.0	1.1429	1.3333	1.1429	1.1429	1.3333	1.2	1.1429	1.2	1.25	1.1429	1.1429	0.0	1.25	0.0	0.0	3.0	2.1818	1.1429	2.0	2.3529	1.2727	1.0	1.2308	1.3333	0.0	2.0	1.2	0.0	1.2	0.0	1.1429	1.0	1.0	1.0	1.0	1.0	1.0	0.0	1.4118	1.0	1.2	2.4	1.1429	1.0	1.3333	1.1429	1.0	5.7143	5.3846	1.0	1.0	0.0	1.0	1.3333	2.1818	0.0	0.0	0.0	1.1429	1.0	1.0	1.0	1.0	0.0	0.0	0.0	1.0	4.0	1.0	0.0	1.1429	1.3333	0.0	0.0	0.0	0.0	1.2	2.1818	1.0	2.6667	2.4	1.0	1.0	1.1429	0.0	0.0	1.0	5.2174	1.0	0.0	1.3333	1.1429	1.2308	1.1429	1.4118	2.2857	1.1429	1.2	2.0	1.2308	1.2632	2.0	4.2105	1.0	0.0	2.0	0.0	1.4815	0.0	0.0	0.0	1.1429	1.1429	1.1429	3.2	0.0	1.3333	3.2	1.2	0.0	2.1818	0.0	0.0	0.0	2.4	1.25	2.3529	2.3529	1.2308	3.0	1.0	1.1429	0.0	0.0	0.0	1.0	2.4	1.3333	0.0	2.1818	0.0	4.0	0.0	1.0	1.4545	1.3333	2.1818	0.0	1.2727	1.0	0.0	1.25	0.0	0.0	3.2	1.0	1.0	1.0	0.0	0.0	1.0	1.2308	1.0	2.4	1.0	1.0	0.0	2.0	1.1429	1.1429	1.0	0.0	1.2	0.0	0.0
PWY-7007	0.0	3.6923	2.8085	0.0	1.6	1.6552	0.0	0.0	0.0	0.0	1.5	3.8919	4.0	1.4545	2.5143	0.0	2.7097	2.6667	0.0	1.5	4.0	2.3529	2.7429	3.0508	1.4815	0.0	1.5	1.7391	0.0	1.6634	4.0678	0.0	0.0	2.4348	1.7568	1.2727	1.5385	2.7586	2.8475	0.0	2.2857	0.0	2.7429	1.6364	1.6364	1.4118	1.4545	1.6667	0.0	1.4815	1.2727	1.6438	1.7143	2.8085	1.6327	1.4118	2.8364	1.1429	0.0	0.0	0.0	1.5238	4.9123	4.587	1.7568	1.6634	4.2	1.2632	1.2632	3.6364	0.0	0.0	0.0	1.5	1.2632	0.0	0.0	1.28	2.4828	1.2	0.0	0.0	1.6327	0.0	0.0	1.1429	0.0	1.6716	0.0	0.0	0.0	2.4	0.0	0.0	2.5366	2.8085	0.0	1.2941	1.5385	0.0	1.7638	0.0	1.5385	0.0	1.6364	2.7097	2.5	2.5263	0.0	1.5789	2.6667	1.4118	1.5484	2.5	2.6667	3.6923	2.7097	1.7073	1.4815	0.0	1.5238	0.0	0.0	0.0	1.2632	0.0	1.5135	0.0	1.5135	0.0	0.0	0.0	0.0	2.6087	1.4118	1.4815	0.0	1.25	2.7429	0.0	1.4815	0.0	0.0	1.28	1.5484	0.0	1.3333	0.0	0.0	0.0	1.28	2.4615	1.6154	1.5135	1.5484	0.0	1.6552	1.6842	0.0	0.0	1.5385	0.0	0.0	0.0	0.0	0.0	1.6901	1.2	0.0	3.4286	0.0	0.0	0.0	1.28	0.0	0.0	1.6842	0.0	3.0968	0.0	0.0	0.0	2.7907	0.0	2.4615	0.0	0.0	1.5484	0.0	0.0
PWY-7111	2.5263	1.6271	1.749	1.6364	1.5522	1.28	1.28	1.5	1.65	1.5	0.0	1.7935	1.7778	1.7881	1.7647	1.7409	1.8082	1.7944	1.7797	1.7143	1.7901	1.8398	1.7942	1.8065	1.746	1.6815	1.5522	0.0	1.5385	1.6929	1.8278	1.25	1.6364	1.7869	1.7814	0.0	1.5584	1.5632	1.6765	0.0	1.7266	1.5714	1.5701	1.5385	1.5686	1.0	1.6667	1.6667	1.6721	1.7231	1.7266	1.7391	1.6634	1.6929	1.5385	1.0	1.5714	0.0	0.0	1.5796	1.5584	1.6552	1.76	1.7577	1.697	1.6865	1.5484	2.5263	1.5714	1.5766	1.5385	1.2308	1.2308	1.5135	1.5632	1.5238	1.6783	1.6783	1.5748	1.2308	1.2	1.2308	1.1429	1.2	0.0	1.1429	1.6438	1.5238	1.2632	0.0	1.5439	1.2	1.28	1.5439	1.7409	1.7391	1.1429	1.6815	1.8098	1.2	1.7518	1.5439	1.5824	1.6364	1.5238	1.7647	1.75	1.65	1.7021	0.0	1.6552	1.5385	1.7143	1.7325	0.0	1.7757	0.0	1.6783	1.5714	1.5385	1.6952	1.5238	2.5532	1.4545	2.5455	0.0	1.6552	1.6364	1.5701	1.2	1.2903	1.4118	2.2857	1.2	0.0	2.4615	1.5556	1.5385	1.3143	1.4118	0.0	1.0	1.0	1.5556	2.5532	1.6854	0.0	1.25	1.2632	1.2727	1.5484	1.6596	1.6438	2.5143	1.5484	1.25	1.2632	1.5439	1.5385	2.5263	1.7426	0.0	1.4815	0.0	1.6438	1.2308	2.5882	1.4545	1.5135	1.5789	1.6829	1.561	1.75	1.5135	1.4545	1.3333	1.5319	1.1429	1.3043	1.6696	1.7391	1.4545	1.6744	1.7297	1.839	0.0	1.3	1.5385	1.25	1.2632
PWY-7118	0.0	0.0	0.0	1.3012	0.0	1.5924	1.8462	0.0	1.529	1.5	0.0	1.6996	0.0	1.62	0.0	1.546	1.5808	1.4187	1.546	1.3585	0.0	1.608	1.6608	0.0	1.529	0.0	0.0	0.0	0.0	1.6233	1.4407	1.4286	1.4595	1.3724	0.0	0.0	0.0	0.0	0.0	1.509	1.3139	0.0	1.3696	0.0	0.0	0.0	1.4173	2.0061	1.4783	1.6051	0.0	1.7225	1.7409	1.5875	0.0	0.0	0.0	1.2632	0.0	0.0	0.0	0.0	1.6263	1.625	2.1	0.0	0.0	0.0	0.0	0.0	1.1765	1.4694	1.3333	0.0	0.0	0.0	1.4815	1.3187	1.3986	1.5	1.2	1.2632	0.0	0.0	0.0	0.0	1.5254	0.0	1.5	1.2766	0.0	1.1429	0.0	1.4667	0.0	1.3187	1.6	1.9177	1.5817	1.3846	0.0	1.3562	0.0	1.3012	0.0	1.9048	1.5849	1.3822	1.5584	1.5738	1.5859	1.3534	1.5652	1.5753	1.5859	1.6132	0.0	1.6248	0.0	0.0	0.0	1.3458	1.6822	1.4634	0.0	0.0	1.5319	1.6463	0.0	0.0	0.0	0.0	1.633	0.0	0.0	0.0	0.0	0.0	1.8218	0.0	0.0	0.0	0.0	0.0	0.0	1.372	0.0	1.7647	0.0	0.0	0.0	0.0	0.0	0.0	1.5652	1.6981	1.3333	0.0	1.3043	1.3846	0.0	0.0	0.0	0.0	1.1765	1.519	0.0	1.4118	0.0	1.4876	0.0	1.4769	1.6811	0.0	1.4694	1.1667	0.0	0.0	0.0	1.4769	1.7734	1.4694	1.3671	1.6089	1.5864	0.0	0.0	0.0	1.3816	1.2857
PWY-7184	1.2558	0.0	1.125	1.125	1.2	1.3597	1.4962	1.2	1.1739	1.2	1.0	1.2	1.2414	1.0588	1.2	1.125	1.125	1.2	1.125	1.125	1.2	1.2	1.125	1.2	1.2414	1.125	1.2	1.125	1.2	1.0	1.2	1.2857	1.125	1.2	1.2	2.0	1.125	1.3279	1.0	1.1739	1.2	1.125	0.0	1.125	1.125	2.1372	0.0	1.4009	1.125	1.125	1.2	0.0	1.125	1.125	1.5882	3.0823	1.125	0.0	1.2	1.125	0.0	1.2	1.2	1.2	1.2	1.125	1.3263	1.2558	1.125	1.2	1.125	1.1739	1.125	1.2558	1.2558	1.2558	1.125	1.125	1.125	1.2162	1.2857	1.2558	2.4	1.125	1.3846	0.0	1.125	0.0	1.1739	1.1739	1.125	1.2857	1.1739	1.125	1.2	1.2857	1.2558	1.2	1.2	0.0	1.125	1.125	1.125	1.2	0.0	1.2414	1.125	1.2273	1.2273	1.2273	1.2273	1.2414	1.2273	1.2	1.2414	1.2414	1.2414	1.3333	1.125	0.0	1.125	1.3366	1.3534	0.0	1.2558	0.0	1.125	1.2	1.2857	1.2	0.0	1.2	1.3171	1.0	1.6364	0.0	1.5882	0.0	1.125	1.7664	1.3846	1.35	1.3846	1.125	1.5882	0.0	1.5	1.2	1.125	1.125	1.125	1.125	1.125	1.125	1.2	1.1739	2.1176	0.0	0.0	1.3171	1.2558	0.0	1.2273	0.0	1.125	1.1739	0.0	1.8305	1.1739	1.5882	1.2	1.2	1.2273	1.2	1.125	1.4595	1.2	0.0	1.125	1.125	1.2	1.1739	1.2	1.125	1.2273	1.2	0.0	1.7419	1.3433	1.2558
PWY-7185	0.0	0.0	0.0	0.0	0.0	0.0	0.0	0.0	0.0	0.0	0.0	0.0	0.0	0.0	0.0	0.0	0.0	0.0	0.0	0.0	0.0	0.0	0.0	0.0	0.0	0.0	0.0	0.0	0.0	0.0	0.0	0.0	0.0	0.0	0.0	0.0	0.0	0.0	0.0	0.0	0.0	0.0	0.0	0.0	0.0	0.0	0.0	0.0	0.0	0.0	0.0	0.0	0.0	0.0	0.0	0.0	0.0	0.0	0.0	0.0	0.0	0.0	0.0	0.0	0.0	0.0	0.0	0.0	0.0	0.0	0.0	0.0	0.0	0.0	0.0	0.0	0.0	0.0	0.0	0.0	0.0	0.0	0.0	0.0	0.0	0.0	0.0	0.0	0.0	0.0	0.0	0.0	0.0	0.0	0.0	0.0	0.0	0.0	0.0	0.0	0.0	0.0	0.0	0.0	0.0	0.0	0.0	0.0	0.0	0.0	0.0	0.0	0.0	0.0	0.0	0.0	0.0	0.0	0.0	0.0	0.0	0.0	0.0	0.0	0.0	0.0	0.0	0.0	0.0	0.0	0.0	0.0	0.0	0.0	0.0	0.0	0.0	0.0	0.0	0.0	0.0	0.0	0.0	0.0	0.0	0.0	0.0	0.0	0.0	0.0	0.0	0.0	0.0	0.0	0.0	0.0	0.0	0.0	0.0	0.0	0.0	0.0	0.0	0.0	0.0	0.0	0.0	0.0	0.0	0.0	0.0	0.0	0.0	0.0	0.0	0.0	0.0	0.0	1.0	0.0	0.0	0.0	0.0	0.0	0.0	0.0	0.0	0.0	0.0	0.0
PWY-7196	0.0	0.0	0.0	0.0	0.0	0.0	0.0	1.012	0.0	0.0	0.0	0.0	0.0	0.0	0.0	0.0	0.0	0.0	0.0	0.0	0.0	0.0	0.0	0.0	0.0	0.0	0.0	0.0	0.0	0.0	0.0	0.0	0.0	0.0	0.0	1.5556	0.0	0.0	0.0	0.0	0.0	0.0	0.0	0.0	0.0	1.6216	0.0	0.0	0.0	0.0	0.0	0.0	0.0	0.0	0.0	0.0	0.0	0.0	0.0	0.0	0.0	0.0	0.0	0.0	0.0	0.0	0.0	0.0	0.0	0.0	1.1429	0.0	0.0	0.0	0.0	0.0	0.0	0.0	0.0	0.0	0.0	0.0	0.0	0.0	0.0	0.0	1.012	0.0	0.0	0.0	0.0	0.0	0.0	1.1831	0.0	0.0	0.0	0.0	0.0	0.0	0.0	1.1915	0.0	0.0	0.0	0.0	0.0	0.0	0.0	0.0	0.0	0.0	0.0	0.0	0.0	0.0	0.0	0.0	0.0	0.0	1.3846	0.0	0.0	1.2651	0.0	0.0	0.0	0.0	0.0	0.0	0.0	0.0	0.0	0.0	0.0	0.0	0.0	0.0	0.0	1.5433	1.1351	1.2245	1.2353	0.0	0.0	0.0	0.0	0.0	0.0	0.0	0.0	0.0	0.0	0.0	0.0	0.0	1.8667	0.0	0.0	0.0	0.0	0.0	0.0	0.0	0.0	0.0	0.0	0.0	0.0	0.0	0.0	0.0	0.0	1.012	0.0	0.0	0.0	0.0	0.0	0.0	0.0	0.0	1.1351	0.0	0.0	0.0	0.0	0.0	0.0	0.0
PWY-7197	1.0	1.3333	1.0	1.0	1.0	1.0	1.1429	1.0	1.0	1.0	1.0	1.0	1.0	1.0	1.0	1.0	1.0	1.0	1.0	1.0	1.0	1.0	1.0	1.0	1.0	1.0	1.0	1.0	1.0	1.0	1.0	1.0	1.0	1.0	1.0	1.7143	1.0	1.0	1.0	1.0	1.1429	1.0	1.0	1.0	0.0	1.6667	0.0	1.2	1.0	1.0	1.0	0.0	1.0	1.0	1.3333	2.6667	1.0	0.0	1.0	1.0	0.0	1.0	1.0	1.0	1.0	1.0	1.0	1.0	1.0	1.0	1.0	1.0	1.0	1.0	1.0	1.0	1.0	0.0	1.0	1.0	1.0	1.0	1.7143	1.0	0.0	0.0	1.0	1.3333	1.0	1.0	1.0	1.0	1.0	1.0	1.0	1.0	1.0	1.0	1.0	0.0	1.0	1.0	0.0	1.0	1.0	1.0	1.0	1.0	1.0	1.0	1.0	1.0	1.0	1.0	1.0	1.0	1.0	1.0	1.0	0.0	1.1429	1.0	1.0	1.5	1.0	1.0	1.0	1.0	1.0	1.0	0.0	1.0	1.0	1.0	1.3333	0.0	1.3333	0.0	1.0	1.75	1.2	1.0	1.1429	1.0	1.3333	0.0	1.5	1.0	1.0	1.0	1.0	1.0	1.0	1.0	1.0	1.0	2.6667	0.0	0.0	1.0	1.0	0.0	1.0	0.0	1.0	1.0	0.0	2.0	1.0	1.3333	1.0	1.0	1.0	1.0	1.0	1.2	1.0	0.0	1.0	1.0	1.0	1.0	1.0	1.0	1.0	1.0	0.0	1.3333	1.1429	1.0
PWY-7200	0.0	0.0	0.0	0.0	0.0	0.0	0.0	0.0	0.0	0.0	0.0	0.0	0.0	0.0	0.0	0.0	0.0	0.0	0.0	0.0	0.0	0.0	0.0	0.0	0.0	0.0	0.0	0.0	0.0	0.0	0.0	0.0	0.0	0.0	0.0	0.0	0.0	0.0	0.0	0.0	0.0	0.0	0.0	0.0	0.0	0.0	0.0	0.0	0.0	0.0	0.0	0.0	0.0	0.0	0.0	0.0	0.0	0.0	0.0	0.0	0.0	0.0	0.0	0.0	0.0	0.0	0.0	0.0	0.0	0.0	0.0	0.0	0.0	0.0	0.0	0.0	0.0	0.0	0.0	0.0	0.0	0.0	0.0	0.0	0.0	0.0	0.0	0.0	0.0	0.0	0.0	0.0	0.0	0.0	0.0	0.0	0.0	0.0	0.0	0.0	0.0	0.0	0.0	0.0	0.0	0.0	0.0	0.0	0.0	0.0	0.0	0.0	0.0	0.0	0.0	0.0	0.0	0.0	0.0	0.0	0.0	0.0	0.0	1.2923	0.0	0.0	0.0	0.0	0.0	0.0	0.0	0.0	0.0	0.0	0.0	0.0	0.0	0.0	0.0	0.0	0.0	0.0	1.12	0.0	0.0	0.0	0.0	0.0	0.0	0.0	0.0	0.0	0.0	0.0	0.0	0.0	0.0	0.0	0.0	0.0	0.0	0.0	0.0	0.0	0.0	0.0	0.0	0.0	0.0	0.0	0.0	0.0	0.0	0.0	0.0	0.0	0.0	0.0	0.0	0.0	0.0	0.0	0.0	0.0	0.0	0.0	0.0	0.0	0.0	0.0
PWY-7208	1.1429	1.3333	1.1429	1.1429	1.1429	1.1429	1.1429	1.1429	1.0	1.1429	1.1429	1.2308	0.0	1.2308	1.25	1.2308	1.2308	1.2308	1.1429	1.2	1.2308	1.2308	1.2308	1.2	1.0	1.1429	1.2	1.1429	1.1429	1.1429	1.3333	1.0	1.1429	1.2308	1.1429	1.2632	1.1429	1.2	1.1429	1.0	1.1429	1.1429	1.0	1.1429	1.1429	1.4815	1.1429	1.1429	1.1429	1.1429	1.1429	0.0	1.0	1.1429	1.3333	1.4545	1.1429	0.0	1.0	1.2	0.0	1.1429	1.2308	1.2308	1.1429	1.1429	1.1429	1.1429	1.3333	1.2	1.2308	0.0	1.0	1.0	1.1429	1.1429	1.1429	1.1429	1.1429	1.0	1.1429	1.0	1.5	1.1429	0.0	1.1429	1.1429	1.3333	1.0	1.0	1.1429	1.1429	1.1429	1.1429	1.1429	1.0	1.0	0.0	1.1429	0.0	1.1429	1.2308	1.1429	1.1429	1.1429	1.1429	1.3333	1.3333	1.3333	1.3333	1.1429	1.3333	1.4118	1.1429	1.3333	1.3333	1.1429	1.1429	1.1429	1.1429	1.4118	1.3333	1.1429	1.2	1.1429	0.0	1.1429	1.1429	1.2	1.1429	1.3333	1.1429	1.1429	1.1429	1.3333	1.0	1.3333	0.0	1.3333	1.2727	1.1429	1.1429	1.1429	1.1429	1.3333	0.0	1.2	1.1429	1.2	1.2	1.1429	1.1429	1.1429	1.1429	1.1429	1.0	1.4545	1.4118	1.1429	1.1429	1.4545	0.0	1.1429	0.0	1.1429	1.0	1.1429	1.3333	1.1429	0.0	1.1429	1.0	1.1429	1.1429	1.1429	1.1429	1.1429	0.0	1.1429	1.1429	1.1429	1.0	1.1429	1.1429	1.2308	1.0	1.0	1.3333	1.1429	1.1429
PWY-7210	0.0	0.0	1.1111	0.0	0.0	0.0	0.0	0.0	1.1538	0.0	1.0	1.1111	0.0	0.0	1.25	1.1111	1.1111	1.25	1.1111	1.1111	0.0	0.0	1.1111	1.25	0.0	1.1111	0.0	1.1111	0.0	1.0	1.1111	0.0	1.1111	0.0	0.0	0.0	1.1111	0.0	1.0	1.1538	0.0	1.1111	0.0	1.1111	0.0	0.0	0.0	1.7098	1.1111	0.0	0.0	0.0	0.0	1.1111	0.0	3.1034	1.1111	0.0	0.0	1.1111	0.0	0.0	0.0	0.0	1.1111	1.1111	0.0	0.0	1.1111	0.0	0.0	1.1538	1.1111	0.0	0.0	0.0	1.1111	0.0	1.1111	1.1905	0.0	0.0	0.0	1.1111	0.0	0.0	1.1111	0.0	1.1538	1.1538	1.1111	0.0	1.1538	1.1111	0.0	0.0	0.0	0.0	1.1111	0.0	1.1111	1.1111	0.0	0.0	0.0	0.0	1.1111	0.0	0.0	0.0	0.0	0.0	0.0	1.25	0.0	0.0	0.0	0.0	1.1111	0.0	1.1111	0.0	0.0	0.0	0.0	0.0	0.0	0.0	0.0	0.0	0.0	0.0	0.0	1.0	0.0	0.0	0.0	0.0	1.1111	1.9091	1.3636	0.0	0.0	1.1111	1.5	0.0	1.5789	1.1765	1.1111	1.1111	0.0	1.1111	1.1111	1.1111	0.0	1.1538	1.7647	0.0	0.0	0.0	1.4286	0.0	1.3043	0.0	1.1111	1.1538	0.0	0.0	0.0	0.0	0.0	0.0	0.0	1.1111	1.1111	0.0	0.0	0.0	1.1111	1.1111	0.0	1.1538	1.1538	1.1111	0.0	0.0	0.0	1.5	0.0	0.0
PWY-7219	1.5686	1.5738	1.5748	1.5484	1.5748	1.5484	2.5263	1.5652	1.5766	1.6829	1.6842	1.6884	1.5484	1.6884	1.5748	1.6875	1.5758	1.6865	1.5775	1.5758	1.5726	1.749	1.5766	1.5726	1.4545	1.5738	1.5775	1.5758	1.3143	1.7371	1.6865	1.5484	1.5726	2.6087	1.5789	3.8919	1.5748	1.3134	1.6875	1.5686	4.2831	1.5766	1.5738	1.5766	1.5748	1.5758	1.5484	3.2432	1.5766	1.5484	2.5263	4.3049	0.0	1.6865	1.3134	1.7479	1.5758	1.5484	1.5484	2.6	1.3134	1.3134	1.5484	1.5484	2.6047	1.5782	1.5738	1.5738	1.5738	1.5738	1.6829	1.5726	1.5714	1.5758	1.7467	1.5701	1.5748	2.5946	1.5714	1.5775	1.5484	1.5484	2.9217	1.5748	1.3143	1.3115	1.5748	1.5726	1.5758	1.5701	1.5766	1.4545	1.5714	1.3158	1.5758	1.5738	3.5821	2.4	1.5782	2.8235	1.5714	1.6884	1.5766	2.5263	1.561	1.5484	1.5766	1.5484	1.4545	1.5484	2.6667	1.6	1.5484	1.5782	1.6	1.6	1.5484	1.6	1.5738	1.5726	1.5758	1.5	1.5484	1.68	1.5748	1.3125	2.0	1.5484	1.3171	2.8718	1.3077	1.5484	1.5484	1.5726	3.9344	1.3134	1.3125	1.6854	1.6842	1.7857	4.8485	1.3171	1.3165	1.5758	1.5748	1.5714	1.6552	1.5775	1.3158	1.3158	1.6875	1.5748	1.5758	1.3151	1.5484	1.5766	1.7881	1.3151	1.5748	1.6271	1.5808	1.3077	2.6047	3.5821	1.5758	1.5766	1.3134	4.2604	1.5714	1.5484	2.6047	1.5714	2.6	1.567	1.5766	4.0482	1.6765	1.4545	1.5758	1.5738	1.5758	1.5775	1.5748	1.5748	1.5775	1.5484	1.5556	1.5632	4.0678	1.5484
PWY-7221	1.1429	1.1429	1.0	1.2	1.0	1.1429	1.1429	1.2	1.0	1.2	1.0	1.1429	1.5238	1.1429	1.3333	1.1429	1.1429	1.2	1.1429	1.0	1.2	1.0	1.0	1.1429	1.25	1.0	1.1429	1.1429	1.1429	0.0	1.2	1.1429	0.0	1.25	1.2	1.6552	1.0	1.1429	1.0	1.0	1.1429	1.0	1.0	1.2	1.0	1.25	1.2308	1.5	1.0	1.2308	1.2632	1.5	1.2308	1.0	1.1429	1.4545	1.1429	1.1429	1.1429	1.0	0.0	1.0	1.2	1.2	1.4118	1.4118	1.3333	1.1429	1.0	1.0	1.0	1.0	1.0	1.0	1.1429	1.0	1.1429	1.1429	1.0	1.0	1.0	1.1429	1.2632	1.0	1.1429	1.1429	1.0	1.1429	1.0	1.0	1.1429	1.1429	1.1429	1.1429	1.0	1.0	1.3333	1.2632	1.2308	1.2308	1.0	1.1429	1.2	1.4118	1.0	2.7429	1.1429	2.4	1.2	2.4	1.2632	1.4545	2.7097	1.0	1.25	1.5135	1.5	1.25	1.0	1.0	1.1429	1.0	1.1429	1.2	1.2	1.1429	1.2308	1.2	1.1429	1.2308	1.1429	1.1429	1.1429	1.0	1.3333	1.0	1.1429	0.0	1.0	1.5135	1.1429	1.0	1.0	1.0	1.1429	0.0	0.0	1.2308	1.1429	1.1429	1.0	1.0	1.0	1.1429	1.2308	1.0	1.4545	1.2	1.4118	1.2	1.0	1.1429	1.0	1.4118	1.1429	1.0	1.1429	1.4118	1.0	1.1429	1.0	1.3333	2.0	1.1429	1.0	1.1429	1.0	0.0	1.2	1.0	1.1429	1.0	1.0	1.0	1.1429	1.1429	1.0	1.1429	1.2	1.1429
PWY-7228	1.2414	1.3333	1.0909	1.2414	1.0909	1.2923	1.3069	1.2414	1.125	1.2414	1.0	1.2	1.4545	1.0909	1.3333	1.2	1.2	1.2414	1.2	1.0909	1.2414	1.0909	1.0909	1.2	1.2766	1.0909	1.2	1.2	1.2	0.0	1.2414	1.2632	0.0	1.2766	1.2414	2.0571	1.0909	1.2414	1.0	1.125	1.2	1.0909	1.0909	1.2414	1.0909	1.5385	1.2632	1.44	1.0909	1.2632	1.2857	0.0	1.2632	1.0909	1.3846	1.7143	1.2	0.0	1.2	1.0909	0.0	1.0909	1.2414	1.2414	1.3846	1.3846	1.4483	1.2414	1.0909	1.0909	1.0909	1.125	1.0909	1.125	1.2414	1.125	1.2	1.2	1.0909	1.1538	1.125	1.2414	1.6364	1.0909	1.3333	1.3333	1.0909	1.3333	1.125	1.125	1.2	1.2414	1.2414	1.2	1.0909	1.0909	1.3846	1.2857	1.2632	0.0	1.0909	1.2	1.2414	1.3846	1.0909	1.7349	1.2	1.6364	1.2414	1.6364	1.2857	1.4118	1.726	1.0909	1.2766	1.4483	1.44	1.2766	1.0909	1.125	1.2	1.1538	1.2766	1.2857	1.2857	1.0909	1.2632	1.2414	1.2414	1.2632	1.3333	1.2632	1.2632	1.0	1.5	1.125	1.3846	0.0	1.0909	1.9237	1.2414	1.125	1.0909	1.0909	1.3846	0.0	0.0	1.3333	1.2	1.2	1.0909	1.0909	1.0909	1.2	1.2632	1.125	1.8	1.44	1.3846	1.3091	1.0909	0.0	1.0909	1.6364	1.2	1.125	1.2766	1.6364	1.125	1.3846	1.0909	1.3333	1.5	1.2	1.0909	1.2	1.0909	0.0	1.2414	1.0909	1.2	1.125	1.0909	1.0909	1.2	1.2	1.0909	1.3846	1.2414	1.2414
PWY-7229	1.5451	1.4845	1.4851	1.4694	1.4851	0.0	1.8902	1.4795	1.5502	1.5477	1.3714	1.5508	0.0	1.3733	1.4851	1.5502	1.4857	1.5497	1.4867	1.4857	1.4839	1.5844	1.4862	1.4839	1.4118	1.4845	1.4867	1.4857	1.3206	1.3945	1.5497	1.5652	1.4839	1.6981	1.4876	2.0971	1.4851	1.3702	1.3729	1.5451	1.9351	0.0	1.4845	1.4862	0.0	1.6049	1.4694	1.8557	1.4862	1.4694	1.6744	0.0	0.0	1.5497	1.3702	1.6957	1.4857	0.0	1.4694	1.6957	0.0	0.0	1.4694	1.4694	1.9765	1.4872	1.6284	1.5484	1.4845	1.4845	1.5477	1.5477	1.4831	1.5497	1.6559	1.546	1.4851	1.6941	1.4831	1.6061	1.5319	1.5319	1.9765	1.4851	1.3206	1.3187	1.4851	1.4839	1.5497	1.546	1.4862	1.4694	0.0	1.3216	1.4857	1.4845	1.9251	1.6364	1.4872	0.0	0.0	1.5508	1.4862	1.6744	0.0	1.4694	1.4862	0.0	1.4118	0.0	1.7143	1.5	1.4694	1.4872	0.0	1.5	0.0	1.5	1.4845	1.5477	1.4857	1.5517	1.5859	0.0	1.5491	1.1887	1.5	1.4694	1.3729	1.7684	1.3161	1.5652	1.5652	1.3206	1.8848	1.3702	1.3696	0.0	0.0	1.7736	2.063	1.3729	1.322	1.4857	1.5491	0.0	1.6	1.5849	1.3216	1.3216	1.5502	1.4851	1.4857	1.3211	1.4694	1.5502	1.7207	1.3714	1.4851	1.618	1.4887	0.0	1.697	1.9251	1.4857	1.5502	1.4133	2.0416	1.5469	1.5319	1.697	1.4831	1.6957	1.4805	1.4862	2.2601	1.544	0.0	1.4857	1.4845	1.4857	1.5508	1.4851	1.4851	1.4867	1.4694	1.4737	1.5416	1.9048	1.5319
PWY-7235	0.0	0.0	0.0	0.0	0.0	0.0	0.0	0.0	0.0	0.0	0.0	0.0	0.0	0.0	0.0	0.0	0.0	0.0	0.0	0.0	0.0	0.0	0.0	0.0	0.0	0.0	0.0	0.0	0.0	0.0	0.0	0.0	0.0	0.0	0.0	0.0	0.0	0.0	0.0	0.0	0.0	0.0	0.0	0.0	0.0	0.0	0.0	0.0	0.0	0.0	0.0	0.0	0.0	0.0	0.0	1.0	0.0	0.0	0.0	0.0	0.0	0.0	0.0	0.0	0.0	0.0	0.0	0.0	0.0	0.0	0.0	0.0	0.0	0.0	0.0	0.0	0.0	0.0	0.0	0.0	0.0	0.0	0.0	0.0	0.0	0.0	0.0	0.0	0.0	0.0	0.0	0.0	0.0	0.0	0.0	0.0	0.0	0.0	0.0	0.0	0.0	0.0	0.0	0.0	0.0	0.0	0.0	0.0	0.0	0.0	0.0	0.0	0.0	0.0	0.0	0.0	0.0	0.0	0.0	0.0	0.0	0.0	0.0	0.0	0.0	0.0	0.0	0.0	0.0	0.0	0.0	0.0	0.0	0.0	0.0	0.0	0.0	0.0	0.0	0.0	0.0	0.0	0.0	0.0	0.0	0.0	0.0	0.0	0.0	0.0	0.0	0.0	0.0	0.0	0.0	0.0	0.0	0.0	0.0	0.0	0.0	0.0	0.0	0.0	0.0	0.0	0.0	0.0	0.0	0.0	0.0	0.0	0.0	0.0	0.0	0.0	0.0	0.0	0.0	0.0	0.0	0.0	0.0	0.0	0.0	0.0	0.0	0.0	0.0	0.0
PWY-7268	0.0	0.0	0.0	1.2	0.0	1.2	1.0	0.0	0.0	0.0	0.0	0.0	1.2	0.0	0.0	0.0	0.0	0.0	0.0	0.0	0.0	0.0	0.0	0.0	0.0	0.0	0.0	0.0	0.0	0.0	0.0	1.2	0.0	1.2	1.2	1.0	0.0	0.0	0.0	0.0	1.2	0.0	0.0	0.0	0.0	0.0	1.2	0.0	0.0	1.2	1.2	1.2	1.2	0.0	0.0	0.0	0.0	1.0	0.0	0.0	0.0	0.0	1.2	1.2	0.0	0.0	0.0	0.0	0.0	0.0	0.0	0.0	0.0	0.0	0.0	0.0	0.0	0.0	0.0	0.0	1.0	1.0	0.0	0.0	0.0	0.0	0.0	0.0	0.0	0.0	0.0	1.0	0.0	0.0	0.0	0.0	1.6364	1.2	0.0	1.2857	0.0	0.0	0.0	1.2	0.0	1.2	0.0	1.2	1.2	0.0	1.2	1.2	1.2	0.0	0.0	1.2	0.0	1.2	0.0	0.0	0.0	0.0	1.0	0.0	0.0	0.0	1.2	1.2	0.0	0.0	0.0	1.2	1.2	0.0	1.8	0.0	0.0	0.0	0.0	0.0	1.2	0.0	0.0	0.0	0.0	0.0	0.0	0.0	0.0	0.0	0.0	0.0	0.0	0.0	1.2	0.0	0.0	0.0	0.0	1.0	0.0	0.0	0.0	1.0	0.0	0.0	0.0	1.0	0.0	0.0	0.0	0.0	0.0	0.0	0.0	1.2	0.0	1.0	0.0	0.0	0.0	0.0	0.0	0.0	0.0	1.2	0.0	0.0	1.2	1.2
PWY-7269	0.0	0.0	0.0	1.8182	0.0	1.9355	1.3023	0.0	0.0	0.0	0.0	0.0	1.92	0.0	0.0	0.0	0.0	0.0	0.0	0.0	0.0	0.0	0.0	0.0	1.8462	0.0	0.0	0.0	0.0	0.0	0.0	1.2308	0.0	1.9259	1.913	1.2	0.0	0.0	0.0	0.0	1.7778	0.0	0.0	0.0	0.0	0.0	1.7778	0.0	0.0	1.8462	1.7143	1.8462	1.8182	0.0	0.0	0.0	0.0	1.2	0.0	0.0	0.0	0.0	1.9556	1.9459	0.0	0.0	0.0	0.0	0.0	0.0	0.0	0.0	0.0	0.0	0.0	0.0	0.0	0.0	0.0	0.0	1.25	1.2308	0.0	0.0	0.0	0.0	0.0	0.0	0.0	0.0	0.0	1.2903	0.0	0.0	0.0	0.0	1.8182	1.8947	0.0	2.0	0.0	0.0	0.0	1.8824	0.0	1.8947	0.0	1.913	1.8182	0.0	1.8667	1.8667	1.8667	0.0	0.0	1.913	0.0	1.9048	0.0	0.0	0.0	0.0	1.3	0.0	0.0	0.0	1.8947	1.8182	0.0	0.0	0.0	1.8182	1.9259	0.0	2.2759	0.0	0.0	0.0	0.0	0.0	1.8182	0.0	0.0	0.0	0.0	0.0	0.0	0.0	0.0	0.0	0.0	0.0	0.0	0.0	1.8824	0.0	0.0	0.0	0.0	1.2941	0.0	0.0	0.0	1.2632	0.0	0.0	0.0	1.2632	0.0	0.0	0.0	0.0	0.0	0.0	0.0	1.7778	0.0	1.1429	0.0	0.0	0.0	0.0	0.0	0.0	0.0	1.6	0.0	0.0	1.7143	1.8824
PWY-7279	5.0	5.7831	5.9016	0.0	5.7831	0.0	0.0	2.8235	5.2093	4.2803	4.6154	4.9412	0.0	4.8	5.0526	4.1739	5.6376	4.8	5.3846	4.8	2.2857	5.6376	6.2222	4.7458	0.0	4.0	4.8485	5.0	5.3846	3.5821	4.2803	0.0	4.9412	0.0	0.0	0.0	5.0526	4.7458	5.7831	3.871	0.0	6.4	6.0	6.4	6.2222	5.1429	0.0	4.3979	4.0976	0.0	0.0	0.0	0.0	5.6376	5.9893	4.3279	6.2222	0.0	0.0	4.48	4.9412	3.84	0.0	0.0	4.9412	4.7458	5.8333	5.9893	5.2174	6.1165	3.9623	4.4308	5.434	5.434	5.0526	5.3846	5.2093	4.6452	3.5821	7.6654	0.0	0.0	6.6667	4.9412	4.4444	4.2105	4.0	5.3053	4.4423	3.871	5.7831	1.2	4.2	4.9412	5.6376	6.2222	0.0	0.0	5.7831	0.0	5.2174	6.2882	5.6376	0.0	2.6087	0.0	4.0976	0.0	0.0	0.0	0.0	0.0	0.0	4.9412	0.0	0.0	0.0	0.0	4.7458	4.4444	5.7831	0.0	0.0	0.0	6.4	5.0	0.0	0.0	5.3053	0.0	3.5821	0.0	1.5439	4.3636	1.4118	5.2093	4.3636	4.0976	5.2174	4.9412	1.5484	5.2093	5.2093	3.7753	4.0976	5.0	2.6667	8.4706	5.2093	5.5082	4.7458	6.2222	6.1538	5.0526	0.0	4.3979	5.6376	5.2093	5.0526	0.0	7.9741	2.9787	7.0	0.0	4.9412	5.434	5.0526	0.0	3.9623	0.0	4.9412	4.0	5.7831	3.6923	4.9412	1.2	4.4444	0.0	5.5172	3.871	4.8	5.434	5.7831	4.9412	4.0976	0.0	2.6667	2.6667	0.0	0.0
PWY-7282	1.0	1.2	1.25	0.0	1.1429	1.2727	1.28	1.0	1.0	1.1429	1.2903	0.0	1.2857	1.2727	0.0	1.25	0.0	0.0	1.2308	0.0	1.2727	1.28	0.0	1.2308	1.2632	1.2	1.2857	0.0	1.28	0.0	1.5439	1.2308	0.0	1.2857	1.5135	0.0	1.2	1.2308	1.1429	1.2308	1.2308	1.1429	1.1429	1.0	1.2	0.0	1.25	1.1429	1.2	1.25	1.28	1.2727	0.0	1.2632	1.4118	0.0	1.2308	1.2308	0.0	1.2973	1.28	1.2973	1.2632	1.2632	1.5135	1.2632	1.2	1.2632	1.2727	1.2727	1.4545	1.6	0.0	1.0	1.28	1.0	1.2632	1.5	1.2632	1.0	0.0	1.2308	1.3333	1.2727	0.0	1.0	1.2	1.2308	1.2308	1.2308	1.1429	1.3333	1.1429	1.4118	1.2308	1.1429	1.3333	1.5439	1.2632	1.2308	1.2308	1.4118	1.5584	1.2308	1.0	1.2903	1.2308	1.2632	1.2	1.2727	1.2727	1.2727	1.2632	1.1429	0.0	1.2941	1.2308	1.28	1.3	1.3	1.5	1.28	1.3061	1.1429	1.25	0.0	1.2727	1.2632	1.2727	1.2	1.1429	1.1429	1.2727	1.0	1.2632	1.2973	1.2727	1.2308	1.1429	1.1429	0.0	0.0	0.0	1.28	1.2	1.25	0.0	1.5484	1.7143	1.7778	1.2	1.1429	1.1429	1.25	1.2	1.3333	1.0	1.1429	1.2308	1.4545	1.28	0.0	1.0	0.0	1.2632	1.2308	1.2973	1.2632	1.2632	1.2	1.5238	1.2632	1.2727	1.0	1.0	1.0	1.0	0.0	1.1429	1.2308	1.2308	1.2308	1.1429	1.25	1.28	0.0	1.1429	1.1429	1.0	1.0
PWY-7288	2.7097	4.6154	3.871	0.0	1.6901	4.3636	3.1304	1.6438	1.6552	1.5	1.6552	4.8485	5.2174	3.0968	3.1461	3.0769	3.0769	3.0508	3.0986	1.7204	4.3279	3.0189	4.5405	6.4539	2.6667	2.9268	1.6941	3.871	1.6667	1.7021	4.48	3.3333	2.2857	2.8235	4.8485	3.1111	1.6552	4.2105	3.1899	1.4118	2.6087	4.2803	4.2803	3.5821	4.0	2.4828	1.6552	1.7518	1.6327	1.6716	1.6716	1.7021	1.5319	4.1739	1.4545	3.5821	3.1111	1.4118	1.2308	2.9091	2.7586	1.6327	7.5676	7.0	1.7746	1.6552	3.7753	1.6552	1.7308	3.84	0.0	1.0	0.0	2.9787	1.6364	0.0	0.0	1.6941	2.7586	1.2	0.0	1.1429	4.1005	1.4545	1.3333	1.3333	1.7073	4.4444	1.5	1.5	1.5789	3.5821	2.5263	0.0	2.9268	2.9787	1.2	1.6154	3.0189	0.0	1.6552	0.0	1.732	1.6327	3.6923	2.8235	3.2	3.84	1.6	3.6	4.48	2.5263	3.6364	3.0508	4.48	5.2174	2.9787	5.3846	1.6667	4.0258	3.1807	2.6667	3.75	0.0	1.5789	0.0	2.6667	0.0	2.963	2.2857	4.2105	1.5484	3.7753	3.0	2.5263	0.0	1.6716	1.6941	2.9388	4.1005	2.9787	4.2391	4.1379	1.7143	3.5821	1.6154	2.1818	1.2308	0.0	0.0	1.7021	2.8571	1.6327	1.6901	3.6923	2.6087	3.6923	3.5821	0.0	3.4286	1.732	1.5484	1.5789	2.8718	0.0	1.1429	4.7458	1.4545	0.0	4.3636	0.0	0.0	0.0	1.6271	1.5484	0.0	4.4444	0.0	5.2174	0.0	0.0	1.1429	2.9268	2.9787	3.0189	1.2308	1.6	3.75	1.4815	1.5
PWY-7385	0.0	0.0	1.0	0.0	1.0769	0.0	0.0	1.0769	0.0	1.0769	1.1053	1.1667	0.0	1.2	1.0769	1.1667	0.0	1.1667	1.2174	1.1053	1.2	1.377	1.2	1.1667	0.0	1.0	0.0	1.0	0.0	1.1053	1.0769	0.0	0.0	0.0	0.0	0.0	1.0769	0.0	1.1667	1.0769	0.0	1.0	0.0	1.1053	1.0	0.0	0.0	0.0	0.0	0.0	0.0	0.0	0.0	1.0769	0.0	0.0	1.0	0.0	0.0	0.0	0.0	0.0	0.0	0.0	1.0769	1.0769	0.0	0.0	1.1053	1.0769	1.1053	0.0	1.1667	0.0	0.0	1.0	0.0	0.0	1.0769	1.4483	0.0	0.0	0.0	1.0	0.0	0.0	0.0	0.0	1.0769	1.0769	1.0769	0.0	0.0	1.0	1.0	0.0	0.0	0.0	1.2	0.0	1.0	1.1667	1.0769	0.0	0.0	0.0	1.2	0.0	0.0	0.0	0.0	0.0	0.0	0.0	0.0	0.0	0.0	0.0	1.0	0.0	0.0	0.0	0.0	0.0	0.0	0.0	0.0	0.0	0.0	0.0	0.0	0.0	0.0	0.0	0.0	0.0	0.0	0.0	1.0	0.0	0.0	0.0	0.0	0.0	0.0	0.0	0.0	1.68	0.0	0.0	1.0769	1.0	1.0	0.0	0.0	1.0769	0.0	0.0	1.0	0.0	1.129	0.0	1.0769	0.0	1.0769	1.1667	0.0	0.0	0.0	0.0	1.0	0.0	1.0	1.0769	1.1667	0.0	0.0	0.0	1.0769	1.0769	1.1053	1.0769	1.0	1.2	1.2	0.0	1.0	1.0769	0.0	0.0
PWY-7388	0.0	0.0	1.3889	0.0	1.3861	0.0	0.0	0.0	0.0	0.0	0.0	1.3879	0.0	1.438	1.3861	1.3816	1.8867	1.2607	1.3868	0.0	0.0	1.3901	1.391	0.0	0.0	0.0	0.0	0.0	0.0	0.0	0.0	0.0	0.0	0.0	0.0	0.0	1.8846	0.0	2.3926	0.0	0.0	1.2651	1.3889	1.25	2.1296	0.0	0.0	2.3569	1.8876	0.0	0.0	0.0	0.0	1.8965	0.0	0.0	0.0	0.0	0.0	1.8934	0.0	0.0	0.0	0.0	1.392	0.0	0.0	0.0	0.0	0.0	0.0	0.0	0.0	0.0	0.0	0.0	1.3893	0.0	1.8086	0.0	0.0	0.0	0.0	0.0	0.0	0.0	1.3816	0.0	0.0	0.0	1.252	0.0	0.0	0.0	0.0	0.0	0.0	0.0	1.3893	0.0	0.0	0.0	1.3935	0.0	0.0	0.0	0.0	0.0	0.0	0.0	0.0	3.1595	0.0	0.0	0.0	0.0	0.0	0.0	0.0	0.0	2.6475	0.0	0.0	0.0	0.0	0.0	0.0	0.0	0.0	0.0	0.0	0.0	0.0	0.0	0.0	0.0	0.0	0.0	0.0	0.0	0.0	0.0	0.0	0.0	0.0	0.0	0.0	0.0	0.0	0.0	0.0	0.0	1.3874	0.0	0.0	0.0	0.0	0.0	1.3816	0.0	1.4373	0.0	0.0	0.0	0.0	0.0	0.0	0.0	0.0	0.0	0.0	0.0	1.2639	0.0	0.0	0.0	0.0	0.0	1.8893	0.0	0.0	0.0	1.3893	1.3868	1.8893	0.0	0.0	0.0	0.0	0.0
PWY-7409	0.0	0.0	0.0	1.6	1.2727	1.4815	2.7097	0.0	0.0	1.2	0.0	0.0	2.963	0.0	0.0	0.0	0.0	0.0	0.0	0.0	0.0	0.0	0.0	0.0	2.7429	0.0	0.0	0.0	0.0	0.0	0.0	0.0	0.0	2.8718	3.0986	1.3333	0.0	0.0	0.0	0.0	3.6923	0.0	0.0	0.0	0.0	0.0	1.5484	5.1803	0.0	1.6	1.6271	3.5556	1.6	0.0	0.0	0.0	0.0	3.7753	1.4545	0.0	0.0	0.0	2.6087	3.6923	0.0	0.0	0.0	0.0	0.0	0.0	0.0	0.0	0.0	0.0	0.0	0.0	0.0	0.0	0.0	0.0	0.0	0.0	0.0	1.3333	0.0	0.0	0.0	0.0	0.0	0.0	0.0	2.6087	0.0	1.25	0.0	0.0	0.0	1.6941	0.0	0.0	1.2	0.0	0.0	1.5	1.2308	2.2857	0.0	1.5484	1.4118	1.4545	1.4545	2.5263	3.3333	0.0	2.3529	1.4815	1.4545	1.5135	0.0	0.0	0.0	1.4815	1.25	0.0	0.0	0.0	1.7087	1.6716	0.0	1.4545	0.0	1.5484	2.7586	0.0	0.0	0.0	0.0	0.0	0.0	0.0	2.6087	0.0	0.0	0.0	0.0	0.0	0.0	0.0	0.0	0.0	0.0	0.0	0.0	0.0	2.6087	0.0	0.0	0.0	0.0	0.0	0.0	0.0	1.4118	1.1429	0.0	0.0	0.0	0.0	0.0	1.5484	0.0	0.0	1.4815	0.0	0.0	2.5263	0.0	1.4815	0.0	0.0	0.0	0.0	0.0	0.0	0.0	1.4815	0.0	1.2308	2.4	0.0
PWY-7411	1.1111	1.1538	1.5	1.1538	1.25	0.0	0.0	1.1111	1.1765	1.1111	1.3636	1.3953	1.2	1.2195	1.1538	1.3636	0.0	1.1905	1.3725	1.1538	1.2069	1.3924	0.0	0.0	1.2069	1.25	1.1765	1.1111	1.2	1.2121	1.4094	1.5	0.0	1.2121	1.2069	0.0	1.1765	1.2069	1.4286	1.1111	0.0	1.3043	1.3043	1.1111	1.3043	0.0	1.1905	1.5	0.0	1.1111	1.1538	0.0	1.2	1.2069	1.3043	0.0	1.3725	1.1765	0.0	1.2308	1.1765	1.1111	0.0	0.0	1.2121	1.1765	1.1538	1.1765	1.4384	1.3636	1.1765	0.0	1.0	1.1111	1.1905	0.0	0.0	0.0	1.1765	1.25	0.0	0.0	1.25	1.3514	0.0	0.0	1.25	1.0	1.25	1.1111	1.1538	1.25	0.0	1.25	1.6216	0.0	0.0	1.2162	1.3333	0.0	1.3953	1.1111	1.2245	1.1765	1.0	1.1905	1.3636	1.2069	0.0	0.0	1.1905	0.0	1.3953	0.0	1.1111	1.1538	1.1765	0.0	1.3846	1.1538	0.0	0.0	0.0	0.0	1.3043	0.0	1.3725	0.0	0.0	0.0	0.0	1.25	0.0	0.0	0.0	1.1111	1.1905	1.1111	1.25	1.7588	0.0	0.0	0.0	1.1765	1.1111	1.2069	0.0	1.25	1.25	1.3043	1.3043	1.3333	1.3043	1.1538	0.0	1.1111	0.0	1.1111	1.1538	0.0	1.3725	0.0	0.0	0.0	0.0	1.1111	1.1905	0.0	0.0	0.0	1.6071	1.3793	1.6279	1.0	1.1905	0.0	1.0	1.1111	0.0	1.3333	1.3333	1.0	1.3043	1.3333	1.2162	1.0	0.0	1.1111	0.0	0.0
PWY-7420	0.0	0.0	0.0	1.7143	0.0	2.8571	2.8571	0.0	0.0	0.0	0.0	0.0	3.0	0.0	0.0	0.0	0.0	0.0	0.0	0.0	0.0	0.0	0.0	0.0	3.2	0.0	0.0	0.0	0.0	0.0	0.0	1.6667	0.0	1.6667	1.75	5.0909	0.0	0.0	0.0	0.0	3.0	0.0	0.0	0.0	0.0	0.0	1.6667	0.0	0.0	1.6	3.0	3.75	1.6667	0.0	0.0	1.6	0.0	1.6	1.3333	0.0	0.0	0.0	1.6667	1.6667	0.0	0.0	0.0	0.0	0.0	0.0	0.0	0.0	0.0	0.0	0.0	0.0	0.0	0.0	0.0	0.0	1.6	1.3333	0.0	0.0	0.0	0.0	0.0	0.0	0.0	0.0	0.0	1.5	0.0	0.0	0.0	0.0	1.3333	1.7778	0.0	1.6	0.0	0.0	0.0	1.5	0.0	1.75	0.0	1.6667	1.6667	1.7143	1.7778	1.7143	1.6667	0.0	1.8182	1.7778	0.0	1.8333	0.0	0.0	0.0	0.0	1.75	0.0	0.0	0.0	2.6667	1.75	0.0	1.6	0.0	1.6	1.6667	0.0	1.6	0.0	0.0	0.0	0.0	0.0	1.7778	0.0	0.0	0.0	0.0	0.0	0.0	0.0	0.0	0.0	0.0	0.0	0.0	0.0	1.8182	0.0	0.0	0.0	0.0	1.5	0.0	0.0	0.0	1.6667	0.0	0.0	0.0	2.6667	0.0	1.3333	0.0	0.0	0.0	0.0	0.0	1.6667	0.0	1.3333	0.0	0.0	0.0	0.0	0.0	0.0	0.0	1.3333	0.0	0.0	1.6667	1.3333
PWY-922	1.1053	1.0	1.2	1.0769	1.0769	0.0	0.0	1.0769	1.0	1.1667	1.0769	1.3333	1.2	1.129	1.0769	1.0769	0.0	1.3333	1.0769	0.0	1.2281	1.12	1.0769	1.2174	1.1667	1.1667	1.0	1.0769	1.0	1.68	1.2	1.0	1.0	1.0769	1.0769	1.3548	1.0769	1.0	0.0	0.0	1.2537	1.0769	1.0769	1.0	1.0769	1.1667	1.0769	1.1053	1.0769	1.1667	1.1667	1.1053	1.1667	1.3333	1.0769	0.0	1.0	1.0769	1.0769	1.0769	1.0769	1.0769	1.0769	1.0769	1.0769	1.0769	1.0	1.0	1.0	1.377	0.0	1.0	1.0	1.0769	1.2	0.0	1.0769	1.0769	1.1667	1.1667	0.0	1.0	1.2281	1.1053	1.0	0.0	1.1667	1.0	0.0	0.0	1.2	0.0	1.0769	1.0769	1.0769	1.0769	1.0	1.0769	1.2	0.0	1.2727	1.0	1.3125	1.1667	1.0	1.1667	1.2	1.2	1.1053	1.2	1.0769	1.0769	1.1667	1.0769	0.0	1.2353	1.0769	1.1667	1.0	0.0	1.1667	0.0	0.0	0.0	1.0	0.0	1.2174	1.0769	1.0769	1.0769	1.0	1.0769	0.0	1.0769	0.0	1.0769	1.0769	1.0769	1.0769	1.0769	1.12	1.1667	1.0769	1.0769	1.1667	1.1667	0.0	1.0769	1.0	1.0	0.0	1.0769	1.0769	1.0769	1.0769	0.0	0.0	1.0	1.1053	0.0	1.0769	0.0	1.1667	0.0	1.0769	1.1053	1.0769	0.0	1.1053	0.0	1.0769	1.2	1.1667	1.0	1.3125	1.1667	1.0769	1.0769	1.0769	1.0	0.0	1.0	1.0	1.0769	1.12	1.0769	1.0	0.0	1.3125	1.0769
PWY3O-355	0.0	0.0	0.0	2.3226	0.0	1.1818	2.3333	0.0	0.0	0.0	0.0	0.0	13.4237	0.0	0.0	0.0	0.0	0.0	0.0	0.0	0.0	0.0	0.0	0.0	4.6061	0.0	0.0	0.0	0.0	0.0	0.0	2.1818	0.0	2.3762	2.52	3.0	0.0	0.0	0.0	0.0	2.3478	0.0	0.0	0.0	0.0	0.0	3.5217	3.5565	0.0	4.6452	3.5188	2.3704	2.359	0.0	0.0	0.0	0.0	2.3333	2.2857	0.0	0.0	0.0	2.6974	2.6933	0.0	0.0	0.0	0.0	0.0	0.0	0.0	0.0	0.0	0.0	0.0	0.0	0.0	0.0	0.0	0.0	2.3158	2.3226	0.0	0.0	0.0	0.0	0.0	0.0	0.0	0.0	0.0	2.3077	0.0	0.0	0.0	0.0	2.1176	3.4773	0.0	3.2143	0.0	0.0	0.0	2.3158	0.0	3.4699	0.0	2.3478	4.4746	2.3284	4.5843	4.4444	6.8276	0.0	4.5714	2.6114	2.3529	2.359	0.0	0.0	0.0	5.4545	1.1818	0.0	0.0	0.0	2.3415	4.5405	0.0	2.2857	0.0	2.2857	3.4521	0.0	4.5	0.0	0.0	0.0	0.0	0.0	0.0	0.0	0.0	0.0	0.0	0.0	0.0	0.0	0.0	0.0	0.0	0.0	0.0	0.0	5.7391	0.0	0.0	0.0	0.0	1.1429	0.0	0.0	0.0	0.0	0.0	0.0	0.0	2.3478	0.0	2.2979	0.0	0.0	0.0	0.0	0.0	2.2222	0.0	2.3077	0.0	0.0	0.0	0.0	0.0	0.0	0.0	2.25	1.3091	1.1739	4.4082	2.2703
PWY4FS-7	0.0	0.0	0.0	0.0	0.0	0.0	0.0	0.0	0.0	0.0	0.0	0.0	0.0	0.0	0.0	0.0	0.0	0.0	0.0	0.0	0.0	0.0	0.0	0.0	0.0	0.0	0.0	0.0	0.0	0.0	0.0	0.0	0.0	0.0	0.0	0.0	0.0	0.0	0.0	0.0	0.0	0.0	0.0	0.0	0.0	0.0	0.0	0.0	0.0	0.0	0.0	0.0	0.0	0.0	0.0	0.0	0.0	0.0	0.0	0.0	0.0	0.0	0.0	0.0	0.0	0.0	0.0	0.0	0.0	0.0	0.0	0.0	0.0	0.0	0.0	0.0	0.0	0.0	0.0	0.0	0.0	0.0	0.0	0.0	0.0	0.0	0.0	0.0	0.0	0.0	0.0	0.0	0.0	0.0	0.0	0.0	0.0	0.0	0.0	0.0	0.0	0.0	0.0	0.0	0.0	0.0	0.0	0.0	0.0	0.0	0.0	0.0	0.0	0.0	0.0	0.0	0.0	0.0	0.0	0.0	0.0	0.0	0.0	0.0	0.0	0.0	0.0	0.0	0.0	0.0	0.0	0.0	0.0	0.0	1.2	0.0	0.0	0.0	0.0	0.0	1.0	0.0	0.0	0.0	0.0	0.0	0.0	0.0	0.0	0.0	0.0	0.0	0.0	0.0	0.0	0.0	0.0	0.0	0.0	0.0	0.0	0.0	0.0	0.0	0.0	0.0	0.0	0.0	0.0	0.0	0.0	0.0	0.0	0.0	0.0	0.0	0.0	0.0	0.0	0.0	0.0	0.0	0.0	0.0	0.0	0.0	0.0	0.0	0.0	0.0
PWY4FS-8	0.0	0.0	0.0	0.0	0.0	0.0	0.0	0.0	0.0	0.0	0.0	0.0	0.0	0.0	0.0	0.0	0.0	0.0	0.0	0.0	0.0	0.0	0.0	0.0	0.0	0.0	0.0	0.0	0.0	0.0	0.0	0.0	0.0	0.0	0.0	0.0	0.0	0.0	0.0	0.0	0.0	0.0	0.0	0.0	0.0	0.0	0.0	0.0	0.0	0.0	0.0	0.0	0.0	0.0	0.0	0.0	0.0	0.0	0.0	0.0	0.0	0.0	0.0	0.0	0.0	0.0	0.0	0.0	0.0	0.0	0.0	0.0	0.0	0.0	0.0	0.0	0.0	0.0	0.0	0.0	0.0	0.0	0.0	0.0	0.0	0.0	0.0	0.0	0.0	0.0	0.0	0.0	0.0	0.0	0.0	0.0	0.0	0.0	0.0	0.0	0.0	0.0	0.0	0.0	0.0	0.0	0.0	0.0	0.0	0.0	0.0	0.0	0.0	0.0	0.0	0.0	0.0	0.0	0.0	0.0	0.0	0.0	0.0	0.0	0.0	0.0	0.0	0.0	0.0	0.0	0.0	0.0	0.0	0.0	1.2	0.0	0.0	0.0	0.0	0.0	1.0	0.0	0.0	0.0	0.0	0.0	0.0	0.0	0.0	0.0	0.0	0.0	0.0	0.0	0.0	0.0	0.0	0.0	0.0	0.0	0.0	0.0	0.0	0.0	0.0	0.0	0.0	0.0	0.0	0.0	0.0	0.0	0.0	0.0	0.0	0.0	0.0	0.0	0.0	0.0	0.0	0.0	0.0	0.0	0.0	0.0	0.0	0.0	0.0	0.0
PWY66-409	0.0	0.0	0.0	0.0	0.0	0.0	0.0	0.0	0.0	0.0	0.0	0.0	0.0	0.0	0.0	0.0	0.0	0.0	0.0	0.0	0.0	0.0	0.0	0.0	0.0	0.0	0.0	0.0	0.0	0.0	0.0	0.0	0.0	0.0	0.0	1.4273	0.0	0.0	0.0	0.0	0.0	0.0	0.0	0.0	0.0	1.3912	0.0	0.0	0.0	0.0	0.0	0.0	0.0	0.0	0.0	1.4648	0.0	0.0	0.0	0.0	0.0	0.0	0.0	0.0	0.0	0.0	0.0	0.0	0.0	0.0	0.0	0.0	0.0	0.0	0.0	0.0	0.0	0.0	0.0	0.0	0.0	0.0	1.6311	0.0	0.0	0.0	0.0	0.0	0.0	0.0	0.0	0.0	0.0	0.0	0.0	0.0	0.0	0.0	0.0	0.0	0.0	0.0	0.0	0.0	0.0	0.0	0.0	0.0	0.0	0.0	0.0	0.0	0.0	0.0	0.0	0.0	0.0	0.0	0.0	0.0	0.0	0.0	0.0	1.1962	0.0	0.0	0.0	0.0	0.0	0.0	0.0	0.0	0.0	0.0	0.0	0.0	0.0	0.0	0.0	1.6834	0.0	0.0	0.0	0.0	0.0	0.0	0.0	0.0	0.0	0.0	0.0	0.0	0.0	0.0	0.0	0.0	0.0	0.0	0.0	0.0	0.0	0.0	0.0	1.3383	0.0	0.0	0.0	0.0	0.0	0.0	0.0	0.0	0.0	0.0	0.0	0.0	0.0	0.0	0.0	0.0	0.0	0.0	0.0	0.0	0.0	0.0	0.0	0.0	0.0	0.0
PWY66-422	0.0	1.1429	1.4118	1.4118	1.1429	1.1429	1.3333	1.2	1.2	1.1429	1.1429	1.4118	1.5	1.4118	1.4118	1.4545	1.4118	1.4118	1.4118	1.4118	1.3333	1.4118	1.3333	1.4118	1.4118	1.4118	1.1429	1.2308	1.1429	1.0	1.7073	1.1429	1.0	1.1429	1.1429	1.1429	1.1429	1.1429	1.2	0.0	1.3333	1.5789	1.2308	1.1429	1.5484	1.0	1.1429	1.4118	1.1429	1.1429	1.1429	1.4118	1.4118	1.2	0.0	1.1429	1.5	1.1429	1.3333	1.2	1.2	1.1429	1.1429	1.1429	1.3333	1.2	0.0	1.2308	1.5484	1.2	1.3333	0.0	0.0	0.0	1.1429	0.0	1.2	1.2	1.4118	0.0	1.2	0.0	1.6	1.2	0.0	1.0	1.1429	1.1429	0.0	0.0	1.1429	1.3333	0.0	1.4118	1.4118	1.1429	0.0	1.4545	1.4118	1.5319	1.1429	1.4118	1.3333	1.1429	1.1429	1.3333	1.4118	1.1429	1.4118	1.3333	1.4118	1.4118	1.4118	1.3333	1.3333	1.5484	1.1429	1.3333	1.2308	1.2	1.4118	1.3333	1.3333	0.0	0.0	0.0	1.3333	1.5	1.1429	0.0	1.0	1.0	1.4118	0.0	2.9268	1.2	1.3333	1.0	1.2	1.2	1.1429	0.0	0.0	1.1429	1.1429	1.4118	0.0	1.6	1.1429	1.0	1.1429	1.3333	1.1429	0.0	1.5	0.0	1.2308	1.1429	1.2	1.1429	1.1429	0.0	0.0	0.0	1.1429	0.0	0.0	1.2308	0.0	1.1429	1.1429	1.1429	1.2	1.1429	1.0	1.1429	1.1429	1.1429	1.4545	1.2	1.4118	0.0	1.0	1.4118	1.5	1.3333	1.1429	1.2	1.1429	1.1429
SER-GLYSYN-PWY	1.1429	1.0	1.5	1.4815	1.4118	1.3333	1.3333	1.3333	1.1429	1.1429	1.4815	1.4545	1.5135	1.4815	0.0	1.4118	0.0	1.4545	1.3333	1.3333	1.4118	1.4545	1.4815	0.0	1.4545	1.4545	1.2	1.3333	1.3333	1.4815	1.6842	1.1429	1.1429	1.5319	1.5	1.1429	2.1818	1.0	1.5	1.1429	1.4815	1.4815	1.4545	1.4545	1.4815	1.1429	1.4815	1.4815	1.4545	1.4815	1.4545	1.5135	1.5	1.4815	1.4118	1.1429	1.4815	1.5	1.4118	1.4545	1.0	1.1429	1.5	1.5135	1.6154	1.5789	1.1429	1.1429	1.4545	1.4545	1.4545	1.1429	1.1429	1.1429	1.0	1.4118	1.4545	1.4815	2.3529	1.4118	1.2	2.0	1.4118	1.2	1.0	1.0	1.1429	1.0	1.1429	1.1429	1.3333	1.2	1.0	1.3333	1.5	1.5	1.1429	3.5	1.4118	2.0	1.4815	1.4118	2.0	1.4815	1.1429	1.4545	1.5	1.2308	1.5	1.4545	1.4545	1.4545	1.4545	1.4815	1.4545	1.5	1.5	1.4545	1.2308	1.1429	1.5	1.2	1.1429	2.1818	1.1429	0.0	1.4815	1.4118	1.0	1.4118	1.0	1.4118	1.1429	1.0	1.0	1.1429	1.0	1.1429	1.4118	1.4118	1.1429	1.1429	1.1429	1.0	1.0	1.5	0.0	1.3333	1.1429	1.1429	1.4118	1.4545	1.4545	1.1429	1.5135	1.1429	1.1429	1.0	1.3333	1.2	1.4815	1.0	1.3333	1.0	1.3333	1.1429	1.1429	1.2857	1.4815	1.0	1.5	1.0	1.5	1.3333	1.4118	1.4545	1.3333	2.4	1.4118	1.4545	1.4545	1.1429	1.4815	1.4545	1.4815	1.3333	1.3333	1.1429	1.4545	1.1429
SO4ASSIM-PWY	1.0	1.0	0.0	1.1429	0.0	2.1818	2.2857	0.0	0.0	1.0	0.0	0.0	1.1429	0.0	0.0	0.0	0.0	0.0	0.0	0.0	0.0	0.0	0.0	0.0	1.1429	0.0	1.1429	0.0	1.0	0.0	0.0	1.1429	0.0	1.1429	1.1429	0.0	0.0	1.0	0.0	0.0	1.1429	0.0	0.0	0.0	0.0	0.0	1.1429	0.0	0.0	1.1429	0.0	1.2	0.0	0.0	1.0	0.0	0.0	1.1429	0.0	0.0	1.0	1.0	1.1429	1.1429	0.0	0.0	1.0	1.0	0.0	0.0	0.0	0.0	1.0	1.0	1.0	0.0	0.0	0.0	0.0	1.0	1.1429	1.1429	1.0	0.0	1.0	1.0	0.0	1.0	0.0	0.0	1.0	1.1429	1.0	0.0	0.0	0.0	1.1429	1.1429	0.0	1.4118	0.0	0.0	0.0	1.1429	0.0	1.1429	0.0	1.1429	1.1429	1.1429	1.1429	1.1429	1.1429	0.0	0.0	1.1429	1.1429	1.1429	0.0	1.0	0.0	1.1429	1.3333	0.0	1.0	0.0	1.1429	1.1429	1.0	1.1429	1.0	1.1429	1.1429	0.0	0.0	1.0	1.0	0.0	0.0	0.0	1.1429	0.0	0.0	1.0	1.0	0.0	0.0	1.0	1.0	1.0	0.0	0.0	0.0	1.0	0.0	0.0	1.0	1.0	0.0	1.1429	0.0	0.0	0.0	0.0	0.0	1.0	1.0	1.1429	1.0	1.1429	0.0	0.0	0.0	1.0	0.0	1.3333	0.0	0.0	0.0	0.0	0.0	1.0	0.0	0.0	0.0	0.0	1.0	1.0	1.1429	1.1429
THRESYN-PWY	0.0	1.125	0.0	1.125	1.2414	1.0909	1.0909	1.125	1.125	1.1429	1.0909	1.2973	1.1538	1.1613	1.125	1.1538	1.1613	1.1429	1.1538	1.1429	1.2923	1.1613	1.1707	1.1613	1.1613	0.0	1.125	0.0	1.125	0.0	1.2857	1.125	1.0909	1.1429	1.125	1.2	0.0	1.125	0.0	1.1429	1.0909	1.1429	1.1429	1.125	1.125	1.0909	1.2857	0.0	1.2632	1.2766	1.2632	1.2857	1.2857	0.0	1.125	1.0909	0.0	1.125	1.0909	1.1538	0.0	1.125	1.2766	1.2632	1.2973	1.1667	1.125	1.125	1.125	0.0	1.1538	0.0	1.0909	1.125	1.125	0.0	1.2632	1.2414	0.0	1.125	1.125	1.0909	1.3333	1.0909	1.0909	1.0909	1.125	1.125	1.1429	1.125	1.125	1.125	1.125	1.125	0.0	0.0	1.0909	1.2923	1.1613	0.0	0.0	1.1429	1.2857	1.0909	1.125	1.1613	1.1707	1.1429	1.2632	0.0	1.1538	1.1538	1.1429	1.2632	1.1739	1.1739	1.3458	1.4876	1.125	1.1429	1.2632	1.0909	0.0	1.4694	1.2414	0.0	1.1429	1.125	1.125	1.125	1.125	1.0909	1.0909	1.2632	1.4694	1.125	1.125	0.0	1.2	1.1667	1.0909	1.0909	1.0909	1.125	1.2414	0.0	0.0	1.0909	1.0909	1.0909	1.125	0.0	0.0	1.125	1.125	1.1429	1.125	1.125	1.125	1.0909	1.2857	0.0	1.125	0.0	1.125	1.0909	0.0	1.125	1.1538	0.0	1.1538	1.125	1.1429	1.125	0.0	1.2414	0.0	0.0	0.0	1.125	1.1429	1.0909	0.0	1.1538	1.1667	1.0909	0.0	1.2414	1.0909	1.0909
TRNA-CHARGING-PWY	1.2857	1.445	1.44	1.5949	1.7379	1.4237	1.377	0.0	1.5366	1.6579	1.546	1.6258	1.6364	1.68	1.6051	1.7027	1.5949	1.6258	1.5652	1.5517	1.6579	1.5849	1.601	1.6258	1.5144	1.44	1.3923	1.7085	1.575	1.5949	1.8261	1.575	1.575	1.6913	1.6113	1.6364	2.2301	1.3057	1.3404	1.5181	1.5652	1.726	1.6689	1.5652	1.7027	1.8475	1.4483	1.9207	1.6051	1.6364	1.6364	1.7782	1.5849	1.6258	1.2663	1.6689	1.4483	1.5	1.5556	1.726	1.3404	1.3404	1.5909	1.5909	1.6154	1.5556	1.5181	1.4078	1.5849	1.7622	1.5181	1.5556	1.4651	1.3846	1.26	0.0	1.6113	1.6113	1.8129	1.68	1.3548	1.5949	2.0096	1.5181	1.4318	1.3476	1.5	1.44	1.4237	1.4483	1.8394	1.2857	1.3696	1.5366	1.4566	1.4566	1.6154	1.7027	1.5366	1.4237	1.5556	1.5949	1.8077	1.6364	1.5366	1.6154	1.546	1.5181	1.6051	1.546	1.5949	1.5273	1.575	1.5949	1.5181	1.575	1.4651	1.5849	1.6755	1.4078	1.6579	1.4157	1.3476	1.0769	1.3404	1.4824	2.016	1.7822	1.377	1.5	1.3923	1.5556	1.5613	1.5366	1.6279	1.299	1.3696	1.575	1.6154	1.44	1.7949	1.7746	1.75	1.3548	1.3263	1.6154	0.0	1.6981	1.5949	1.5949	1.5909	1.4911	1.44	1.3404	1.6579	1.5366	1.5181	1.3923	1.4911	1.4157	1.8529	1.3696	1.6689	1.509	1.7746	1.5556	1.3476	1.4651	1.26	1.299	1.6755	1.4911	1.5517	1.6579	1.6579	1.8806	1.4911	0.0	1.3846	1.546	1.6051	1.5366	1.44	1.6051	1.6051	1.5366	1.3846	1.3263	1.7746	1.5556
TYRFUMCAT-PWY	0.0	0.0	0.0	1.1538	0.0	1.4493	1.4286	0.0	0.0	0.0	0.0	0.0	2.3529	0.0	0.0	0.0	0.0	1.5	2.0	0.0	1.3043	2.3077	1.6667	1.3333	2.6667	0.0	0.0	1.1538	0.0	1.25	1.4634	0.0	0.0	2.3077	2.9412	1.0	1.25	0.0	0.0	0.0	1.3333	0.0	0.0	1.1111	1.3043	1.0	1.6667	1.3333	1.5	2.4	2.7273	2.7273	2.7273	1.3043	0.0	1.0	1.1111	0.0	0.0	0.0	0.0	0.0	1.6216	1.6216	1.6216	0.0	0.0	0.0	0.0	1.25	0.0	0.0	0.0	0.0	0.0	0.0	0.0	0.0	1.3953	0.0	1.0	0.0	0.0	0.0	0.0	0.0	1.1111	0.0	0.0	0.0	0.0	0.0	0.0	0.0	1.5	0.0	0.0	2.8571	1.4286	0.0	0.0	1.0	1.4286	1.5789	0.0	2.5301	0.0	1.3889	1.3514	1.3889	1.3846	1.4286	1.3725	1.25	1.6129	3.7288	2.9703	3.6735	1.1111	0.0	1.2069	0.0	0.0	0.0	0.0	0.0	1.5625	1.3043	0.0	0.0	0.0	1.1111	0.0	0.0	0.0	0.0	0.0	0.0	0.0	0.0	1.0	1.0	1.0	0.0	1.1111	0.0	0.0	0.0	0.0	0.0	0.0	0.0	1.1111	0.0	1.6216	0.0	1.0	0.0	0.0	0.0	0.0	0.0	0.0	1.1111	1.1111	0.0	0.0	0.0	0.0	1.1111	1.1111	0.0	1.1111	1.1111	0.0	0.0	1.1111	1.1111	0.0	1.3953	1.3953	0.0	1.0	1.4286	0.0	0.0	0.0	1.0	0.0	0.0
UDPNACETYLGALSYN-PWY	1.0	1.0	1.0	0.0	1.0	1.0	1.1429	1.0	1.0	1.0	1.0	1.0	1.0	1.1429	1.0	1.0	1.1429	1.0	1.0	1.1429	1.1429	1.0	1.0	1.0	1.0	1.0	1.0	1.0	1.0	1.0	1.1429	1.0	1.0	1.0	1.0	1.1429	1.0	1.0	1.0	1.0	1.1429	1.0	1.0	1.0	0.0	1.0	1.0	1.0	1.0	1.0	1.0	1.0	1.0	1.0	1.0	1.0	1.0	1.0	1.0	1.1429	1.1429	1.0	0.0	0.0	1.1429	1.1429	1.0	1.0	1.1429	1.1429	1.0	1.0	1.1429	1.0	1.0	1.0	1.1429	1.2	1.1429	1.0	1.0	1.0	1.1429	1.1429	1.0	1.0	1.0	1.0	1.0	1.1429	1.0	1.1429	1.0	1.0	1.0	1.0	1.0	1.0	1.0	1.0	1.0	1.0	1.1429	1.0	1.0	1.0	1.0	1.0	1.0	0.0	1.0	1.1429	1.1429	1.0	0.0	1.0	1.0	1.0	1.0	1.1429	1.2	0.0	0.0	1.0	1.1429	1.0	1.1429	1.0	1.0	1.1429	1.1429	1.0	1.0	1.1429	1.1429	1.1429	1.0	1.0	1.0	1.4545	1.2	1.2	1.2	1.0	1.0	1.1429	1.1429	1.2	1.0	1.0	1.1429	1.0	1.0	1.0	1.0	1.0	1.4118	1.1429	1.0	1.0	1.1429	1.0	1.1429	1.2308	1.0	1.0	1.0	1.1429	1.0	0.0	1.1429	1.1429	1.1429	1.0	1.0	1.0	1.0	1.1429	1.1429	1.0	1.0	1.0	1.0	1.0	1.1429	1.0	1.0	1.0	1.0	1.0
VALSYN-PWY	2.0	1.2	1.5484	1.5	1.4545	1.2308	1.2	1.4118	1.4118	1.4118	0.0	1.6327	1.7073	1.6667	1.5789	1.6327	1.732	1.7143	1.5789	1.5484	1.6667	1.7073	1.6901	1.6552	1.7391	1.5	1.1429	0.0	1.3333	1.5789	1.6901	1.1429	1.2	1.6667	1.6327	1.0	1.4815	1.4118	1.5	0.0	1.6	1.4118	1.4118	1.3333	1.4118	1.1429	1.5484	1.6	1.5	1.6552	1.6552	1.6327	1.6	1.5	1.3333	1.0	1.4545	0.0	1.1429	1.4545	1.3333	1.4118	1.6552	1.6552	1.5789	1.5484	1.4118	2.0	1.4815	1.4545	1.4118	1.0	1.0	1.4118	1.4118	1.3333	1.5	1.5	1.3333	1.2	1.4118	1.0	1.2308	1.1429	1.0	1.0	1.5484	1.1429	1.0	0.0	1.4118	1.4118	1.1429	1.4118	1.6	1.6	1.1429	1.6	1.6	1.0	1.6	1.4118	1.4545	1.5	1.3333	1.6667	1.6327	1.6	1.5484	0.0	1.6	1.4118	1.6552	1.6327	0.0	1.7073	0.0	1.5	1.4118	1.3333	1.5484	1.4118	2.0	1.2308	2.0	0.0	1.5789	1.5	1.1429	1.1429	1.1429	1.4815	2.0	1.0	1.1429	1.3333	1.1429	1.4118	1.2632	1.3333	1.0	1.0	1.0	1.3333	2.1818	1.6	0.0	1.1429	1.0	1.0	1.4118	1.5484	1.5484	2.0	1.5	1.1429	1.1429	1.4118	1.4118	2.2857	1.6552	0.0	1.3333	1.0	1.5	1.0	2.0	1.4545	1.3333	1.4118	1.5789	1.4118	1.6552	1.3333	1.4118	2.1818	1.4118	1.3333	1.2	1.5	1.5484	1.1429	1.5	1.5484	1.75	1.1429	1.2	1.4118	1.2	1.1429
