	mean_EC
EC:1.1.1.1	2.71205
EC:1.1.1.10	0.00245
EC:1.1.1.100	3.8897
EC:1.1.1.101	1e-04
EC:1.1.1.102	0.0092
EC:1.1.1.103	0.34225
EC:1.1.1.105	0.00565
EC:1.1.1.107	0.0032
EC:1.1.1.108	0.0982
EC:1.1.1.11	0.06325
EC:1.1.1.116	1e-04
EC:1.1.1.117	0.001
EC:1.1.1.122	0.2058
EC:1.1.1.125	0.4167
EC:1.1.1.130	0.1146
EC:1.1.1.132	0.064
EC:1.1.1.133	0.845
EC:1.1.1.136	0.112
EC:1.1.1.137	0.08425
EC:1.1.1.14	0.3748
EC:1.1.1.140	0.23495
EC:1.1.1.141	2e-04
EC:1.1.1.144	0.00085
EC:1.1.1.145	0.0142
EC:1.1.1.156	5e-05
EC:1.1.1.157	0.96005
EC:1.1.1.159	0.1512
EC:1.1.1.163	0.00765
EC:1.1.1.169	1.11655
EC:1.1.1.17	0.313
EC:1.1.1.170	7e-04
EC:1.1.1.173	0.01725
EC:1.1.1.178	0.00115
EC:1.1.1.179	6e-04
EC:1.1.1.18	0.4528
EC:1.1.1.181	5e-05
EC:1.1.1.184	4e-04
EC:1.1.1.189	0.00025
EC:1.1.1.193	0.96665
EC:1.1.1.195	0.00015
EC:1.1.1.197	0.00025
EC:1.1.1.2	0.0201
EC:1.1.1.202	0.06055
EC:1.1.1.203	0.1347
EC:1.1.1.205	1.26535
EC:1.1.1.206	0.0206
EC:1.1.1.208	0.00015
EC:1.1.1.21	0.00235
EC:1.1.1.211	3e-04
EC:1.1.1.215	0.2842
EC:1.1.1.216	0.00285
EC:1.1.1.218	1e-04
EC:1.1.1.219	0.17445
EC:1.1.1.22	1.0187
EC:1.1.1.220	0.00765
EC:1.1.1.23	0.8704
EC:1.1.1.234	0.00015
EC:1.1.1.237	5e-05
EC:1.1.1.239	8e-04
EC:1.1.1.243	0.0059
EC:1.1.1.244	3e-04
EC:1.1.1.25	1.41565
EC:1.1.1.251	0.09815
EC:1.1.1.252	0.0013
EC:1.1.1.257	1e-04
EC:1.1.1.26	0.14745
EC:1.1.1.261	0.1117
EC:1.1.1.262	0.8168
EC:1.1.1.264	0.14765
EC:1.1.1.267	0.8055
EC:1.1.1.27	0.56205
EC:1.1.1.271	0.3881
EC:1.1.1.272	0.00575
EC:1.1.1.275	0.02125
EC:1.1.1.276	0.02585
EC:1.1.1.28	0.7796
EC:1.1.1.281	0.0686
EC:1.1.1.282	0.0824
EC:1.1.1.284	0.7675
EC:1.1.1.286	3e-04
EC:1.1.1.287	0.00315
EC:1.1.1.288	1e-04
EC:1.1.1.289	0.0044
EC:1.1.1.29	0.24975
EC:1.1.1.290	0.28165
EC:1.1.1.291	0.0019
EC:1.1.1.292	0.0189
EC:1.1.1.294	0.00025
EC:1.1.1.298	0.0037
EC:1.1.1.3	1.2621
EC:1.1.1.30	0.416
EC:1.1.1.300	0.00235
EC:1.1.1.301	0.00185
EC:1.1.1.302	0.03025
EC:1.1.1.303	0.2074
EC:1.1.1.304	0.29735
EC:1.1.1.305	0.1726
EC:1.1.1.306	0.09985
EC:1.1.1.307	0.00315
EC:1.1.1.308	0.0855
EC:1.1.1.309	0.00055
EC:1.1.1.31	1.06005
EC:1.1.1.310	0.031
EC:1.1.1.311	0.0027
EC:1.1.1.312	0.02315
EC:1.1.1.313	0.03355
EC:1.1.1.315	2e-04
EC:1.1.1.316	0.00585
EC:1.1.1.320	0.04595
EC:1.1.1.325	0.00095
EC:1.1.1.327	0.0017
EC:1.1.1.328	0.0642
EC:1.1.1.329	0.0011
EC:1.1.1.330	0.00125
EC:1.1.1.333	0.05725
EC:1.1.1.335	0.0631
EC:1.1.1.336	0.3233
EC:1.1.1.337	0.00575
EC:1.1.1.338	0.04585
EC:1.1.1.339	0.02395
EC:1.1.1.34	0.06665
EC:1.1.1.340	7e-04
EC:1.1.1.341	8e-04
EC:1.1.1.342	0.0085
EC:1.1.1.343	0.9206
EC:1.1.1.344	0.00155
EC:1.1.1.346	0.59915
EC:1.1.1.347	0.00075
EC:1.1.1.35	1.1183
EC:1.1.1.350	0.12745
EC:1.1.1.359	0.00395
EC:1.1.1.36	0.28415
EC:1.1.1.360	5e-04
EC:1.1.1.361	0.0169
EC:1.1.1.362	0.0022
EC:1.1.1.363	0.9875
EC:1.1.1.364	0.00055
EC:1.1.1.367	0.0932
EC:1.1.1.368	0.00365
EC:1.1.1.369	0.4528
EC:1.1.1.37	0.7286
EC:1.1.1.370	0.0139
EC:1.1.1.371	0.04185
EC:1.1.1.373	0.10385
EC:1.1.1.374	0.01455
EC:1.1.1.376	0.01875
EC:1.1.1.377	0.01725
EC:1.1.1.378	0.01725
EC:1.1.1.38	0.7926
EC:1.1.1.380	0.1508
EC:1.1.1.381	0.21015
EC:1.1.1.385	0.0256
EC:1.1.1.387	0.0041
EC:1.1.1.388	0.00945
EC:1.1.1.39	0.00435
EC:1.1.1.4	0.2074
EC:1.1.1.40	0.67635
EC:1.1.1.41	0.08415
EC:1.1.1.42	1.01545
EC:1.1.1.43	0.03055
EC:1.1.1.44	0.9206
EC:1.1.1.45	1e-04
EC:1.1.1.47	0.2088
EC:1.1.1.48	0.06445
EC:1.1.1.49	0.9875
EC:1.1.1.51	0.0168
EC:1.1.1.53	0.14505
EC:1.1.1.56	0.06275
EC:1.1.1.57	0.37855
EC:1.1.1.58	0.23365
EC:1.1.1.6	0.39805
EC:1.1.1.60	0.5499
EC:1.1.1.61	0.13755
EC:1.1.1.62	0.00205
EC:1.1.1.64	5e-05
EC:1.1.1.65	0.0271
EC:1.1.1.67	0.12435
EC:1.1.1.69	0.4279
EC:1.1.1.76	0.29735
EC:1.1.1.77	0.1654
EC:1.1.1.79	0.38225
EC:1.1.1.8	5e-05
EC:1.1.1.81	0.6005
EC:1.1.1.82	0.00215
EC:1.1.1.83	0.3239
EC:1.1.1.85	0.9527
EC:1.1.1.86	0.91485
EC:1.1.1.87	0.0132
EC:1.1.1.88	0.20585
EC:1.1.1.9	0.04085
EC:1.1.1.90	0.1301
EC:1.1.1.91	0.0499
EC:1.1.1.93	0.3239
EC:1.1.1.94	1.01535
EC:1.1.1.95	1.56725
EC:1.1.2.3	0.57135
EC:1.1.2.4	0.19295
EC:1.1.2.6	0.0174
EC:1.1.2.7	0.0204
EC:1.1.2.8	0.1276
EC:1.1.3.12	0.0025
EC:1.1.3.15	0.6156
EC:1.1.3.17	0.00915
EC:1.1.3.20	5e-05
EC:1.1.3.21	0.06335
EC:1.1.3.37	3e-04
EC:1.1.3.41	0.0479
EC:1.1.3.43	0.00295
EC:1.1.3.44	0.00295
EC:1.1.3.45	0.00625
EC:1.1.3.46	0.0535
EC:1.1.3.47	0.02105
EC:1.1.3.48	0.0214
EC:1.1.3.6	0.2193
EC:1.1.3.8	0.04195
EC:1.1.3.9	0.01055
EC:1.1.5.2	0.3495
EC:1.1.5.3	1.48755
EC:1.1.5.4	0.5277
EC:1.1.5.6	0.22655
EC:1.1.5.8	0.1115
EC:1.1.5.9	0.00015
EC:1.1.9.1	0.04195
EC:1.1.98.2	0.04485
EC:1.1.98.3	0.06175
EC:1.1.99.1	0.68875
EC:1.1.99.18	1e-04
EC:1.1.99.2	0.00135
EC:1.1.99.21	0.0563
EC:1.1.99.24	8e-04
EC:1.1.99.28	0.02945
EC:1.1.99.3	0.23765
EC:1.1.99.31	0.0337
EC:1.1.99.38	0.00085
EC:1.10.2.2	0.31615
EC:1.10.3.1	4e-04
EC:1.10.3.11	0.01735
EC:1.10.3.12	0.27935
EC:1.10.3.2	5e-05
EC:1.10.3.3	0.00775
EC:1.10.5.1	2e-04
EC:1.10.9.1	0.045
EC:1.11.1.1	0.04015
EC:1.11.1.10	0.3194
EC:1.11.1.15	2.60995
EC:1.11.1.19	0.06535
EC:1.11.1.20	5e-05
EC:1.11.1.21	0.5225
EC:1.11.1.23	1e-04
EC:1.11.1.5	0.56675
EC:1.11.1.6	1.09335
EC:1.11.1.7	0.00255
EC:1.11.1.9	0.98595
EC:1.11.2.3	0.00025
EC:1.11.2.4	0.0669
EC:1.12.1.2	0.0745
EC:1.12.1.3	0.1605
EC:1.12.1.4	0.00545
EC:1.12.1.5	0.00755
EC:1.12.2.1	0.0144
EC:1.12.5.1	0.07545
EC:1.12.7.2	0.0651
EC:1.12.98.1	0.07205
EC:1.12.98.2	0.0024
EC:1.12.98.4	0.008
EC:1.12.99.6	0.6664
EC:1.13.11.1	0.19955
EC:1.13.11.11	0.23275
EC:1.13.11.12	1e-04
EC:1.13.11.14	0.01255
EC:1.13.11.15	0.13235
EC:1.13.11.16	0.11205
EC:1.13.11.18	0.00025
EC:1.13.11.19	0.00015
EC:1.13.11.2	0.3822
EC:1.13.11.20	0.0158
EC:1.13.11.24	0.01495
EC:1.13.11.25	0.05365
EC:1.13.11.27	0.49485
EC:1.13.11.3	0.4406
EC:1.13.11.33	0.0137
EC:1.13.11.34	0.00135
EC:1.13.11.37	0.04365
EC:1.13.11.38	0.00125
EC:1.13.11.39	0.00545
EC:1.13.11.4	0.1454
EC:1.13.11.41	0.0163
EC:1.13.11.46	0.014
EC:1.13.11.49	0.2196
EC:1.13.11.5	0.3087
EC:1.13.11.52	0.0045
EC:1.13.11.53	0.19855
EC:1.13.11.54	0.19855
EC:1.13.11.55	0.00215
EC:1.13.11.56	0.00095
EC:1.13.11.57	0.03695
EC:1.13.11.58	1e-04
EC:1.13.11.59	5e-05
EC:1.13.11.6	0.0695
EC:1.13.11.61	4e-04
EC:1.13.11.63	0.00115
EC:1.13.11.66	0.00175
EC:1.13.11.71	1e-04
EC:1.13.11.72	0.00065
EC:1.13.11.73	7e-04
EC:1.13.11.74	0.00225
EC:1.13.11.75	0.0246
EC:1.13.11.76	0.00225
EC:1.13.11.79	0.1918
EC:1.13.11.8	0.09885
EC:1.13.11.80	0.0078
EC:1.13.11.9	0.0451
EC:1.13.12.16	0.8294
EC:1.13.12.21	2e-04
EC:1.13.12.22	0.0017
EC:1.13.12.3	0.07295
EC:1.13.12.4	0.0223
EC:1.13.99.1	0.01355
EC:1.14.11.1	0.0525
EC:1.14.11.16	0.02145
EC:1.14.11.17	0.5456
EC:1.14.11.18	0.0399
EC:1.14.11.19	0.00015
EC:1.14.11.2	0.0832
EC:1.14.11.21	0.00105
EC:1.14.11.23	2e-04
EC:1.14.11.26	0.00065
EC:1.14.11.27	0.0063
EC:1.14.11.30	6e-04
EC:1.14.11.33	0.28
EC:1.14.11.35	9e-04
EC:1.14.11.36	7e-04
EC:1.14.11.39	0.01045
EC:1.14.11.4	3e-04
EC:1.14.11.42	5e-05
EC:1.14.11.47	0.36825
EC:1.14.11.8	0.0019
EC:1.14.11.9	5e-05
EC:1.14.12.1	0.1259
EC:1.14.12.10	0.22415
EC:1.14.12.11	0.0021
EC:1.14.12.12	0.0032
EC:1.14.12.13	0.0011
EC:1.14.12.14	0.00015
EC:1.14.12.15	0.00395
EC:1.14.12.17	0.4858
EC:1.14.12.18	0.00945
EC:1.14.12.19	0.11715
EC:1.14.12.22	0.00265
EC:1.14.12.3	0.0021
EC:1.14.12.4	0.002
EC:1.14.12.7	0.00835
EC:1.14.13.1	0.22965
EC:1.14.13.10	0.00525
EC:1.14.13.100	1e-04
EC:1.14.13.106	0.0056
EC:1.14.13.107	0.041
EC:1.14.13.111	0.00425
EC:1.14.13.113	0.0662
EC:1.14.13.114	0.0262
EC:1.14.13.12	0.00025
EC:1.14.13.122	0.00025
EC:1.14.13.127	0.33015
EC:1.14.13.129	0.07365
EC:1.14.13.131	0.0016
EC:1.14.13.133	0.01635
EC:1.14.13.141	0.08375
EC:1.14.13.142	0.1518
EC:1.14.13.148	0.03855
EC:1.14.13.149	0.4875
EC:1.14.13.151	0.00335
EC:1.14.13.154	5e-04
EC:1.14.13.159	1e-04
EC:1.14.13.163	0.0064
EC:1.14.13.165	0.09925
EC:1.14.13.168	0.00025
EC:1.14.13.17	5e-05
EC:1.14.13.170	0.0013
EC:1.14.13.171	0.0013
EC:1.14.13.172	0.0336
EC:1.14.13.180	0.0017
EC:1.14.13.181	0.00035
EC:1.14.13.182	0.00115
EC:1.14.13.185	0.0013
EC:1.14.13.186	0.00025
EC:1.14.13.188	5e-04
EC:1.14.13.2	0.23025
EC:1.14.13.20	0.0395
EC:1.14.13.200	0.00635
EC:1.14.13.22	0.1136
EC:1.14.13.23	0.00125
EC:1.14.13.25	0.0082
EC:1.14.13.38	9e-04
EC:1.14.13.40	0.09165
EC:1.14.13.48	0.00085
EC:1.14.13.49	0.00085
EC:1.14.13.50	0.0136
EC:1.14.13.59	0.19735
EC:1.14.13.7	0.0427
EC:1.14.13.70	0.0297
EC:1.14.13.72	9e-04
EC:1.14.13.8	0.00435
EC:1.14.13.81	0.0486
EC:1.14.13.82	0.4463
EC:1.14.13.83	0.15935
EC:1.14.13.84	0.0339
EC:1.14.13.9	0.06085
EC:1.14.13.90	5e-05
EC:1.14.13.92	0.00105
EC:1.14.14.1	0.1295
EC:1.14.14.11	0.0013
EC:1.14.14.12	0.0881
EC:1.14.14.13	0.00025
EC:1.14.14.3	0.00605
EC:1.14.14.5	0.6232
EC:1.14.14.8	0.0091
EC:1.14.14.9	0.21285
EC:1.14.15.11	0.0147
EC:1.14.15.12	0.01025
EC:1.14.15.13	0.0195
EC:1.14.15.3	0.17145
EC:1.14.15.7	0.07375
EC:1.14.15.9	0.007
EC:1.14.16.1	0.21415
EC:1.14.16.2	0.00015
EC:1.14.16.5	2e-04
EC:1.14.17.1	5e-05
EC:1.14.17.3	0.00265
EC:1.14.17.4	5e-05
EC:1.14.18.1	0.056
EC:1.14.18.2	0.00155
EC:1.14.18.3	0.0129
EC:1.14.18.6	0.00115
EC:1.14.18.7	0.00055
EC:1.14.19.1	0.3298
EC:1.14.19.2	0.15735
EC:1.14.19.20	0.00575
EC:1.14.19.3	0.20505
EC:1.14.19.4	5e-05
EC:1.14.19.8	0.01035
EC:1.14.19.9	0.15015
EC:1.14.20.1	0.00065
EC:1.14.20.3	0.00195
EC:1.14.21.7	0.00615
EC:1.14.21.9	0.00955
EC:1.14.99.1	0.0079
EC:1.14.99.29	0.00145
EC:1.14.99.39	0.0129
EC:1.14.99.44	0.03865
EC:1.14.99.46	0.1433
EC:1.14.99.48	0.09175
EC:1.14.99.50	0.07145
EC:1.15.1.1	1.8327
EC:1.15.1.2	0.0899
EC:1.16.1.1	0.1248
EC:1.16.1.10	0.00145
EC:1.16.1.3	0.1847
EC:1.16.1.9	0.12375
EC:1.16.3.1	0.75425
EC:1.16.3.2	0.42575
EC:1.16.8.1	0.0238
EC:1.17.1.1	0.19255
EC:1.17.1.2	0.8687
EC:1.17.1.3	5e-05
EC:1.17.1.4	1.1752
EC:1.17.1.8	1.0755
EC:1.17.2.1	0.0986
EC:1.17.3.2	0.00365
EC:1.17.4.1	2.54585
EC:1.17.4.2	0.60455
EC:1.17.5.1	0.0018
EC:1.17.7.1	0.82405
EC:1.17.7.2	2e-04
EC:1.17.7.3	0.82405
EC:1.17.99.1	0.0375
EC:1.17.99.2	0.0012
EC:1.17.99.6	0.65225
EC:1.18.1.1	0.1025
EC:1.18.1.2	0.8544
EC:1.18.1.3	0.3956
EC:1.18.1.6	1e-04
EC:1.18.1.7	0.0148
EC:1.18.6.1	0.312
EC:1.2.1.10	0.6784
EC:1.2.1.11	1.09905
EC:1.2.1.12	1.62565
EC:1.2.1.16	1.61045
EC:1.2.1.18	0.7192
EC:1.2.1.19	0.20055
EC:1.2.1.2	1.5207
EC:1.2.1.20	1.4437
EC:1.2.1.21	0.17565
EC:1.2.1.22	0.1796
EC:1.2.1.24	0.1701
EC:1.2.1.26	0.0036
EC:1.2.1.27	0.7192
EC:1.2.1.28	0.09495
EC:1.2.1.3	1.59615
EC:1.2.1.31	2e-04
EC:1.2.1.32	0.08115
EC:1.2.1.38	0.86145
EC:1.2.1.39	0.247
EC:1.2.1.4	0.33905
EC:1.2.1.41	0.8712
EC:1.2.1.43	0.03725
EC:1.2.1.44	1e-04
EC:1.2.1.46	0.1358
EC:1.2.1.47	5e-05
EC:1.2.1.5	0.019
EC:1.2.1.50	0.0036
EC:1.2.1.54	0.0715
EC:1.2.1.58	0.0101
EC:1.2.1.59	0.05005
EC:1.2.1.60	0.19005
EC:1.2.1.62	0.00035
EC:1.2.1.65	0.0016
EC:1.2.1.68	0.2388
EC:1.2.1.70	0.75355
EC:1.2.1.71	0.30375
EC:1.2.1.72	0.23765
EC:1.2.1.73	0.00065
EC:1.2.1.75	0.00355
EC:1.2.1.76	0.01445
EC:1.2.1.77	0.0093
EC:1.2.1.78	0.00255
EC:1.2.1.79	1.4437
EC:1.2.1.8	0.69405
EC:1.2.1.80	0.01175
EC:1.2.1.81	0.02215
EC:1.2.1.83	6e-04
EC:1.2.1.84	0.00025
EC:1.2.1.85	0.08115
EC:1.2.1.86	0.0012
EC:1.2.1.87	0.13195
EC:1.2.1.88	0.7892
EC:1.2.1.89	8e-04
EC:1.2.1.9	0.13865
EC:1.2.1.90	0.0058
EC:1.2.1.91	0.16745
EC:1.2.3.1	5e-05
EC:1.2.3.3	0.1647
EC:1.2.4.1	2.3051
EC:1.2.4.2	0.7077
EC:1.2.4.4	0.5636
EC:1.2.5.1	0.4196
EC:1.2.7.1	0.7094
EC:1.2.7.10	0.005
EC:1.2.7.11	0.78445
EC:1.2.7.3	1.0276
EC:1.2.7.4	0.07605
EC:1.2.7.5	0.133
EC:1.2.7.6	0.00575
EC:1.2.7.7	0.0316
EC:1.2.7.8	0.48355
EC:1.2.98.1	0.0115
EC:1.2.99.2	0.9052
EC:1.2.99.5	0.169
EC:1.2.99.7	0.01375
EC:1.2.99.8	0.00595
EC:1.20.1.1	0.0177
EC:1.20.4.1	1.4905
EC:1.20.4.3	0.09
EC:1.20.9.1	0.0232
EC:1.21.1.1	2e-04
EC:1.21.3.1	0.00035
EC:1.21.4.1	0.07985
EC:1.21.4.2	0.12775
EC:1.21.4.4	0.03365
EC:1.21.98.1	0.1037
EC:1.3.1.1	0.30525
EC:1.3.1.10	0.7911
EC:1.3.1.101	0.02835
EC:1.3.1.104	0.05495
EC:1.3.1.105	5e-05
EC:1.3.1.106	0.323
EC:1.3.1.12	0.84155
EC:1.3.1.13	0.0032
EC:1.3.1.14	0.2907
EC:1.3.1.19	0.00085
EC:1.3.1.2	0.00085
EC:1.3.1.20	6e-04
EC:1.3.1.21	0.00315
EC:1.3.1.22	0.02275
EC:1.3.1.24	0.0095
EC:1.3.1.25	0.09885
EC:1.3.1.28	0.228
EC:1.3.1.29	0.0012
EC:1.3.1.31	0.03215
EC:1.3.1.32	0.03565
EC:1.3.1.33	0.0267
EC:1.3.1.34	0.4767
EC:1.3.1.38	7e-04
EC:1.3.1.42	5e-05
EC:1.3.1.43	0.0859
EC:1.3.1.44	0.18645
EC:1.3.1.45	0.03625
EC:1.3.1.49	0.00245
EC:1.3.1.53	0.00125
EC:1.3.1.54	0.323
EC:1.3.1.56	0.0063
EC:1.3.1.58	0.0042
EC:1.3.1.6	0.00225
EC:1.3.1.60	0.0012
EC:1.3.1.62	0.00375
EC:1.3.1.64	0.01085
EC:1.3.1.70	6e-04
EC:1.3.1.71	0.00065
EC:1.3.1.72	9e-04
EC:1.3.1.74	0.01515
EC:1.3.1.75	0.01015
EC:1.3.1.76	0.7764
EC:1.3.1.78	0.0139
EC:1.3.1.83	0.0366
EC:1.3.1.84	0.00655
EC:1.3.1.85	0.0469
EC:1.3.1.86	0.04315
EC:1.3.1.87	0.0584
EC:1.3.1.89	5e-05
EC:1.3.1.9	1.3058
EC:1.3.1.93	1e-04
EC:1.3.1.98	1.0045
EC:1.3.3.11	0.19905
EC:1.3.3.14	0.00625
EC:1.3.3.3	0.48945
EC:1.3.3.4	0.3023
EC:1.3.3.5	0.0272
EC:1.3.3.6	0.09485
EC:1.3.4.1	0.01755
EC:1.3.5.1	1.83915
EC:1.3.5.2	0.6749
EC:1.3.5.3	0.2602
EC:1.3.5.4	2.5712
EC:1.3.5.5	0.01725
EC:1.3.5.6	0.01525
EC:1.3.7.11	0.02835
EC:1.3.7.2	0.00625
EC:1.3.7.3	0.00625
EC:1.3.7.5	0.01405
EC:1.3.7.7	0.1041
EC:1.3.7.8	0.0143
EC:1.3.7.9	0.01095
EC:1.3.8.1	0.29045
EC:1.3.8.10	0.00085
EC:1.3.8.11	6e-04
EC:1.3.8.12	0.04645
EC:1.3.8.2	0.0275
EC:1.3.8.3	0.0021
EC:1.3.8.4	0.2512
EC:1.3.8.6	0.4619
EC:1.3.8.7	1.21355
EC:1.3.8.8	0.0713
EC:1.3.98.1	0.1899
EC:1.3.99.12	0.01105
EC:1.3.99.16	0.6651
EC:1.3.99.22	1.72645
EC:1.3.99.23	0.02565
EC:1.3.99.26	0.2244
EC:1.3.99.27	0.0195
EC:1.3.99.28	0.2244
EC:1.3.99.29	0.2244
EC:1.3.99.30	6e-04
EC:1.3.99.31	0.2244
EC:1.3.99.32	0.01275
EC:1.3.99.33	0.0158
EC:1.3.99.35	0.06295
EC:1.3.99.4	0.0927
EC:1.3.99.5	0.04835
EC:1.3.99.8	0.0492
EC:1.4.1.1	0.69585
EC:1.4.1.11	0.0286
EC:1.4.1.13	1.7537
EC:1.4.1.14	1.7537
EC:1.4.1.16	0.07755
EC:1.4.1.18	0.0126
EC:1.4.1.2	0.45045
EC:1.4.1.20	0.0093
EC:1.4.1.21	0.1238
EC:1.4.1.23	0.03725
EC:1.4.1.24	0.02605
EC:1.4.1.3	0.29515
EC:1.4.1.4	0.59555
EC:1.4.1.9	0.2099
EC:1.4.3.1	5e-05
EC:1.4.3.10	0.02195
EC:1.4.3.16	0.71265
EC:1.4.3.19	0.35055
EC:1.4.3.2	0.00095
EC:1.4.3.20	0.0029
EC:1.4.3.21	0.1471
EC:1.4.3.3	0.0442
EC:1.4.3.4	0.31425
EC:1.4.3.5	0.6626
EC:1.4.4.2	1.0204
EC:1.4.7.1	0.1134
EC:1.4.9.1	0.0632
EC:1.4.9.2	0.0024
EC:1.4.99.5	0.0378
EC:1.4.99.6	0.0756
EC:1.5.1.1	0.0247
EC:1.5.1.10	0.01695
EC:1.5.1.15	0.00035
EC:1.5.1.19	2e-04
EC:1.5.1.2	1.10795
EC:1.5.1.20	0.81105
EC:1.5.1.21	0.036
EC:1.5.1.24	0.0102
EC:1.5.1.25	0.00255
EC:1.5.1.28	0.08315
EC:1.5.1.3	1.06005
EC:1.5.1.30	5e-05
EC:1.5.1.33	0.0546
EC:1.5.1.34	0.22135
EC:1.5.1.36	0.1397
EC:1.5.1.37	7e-04
EC:1.5.1.38	0.5811
EC:1.5.1.39	0.0584
EC:1.5.1.41	0.1847
EC:1.5.1.43	0.02315
EC:1.5.1.45	0.00575
EC:1.5.1.47	0.00555
EC:1.5.1.49	0.0117
EC:1.5.1.5	1.08245
EC:1.5.1.6	0.00055
EC:1.5.1.7	0.1673
EC:1.5.1.8	0.002
EC:1.5.1.9	0.01295
EC:1.5.3.1	1.0979
EC:1.5.3.17	3e-04
EC:1.5.3.19	0.0689
EC:1.5.3.7	0.00325
EC:1.5.5.1	0.34465
EC:1.5.5.2	0.54325
EC:1.5.8.1	0.023
EC:1.5.8.2	0.023
EC:1.5.8.3	0.00235
EC:1.5.8.4	0.1021
EC:1.5.98.1	0.0073
EC:1.5.98.2	0.0362
EC:1.5.99.12	8e-04
EC:1.5.99.13	0.00065
EC:1.5.99.14	0.0038
EC:1.5.99.15	0.0049
EC:1.5.99.6	0.0323
EC:1.6.1.1	0.3134
EC:1.6.1.2	1.44235
EC:1.6.2.2	0.00275
EC:1.6.2.4	0.06225
EC:1.6.3.1	0.00015
EC:1.6.3.3	0.0103
EC:1.6.3.4	0.0059
EC:1.6.5.2	1.2063
EC:1.6.5.3	6.69715
EC:1.6.5.5	1.17615
EC:1.6.99.1	0.07765
EC:1.6.99.3	1.35075
EC:1.7.1.1	0.00015
EC:1.7.1.13	0.65115
EC:1.7.1.15	1.19955
EC:1.7.1.2	0.00015
EC:1.7.1.3	0.00015
EC:1.7.1.4	1e-04
EC:1.7.1.6	0.02465
EC:1.7.1.7	0.3697
EC:1.7.2.1	0.1648
EC:1.7.2.2	0.18195
EC:1.7.2.3	0.28595
EC:1.7.2.4	0.07995
EC:1.7.2.5	0.1697
EC:1.7.2.6	0.00965
EC:1.7.3.3	0.07515
EC:1.7.7.1	0.09315
EC:1.7.7.2	0.03
EC:1.7.99.1	0.364
EC:1.7.99.4	1.9481
EC:1.8.1.14	0.0194
EC:1.8.1.15	0.0578
EC:1.8.1.2	1.02755
EC:1.8.1.4	1.87545
EC:1.8.1.7	0.58785
EC:1.8.1.8	0.89695
EC:1.8.1.9	1.92785
EC:1.8.2.1	0.01275
EC:1.8.2.2	0.11575
EC:1.8.2.3	0.01525
EC:1.8.2.4	0.00215
EC:1.8.3.1	0.0213
EC:1.8.3.5	1e-04
EC:1.8.3.6	1e-04
EC:1.8.4.11	1.48515
EC:1.8.4.12	1.22865
EC:1.8.4.14	1e-04
EC:1.8.4.2	1e-04
EC:1.8.4.8	0.68315
EC:1.8.4.9	1e-04
EC:1.8.5.2	0.21055
EC:1.8.5.3	0.2626
EC:1.8.7.1	0.15415
EC:1.8.7.2	0.01255
EC:1.8.98.1	0.194
EC:1.8.98.2	5e-05
EC:1.8.99.2	0.05885
EC:1.8.99.3	0.0375
EC:1.8.99.5	0.0375
EC:1.9.3.1	2.5014
EC:1.97.1.4	1.57575
EC:1.97.1.9	0.3013
EC:2.1.1.1	1e-04
EC:2.1.1.10	0.29065
EC:2.1.1.100	0.0054
EC:2.1.1.101	8e-04
EC:2.1.1.102	0.00245
EC:2.1.1.103	0.0064
EC:2.1.1.104	0.04985
EC:2.1.1.107	1.59415
EC:2.1.1.11	0.03615
EC:2.1.1.112	0.00015
EC:2.1.1.113	0.0524
EC:2.1.1.114	5e-05
EC:2.1.1.12	0.00015
EC:2.1.1.13	0.93895
EC:2.1.1.130	0.37015
EC:2.1.1.131	0.38315
EC:2.1.1.132	0.30735
EC:2.1.1.133	0.3647
EC:2.1.1.137	1e-04
EC:2.1.1.14	0.9411
EC:2.1.1.140	0.00015
EC:2.1.1.141	0.00015
EC:2.1.1.143	0.00015
EC:2.1.1.144	0.27195
EC:2.1.1.148	0.2075
EC:2.1.1.151	0.31375
EC:2.1.1.152	0.1254
EC:2.1.1.156	0.01025
EC:2.1.1.157	0.0222
EC:2.1.1.161	0.00075
EC:2.1.1.163	0.92295
EC:2.1.1.166	0.48205
EC:2.1.1.168	5e-05
EC:2.1.1.17	0.09355
EC:2.1.1.170	0.96285
EC:2.1.1.171	0.5982
EC:2.1.1.172	0.65985
EC:2.1.1.173	0.3039
EC:2.1.1.174	0.13735
EC:2.1.1.176	1.05975
EC:2.1.1.177	0.8112
EC:2.1.1.178	0.17205
EC:2.1.1.179	0.0057
EC:2.1.1.180	0.00175
EC:2.1.1.181	0.2632
EC:2.1.1.182	0.9986
EC:2.1.1.183	0.00015
EC:2.1.1.184	0.0863
EC:2.1.1.185	0.9753
EC:2.1.1.186	0.27385
EC:2.1.1.187	0.4245
EC:2.1.1.188	0.0013
EC:2.1.1.189	0.18285
EC:2.1.1.190	0.8811
EC:2.1.1.191	0.8172
EC:2.1.1.192	0.9813
EC:2.1.1.193	0.95125
EC:2.1.1.195	0.2707
EC:2.1.1.196	0.1124
EC:2.1.1.197	0.47515
EC:2.1.1.198	1.1095
EC:2.1.1.199	0.99415
EC:2.1.1.2	0.0013
EC:2.1.1.200	0.30265
EC:2.1.1.201	0.923
EC:2.1.1.202	5e-05
EC:2.1.1.204	7e-04
EC:2.1.1.206	0.0205
EC:2.1.1.207	0.8005
EC:2.1.1.210	0.01955
EC:2.1.1.213	0.0201
EC:2.1.1.215	0.02695
EC:2.1.1.216	0.02695
EC:2.1.1.217	0.27875
EC:2.1.1.218	0.0052
EC:2.1.1.219	0.154
EC:2.1.1.22	5e-05
EC:2.1.1.220	0.154
EC:2.1.1.221	0.0052
EC:2.1.1.222	0.5409
EC:2.1.1.223	0.28175
EC:2.1.1.224	0.0102
EC:2.1.1.226	0.4973
EC:2.1.1.227	0.4973
EC:2.1.1.228	1.002
EC:2.1.1.229	0.00035
EC:2.1.1.234	0.00785
EC:2.1.1.235	0.0059
EC:2.1.1.239	1e-04
EC:2.1.1.242	0.30105
EC:2.1.1.243	0.0053
EC:2.1.1.245	0.05075
EC:2.1.1.246	0.02805
EC:2.1.1.247	0.0026
EC:2.1.1.248	0.01095
EC:2.1.1.249	0.0125
EC:2.1.1.250	0.1354
EC:2.1.1.251	0.00085
EC:2.1.1.254	0.0016
EC:2.1.1.255	0.018
EC:2.1.1.256	0.00555
EC:2.1.1.257	0.0361
EC:2.1.1.258	0.0171
EC:2.1.1.260	0.00875
EC:2.1.1.264	0.3039
EC:2.1.1.265	0.20605
EC:2.1.1.266	0.42165
EC:2.1.1.268	0.00035
EC:2.1.1.269	0.0113
EC:2.1.1.271	0.3647
EC:2.1.1.28	1e-04
EC:2.1.1.282	0.0068
EC:2.1.1.284	5e-05
EC:2.1.1.285	0.0012
EC:2.1.1.288	0.00245
EC:2.1.1.289	0.1085
EC:2.1.1.292	0.00075
EC:2.1.1.294	0.03035
EC:2.1.1.295	0.0117
EC:2.1.1.297	1.1163
EC:2.1.1.298	0.36735
EC:2.1.1.305	0.001
EC:2.1.1.306	5e-05
EC:2.1.1.307	0.0036
EC:2.1.1.309	5e-05
EC:2.1.1.313	0.00015
EC:2.1.1.33	0.9255
EC:2.1.1.34	0.2499
EC:2.1.1.35	0.31095
EC:2.1.1.37	1.1665
EC:2.1.1.4	0.00685
EC:2.1.1.41	0.0015
EC:2.1.1.43	0.00455
EC:2.1.1.44	0.06625
EC:2.1.1.45	0.88745
EC:2.1.1.49	1e-04
EC:2.1.1.5	0.008
EC:2.1.1.57	1e-04
EC:2.1.1.6	0.01655
EC:2.1.1.61	0.34875
EC:2.1.1.63	1.53795
EC:2.1.1.64	0.5409
EC:2.1.1.67	0.12775
EC:2.1.1.71	0.09355
EC:2.1.1.72	3.2434
EC:2.1.1.74	0.29695
EC:2.1.1.77	0.7968
EC:2.1.1.79	1.0579
EC:2.1.1.80	1.04455
EC:2.1.1.86	0.06395
EC:2.1.1.90	0.0103
EC:2.1.1.95	0.0153
EC:2.1.1.96	1e-04
EC:2.1.1.98	0.02115
EC:2.1.2.1	1.22815
EC:2.1.2.10	0.8956
EC:2.1.2.11	0.85585
EC:2.1.2.13	0.1726
EC:2.1.2.2	1.3595
EC:2.1.2.3	0.9929
EC:2.1.2.5	0.0669
EC:2.1.2.9	1.11935
EC:2.1.3.1	0.03595
EC:2.1.3.11	0.05185
EC:2.1.3.12	0.00125
EC:2.1.3.2	1.01175
EC:2.1.3.3	0.95635
EC:2.1.3.6	0.0249
EC:2.1.3.7	0.00825
EC:2.1.3.9	0.0197
EC:2.1.4.1	0.0365
EC:2.1.4.2	0.00225
EC:2.10.1.1	1.09235
EC:2.2.1.1	2.18735
EC:2.2.1.10	0.02785
EC:2.2.1.11	0.0059
EC:2.2.1.2	1.14005
EC:2.2.1.6	3.41515
EC:2.2.1.7	0.9362
EC:2.2.1.8	0.00135
EC:2.2.1.9	0.46505
EC:2.3.1.1	1.10955
EC:2.3.1.101	0.0326
EC:2.3.1.102	0.05285
EC:2.3.1.109	0.3961
EC:2.3.1.111	0.0083
EC:2.3.1.117	0.76915
EC:2.3.1.118	0.3511
EC:2.3.1.12	1.2514
EC:2.3.1.122	0.10355
EC:2.3.1.128	2.0004
EC:2.3.1.129	0.6325
EC:2.3.1.133	0.00075
EC:2.3.1.137	5e-05
EC:2.3.1.15	1.89045
EC:2.3.1.157	0.93375
EC:2.3.1.159	5e-05
EC:2.3.1.16	1.00555
EC:2.3.1.164	0.00015
EC:2.3.1.165	0.0082
EC:2.3.1.168	0.1947
EC:2.3.1.169	0.0176
EC:2.3.1.174	0.1386
EC:2.3.1.176	4e-04
EC:2.3.1.178	0.10145
EC:2.3.1.179	1.4729
EC:2.3.1.18	0.1657
EC:2.3.1.180	1.56005
EC:2.3.1.181	0.6783
EC:2.3.1.182	0.0551
EC:2.3.1.183	0.8407
EC:2.3.1.184	0.14135
EC:2.3.1.187	0.1436
EC:2.3.1.189	0.1019
EC:2.3.1.19	0.15735
EC:2.3.1.191	0.677
EC:2.3.1.193	0.2211
EC:2.3.1.20	0.15155
EC:2.3.1.200	0.0047
EC:2.3.1.201	0.06635
EC:2.3.1.202	0.0244
EC:2.3.1.203	0.01145
EC:2.3.1.204	0.10965
EC:2.3.1.207	0.10945
EC:2.3.1.21	5e-04
EC:2.3.1.210	0.1526
EC:2.3.1.222	0.06685
EC:2.3.1.223	0.0809
EC:2.3.1.225	0.00035
EC:2.3.1.226	0.00285
EC:2.3.1.227	0.00195
EC:2.3.1.228	0.02905
EC:2.3.1.229	0.02905
EC:2.3.1.230	0.00315
EC:2.3.1.233	0.01245
EC:2.3.1.234	1.0535
EC:2.3.1.235	0.02515
EC:2.3.1.239	0.0039
EC:2.3.1.24	5e-05
EC:2.3.1.240	0.0042
EC:2.3.1.241	0.9116
EC:2.3.1.242	0.14705
EC:2.3.1.243	0.1982
EC:2.3.1.28	0.28245
EC:2.3.1.29	0.5812
EC:2.3.1.30	1.1438
EC:2.3.1.31	0.5363
EC:2.3.1.35	0.5643
EC:2.3.1.36	5e-05
EC:2.3.1.37	0.13135
EC:2.3.1.39	1.1779
EC:2.3.1.4	0.00495
EC:2.3.1.40	0.2336
EC:2.3.1.41	0.6489
EC:2.3.1.42	6e-04
EC:2.3.1.43	5e-05
EC:2.3.1.46	0.4411
EC:2.3.1.47	0.77235
EC:2.3.1.48	0.0264
EC:2.3.1.5	0.0133
EC:2.3.1.50	0.002
EC:2.3.1.51	1.51905
EC:2.3.1.54	0.9639
EC:2.3.1.57	0.48615
EC:2.3.1.59	0.0278
EC:2.3.1.60	0.01225
EC:2.3.1.61	0.84285
EC:2.3.1.65	1e-04
EC:2.3.1.7	0.0181
EC:2.3.1.74	0.00045
EC:2.3.1.75	5e-05
EC:2.3.1.76	5e-05
EC:2.3.1.79	0.65725
EC:2.3.1.8	0.87915
EC:2.3.1.81	0.12075
EC:2.3.1.82	0.2158
EC:2.3.1.85	5e-05
EC:2.3.1.86	0.00105
EC:2.3.1.88	4e-04
EC:2.3.1.89	0.1262
EC:2.3.1.9	2.58125
EC:2.3.1.94	0.00225
EC:2.3.1.97	1e-04
EC:2.3.2.10	0.0516
EC:2.3.2.13	0.0443
EC:2.3.2.15	4e-04
EC:2.3.2.16	0.03475
EC:2.3.2.17	0.0121
EC:2.3.2.18	0.00995
EC:2.3.2.19	0.00015
EC:2.3.2.2	1.19685
EC:2.3.2.21	0.0135
EC:2.3.2.22	0.00485
EC:2.3.2.23	0.00085
EC:2.3.2.24	5e-05
EC:2.3.2.26	0.00115
EC:2.3.2.27	0.00355
EC:2.3.2.28	0.0015
EC:2.3.2.3	0.26575
EC:2.3.2.4	8e-04
EC:2.3.2.5	0.0216
EC:2.3.2.6	0.53075
EC:2.3.2.8	0.2859
EC:2.3.3.1	1.2507
EC:2.3.3.10	0.1888
EC:2.3.3.13	1.251
EC:2.3.3.14	0.09615
EC:2.3.3.15	0.0494
EC:2.3.3.5	0.3089
EC:2.3.3.8	0.0072
EC:2.3.3.9	0.6695
EC:2.4.1.1	0.924
EC:2.4.1.10	0.07175
EC:2.4.1.109	0.00135
EC:2.4.1.11	0.05575
EC:2.4.1.115	0.00015
EC:2.4.1.117	0.00925
EC:2.4.1.12	0.37735
EC:2.4.1.129	0.6117
EC:2.4.1.13	0.0128
EC:2.4.1.132	5e-05
EC:2.4.1.133	1e-04
EC:2.4.1.14	0.0386
EC:2.4.1.141	0.002
EC:2.4.1.144	0.014
EC:2.4.1.15	0.45075
EC:2.4.1.16	0.00015
EC:2.4.1.161	0.01135
EC:2.4.1.166	0.00245
EC:2.4.1.17	5e-05
EC:2.4.1.173	0.0191
EC:2.4.1.175	0.00215
EC:2.4.1.18	0.8406
EC:2.4.1.180	0.15265
EC:2.4.1.182	0.6078
EC:2.4.1.183	5e-05
EC:2.4.1.186	4e-04
EC:2.4.1.187	0.3154
EC:2.4.1.19	0.00945
EC:2.4.1.198	1e-04
EC:2.4.1.20	0.0355
EC:2.4.1.208	0.05065
EC:2.4.1.21	0.74745
EC:2.4.1.211	0.03135
EC:2.4.1.212	0.0387
EC:2.4.1.213	0.0106
EC:2.4.1.216	0.00235
EC:2.4.1.217	0.00475
EC:2.4.1.22	0.00025
EC:2.4.1.221	5e-05
EC:2.4.1.226	0.00215
EC:2.4.1.227	1.02085
EC:2.4.1.229	1e-04
EC:2.4.1.230	0.02105
EC:2.4.1.232	5e-05
EC:2.4.1.241	4e-04
EC:2.4.1.242	0.00035
EC:2.4.1.245	0.02485
EC:2.4.1.246	0.0051
EC:2.4.1.247	0.00395
EC:2.4.1.25	0.60425
EC:2.4.1.250	0.10055
EC:2.4.1.251	0.0074
EC:2.4.1.252	0.01875
EC:2.4.1.255	0.0012
EC:2.4.1.256	8e-04
EC:2.4.1.257	5e-05
EC:2.4.1.264	0.0101
EC:2.4.1.266	0.12615
EC:2.4.1.269	0.00025
EC:2.4.1.276	0.00865
EC:2.4.1.277	0.00605
EC:2.4.1.278	0.0015
EC:2.4.1.279	0.00095
EC:2.4.1.280	0.0301
EC:2.4.1.281	0.03655
EC:2.4.1.282	1e-04
EC:2.4.1.283	0.00185
EC:2.4.1.284	0.00185
EC:2.4.1.285	2e-04
EC:2.4.1.287	0.0508
EC:2.4.1.288	0.07905
EC:2.4.1.289	0.0578
EC:2.4.1.290	0.0092
EC:2.4.1.291	0.02035
EC:2.4.1.292	0.01265
EC:2.4.1.293	0.00685
EC:2.4.1.302	0.0015
EC:2.4.1.303	0.00045
EC:2.4.1.310	0.02085
EC:2.4.1.311	0.00055
EC:2.4.1.315	0.1483
EC:2.4.1.316	0.00125
EC:2.4.1.317	0.001
EC:2.4.1.318	0.00075
EC:2.4.1.319	0.04645
EC:2.4.1.320	0.04645
EC:2.4.1.321	0.01185
EC:2.4.1.322	0.00065
EC:2.4.1.325	0.1468
EC:2.4.1.326	0.00115
EC:2.4.1.327	0.00685
EC:2.4.1.328	3e-04
EC:2.4.1.331	4e-04
EC:2.4.1.34	2e-04
EC:2.4.1.37	0.00035
EC:2.4.1.38	0.00035
EC:2.4.1.4	0.057
EC:2.4.1.40	0.00035
EC:2.4.1.44	0.05155
EC:2.4.1.46	0.00545
EC:2.4.1.5	0.0256
EC:2.4.1.50	7e-04
EC:2.4.1.52	0.1448
EC:2.4.1.56	0.0492
EC:2.4.1.57	0.0966
EC:2.4.1.58	0.1006
EC:2.4.1.60	0.01385
EC:2.4.1.64	0.0926
EC:2.4.1.66	1e-04
EC:2.4.1.7	0.2128
EC:2.4.1.8	0.1177
EC:2.4.1.80	0.08
EC:2.4.1.82	1e-04
EC:2.4.1.83	0.5782
EC:2.4.1.87	0.0017
EC:2.4.1.90	0.00035
EC:2.4.2.1	0.9294
EC:2.4.2.10	1.03605
EC:2.4.2.12	0.07885
EC:2.4.2.14	1.0259
EC:2.4.2.17	0.8398
EC:2.4.2.18	0.92895
EC:2.4.2.19	0.7914
EC:2.4.2.2	0.23825
EC:2.4.2.21	0.5855
EC:2.4.2.22	0.5976
EC:2.4.2.26	9e-04
EC:2.4.2.27	3e-04
EC:2.4.2.28	0.2162
EC:2.4.2.29	0.92245
EC:2.4.2.3	0.3739
EC:2.4.2.30	0.00445
EC:2.4.2.31	0.00015
EC:2.4.2.36	0.0052
EC:2.4.2.37	0.01475
EC:2.4.2.4	0.4028
EC:2.4.2.43	0.1801
EC:2.4.2.44	0.0528
EC:2.4.2.45	0.0535
EC:2.4.2.46	0.04125
EC:2.4.2.47	0.0415
EC:2.4.2.48	0.0226
EC:2.4.2.49	2e-04
EC:2.4.2.52	0.3993
EC:2.4.2.53	0.2232
EC:2.4.2.54	0.0212
EC:2.4.2.57	0.0096
EC:2.4.2.6	0.0306
EC:2.4.2.7	0.9321
EC:2.4.2.8	0.89285
EC:2.4.2.9	1.4451
EC:2.4.99.1	0.0024
EC:2.4.99.12	0.59985
EC:2.4.99.13	0.59985
EC:2.4.99.14	0.59985
EC:2.4.99.15	0.59985
EC:2.4.99.16	0.22325
EC:2.4.99.17	0.9039
EC:2.4.99.18	0.0421
EC:2.4.99.19	0.0104
EC:2.5.1.1	1.1927
EC:2.5.1.10	1.19265
EC:2.5.1.101	0.0576
EC:2.5.1.105	0.15905
EC:2.5.1.108	0.02145
EC:2.5.1.111	3e-04
EC:2.5.1.114	0.01435
EC:2.5.1.115	0.00965
EC:2.5.1.116	0.00965
EC:2.5.1.117	8e-04
EC:2.5.1.120	0.1049
EC:2.5.1.15	1.10955
EC:2.5.1.16	0.6413
EC:2.5.1.17	1.18315
EC:2.5.1.18	2.402
EC:2.5.1.19	1.0336
EC:2.5.1.2	0.00965
EC:2.5.1.21	0.0608
EC:2.5.1.22	0.00045
EC:2.5.1.26	0.1289
EC:2.5.1.29	0.7622
EC:2.5.1.3	1.13265
EC:2.5.1.30	0.48305
EC:2.5.1.31	1.00905
EC:2.5.1.32	0.38245
EC:2.5.1.38	0.00075
EC:2.5.1.39	0.7095
EC:2.5.1.41	0.0258
EC:2.5.1.42	0.02865
EC:2.5.1.43	0.0021
EC:2.5.1.44	0.05705
EC:2.5.1.46	0.1038
EC:2.5.1.47	1.93945
EC:2.5.1.48	0.6185
EC:2.5.1.49	0.772
EC:2.5.1.54	1.654
EC:2.5.1.55	0.59925
EC:2.5.1.56	0.2422
EC:2.5.1.57	0.008
EC:2.5.1.6	1.0821
EC:2.5.1.60	0.00155
EC:2.5.1.61	0.84725
EC:2.5.1.62	0.0398
EC:2.5.1.65	0.00075
EC:2.5.1.66	0.00135
EC:2.5.1.68	0.1205
EC:2.5.1.7	1.2624
EC:2.5.1.72	0.74165
EC:2.5.1.73	0.008
EC:2.5.1.74	0.57745
EC:2.5.1.75	1.0125
EC:2.5.1.76	0.0077
EC:2.5.1.77	0.05015
EC:2.5.1.78	0.9779
EC:2.5.1.79	0.00025
EC:2.5.1.82	1e-04
EC:2.5.1.83	1e-04
EC:2.5.1.84	0.0137
EC:2.5.1.85	0.0137
EC:2.5.1.86	0.01545
EC:2.5.1.87	0.00015
EC:2.5.1.89	0.02175
EC:2.5.1.9	0.93845
EC:2.5.1.90	0.6078
EC:2.5.1.91	5e-05
EC:2.5.1.96	0.01345
EC:2.5.1.97	0.053
EC:2.6.1.1	0.97615
EC:2.6.1.100	0.00515
EC:2.6.1.101	0.00515
EC:2.6.1.102	0.0887
EC:2.6.1.103	0.02115
EC:2.6.1.104	0.0154
EC:2.6.1.105	0.0114
EC:2.6.1.106	0.0026
EC:2.6.1.109	0.0208
EC:2.6.1.11	0.91895
EC:2.6.1.13	0.29105
EC:2.6.1.16	1.2504
EC:2.6.1.17	0.75715
EC:2.6.1.18	0.20695
EC:2.6.1.19	0.7544
EC:2.6.1.2	0.505
EC:2.6.1.21	0.2661
EC:2.6.1.22	0.3536
EC:2.6.1.30	0.0033
EC:2.6.1.33	0.0029
EC:2.6.1.34	0.00835
EC:2.6.1.36	0.0441
EC:2.6.1.37	0.22475
EC:2.6.1.4	1e-04
EC:2.6.1.40	0.0022
EC:2.6.1.42	1.2835
EC:2.6.1.44	0.1796
EC:2.6.1.45	0.1773
EC:2.6.1.46	0.0019
EC:2.6.1.48	0.0369
EC:2.6.1.50	0.00175
EC:2.6.1.51	0.1773
EC:2.6.1.52	0.804
EC:2.6.1.55	0.10635
EC:2.6.1.57	0.4624
EC:2.6.1.59	0.21825
EC:2.6.1.62	0.6551
EC:2.6.1.64	0.00025
EC:2.6.1.66	0.7113
EC:2.6.1.7	0.00025
EC:2.6.1.76	0.33905
EC:2.6.1.77	0.02555
EC:2.6.1.78	8e-04
EC:2.6.1.79	8e-04
EC:2.6.1.81	0.181
EC:2.6.1.82	0.17295
EC:2.6.1.83	0.1464
EC:2.6.1.84	0.0593
EC:2.6.1.85	1.2159
EC:2.6.1.86	0.0507
EC:2.6.1.87	0.15915
EC:2.6.1.9	1.46135
EC:2.6.1.92	0.0263
EC:2.6.1.93	0.0033
EC:2.6.1.94	0.0033
EC:2.6.1.95	0.0033
EC:2.6.1.96	0.0538
EC:2.6.1.97	0.0161
EC:2.6.1.98	0.04485
EC:2.6.99.2	0.5716
EC:2.6.99.3	0.00095
EC:2.7.1.1	0.0144
EC:2.7.1.100	0.16745
EC:2.7.1.105	5e-05
EC:2.7.1.107	0.8458
EC:2.7.1.11	1.16605
EC:2.7.1.113	0.0779
EC:2.7.1.119	0.01195
EC:2.7.1.12	0.72395
EC:2.7.1.13	0.02405
EC:2.7.1.130	0.58305
EC:2.7.1.137	1e-04
EC:2.7.1.14	0.00395
EC:2.7.1.144	0.17215
EC:2.7.1.145	2e-04
EC:2.7.1.146	0.01565
EC:2.7.1.147	0.01585
EC:2.7.1.148	0.88495
EC:2.7.1.15	0.97575
EC:2.7.1.150	5e-05
EC:2.7.1.154	1e-04
EC:2.7.1.156	0.53585
EC:2.7.1.157	0.00065
EC:2.7.1.16	0.27975
EC:2.7.1.161	0.02195
EC:2.7.1.162	0.0073
EC:2.7.1.163	0.00705
EC:2.7.1.164	0.0011
EC:2.7.1.165	0.015
EC:2.7.1.166	0.07455
EC:2.7.1.167	0.3442
EC:2.7.1.168	0.0704
EC:2.7.1.169	0.02135
EC:2.7.1.17	0.8298
EC:2.7.1.170	0.5494
EC:2.7.1.174	0.00035
EC:2.7.1.175	0.06815
EC:2.7.1.176	0.037
EC:2.7.1.177	0.08745
EC:2.7.1.178	0.00225
EC:2.7.1.179	0.0049
EC:2.7.1.181	0.03035
EC:2.7.1.182	0.02245
EC:2.7.1.184	0.1318
EC:2.7.1.185	4e-04
EC:2.7.1.186	4e-04
EC:2.7.1.19	0.26625
EC:2.7.1.2	1.24555
EC:2.7.1.20	0.1553
EC:2.7.1.21	0.6341
EC:2.7.1.22	0.16445
EC:2.7.1.23	1.07125
EC:2.7.1.24	0.97675
EC:2.7.1.25	0.66025
EC:2.7.1.26	0.99775
EC:2.7.1.27	0.02775
EC:2.7.1.29	0.2314
EC:2.7.1.3	0.0054
EC:2.7.1.30	1.0161
EC:2.7.1.31	0.9611
EC:2.7.1.33	1.0883
EC:2.7.1.35	0.7465
EC:2.7.1.36	0.2101
EC:2.7.1.37	0.00595
EC:2.7.1.39	0.9449
EC:2.7.1.4	1.10255
EC:2.7.1.40	1.2964
EC:2.7.1.41	0.00025
EC:2.7.1.43	0.003
EC:2.7.1.44	0.00175
EC:2.7.1.45	0.7889
EC:2.7.1.46	0.00125
EC:2.7.1.47	0.0195
EC:2.7.1.48	0.6974
EC:2.7.1.49	0.9748
EC:2.7.1.5	0.28865
EC:2.7.1.50	0.508
EC:2.7.1.51	0.13765
EC:2.7.1.52	0.0013
EC:2.7.1.53	0.17115
EC:2.7.1.55	0.0474
EC:2.7.1.56	0.6273
EC:2.7.1.58	0.29665
EC:2.7.1.59	0.21745
EC:2.7.1.6	0.5792
EC:2.7.1.60	0.13975
EC:2.7.1.63	0.1695
EC:2.7.1.64	0.00035
EC:2.7.1.65	0.00125
EC:2.7.1.66	0.16135
EC:2.7.1.68	0.00055
EC:2.7.1.69	4.07625
EC:2.7.1.71	1.1545
EC:2.7.1.72	0.177
EC:2.7.1.73	0.1984
EC:2.7.1.74	0.0772
EC:2.7.1.76	0.0838
EC:2.7.1.78	2e-04
EC:2.7.1.8	0.1177
EC:2.7.1.81	5e-05
EC:2.7.1.83	0.1698
EC:2.7.1.85	0.032
EC:2.7.1.87	0.04315
EC:2.7.1.89	0.1494
EC:2.7.1.90	0.06785
EC:2.7.1.91	0.00075
EC:2.7.1.92	0.26275
EC:2.7.1.95	0.1012
EC:2.7.10.1	0.02965
EC:2.7.10.2	0.02085
EC:2.7.11.1	2.8639
EC:2.7.11.11	6e-04
EC:2.7.11.12	0.00075
EC:2.7.11.16	5e-05
EC:2.7.11.17	0.00075
EC:2.7.11.22	0.00045
EC:2.7.11.23	0.00025
EC:2.7.11.24	0.00035
EC:2.7.11.25	1e-04
EC:2.7.11.26	1e-04
EC:2.7.11.5	0.246
EC:2.7.12.1	5e-04
EC:2.7.12.2	5e-05
EC:2.7.13.1	0.02145
EC:2.7.13.3	7.6324
EC:2.7.14.1	0.13575
EC:2.7.2.1	0.94515
EC:2.7.2.11	0.87655
EC:2.7.2.15	0.1738
EC:2.7.2.2	0.6315
EC:2.7.2.3	1.00825
EC:2.7.2.4	1.76945
EC:2.7.2.7	0.13375
EC:2.7.2.8	0.84025
EC:2.7.3.2	0.00185
EC:2.7.3.3	0.00085
EC:2.7.3.9	1.04625
EC:2.7.4.1	0.8066
EC:2.7.4.14	0.9572
EC:2.7.4.16	0.69075
EC:2.7.4.2	0.1434
EC:2.7.4.22	1.0135
EC:2.7.4.23	0.21515
EC:2.7.4.26	0.0226
EC:2.7.4.3	1.07945
EC:2.7.4.6	0.9067
EC:2.7.4.7	0.9748
EC:2.7.4.8	1.03805
EC:2.7.4.9	0.9657
EC:2.7.6.1	1.2473
EC:2.7.6.2	0.37195
EC:2.7.6.3	1.0595
EC:2.7.6.5	1.4591
EC:2.7.7.1	0.2455
EC:2.7.7.12	0.5366
EC:2.7.7.13	1.0376
EC:2.7.7.14	0.001
EC:2.7.7.15	0.0259
EC:2.7.7.18	0.9653
EC:2.7.7.19	0.67515
EC:2.7.7.2	0.99715
EC:2.7.7.23	0.9824
EC:2.7.7.24	1.02385
EC:2.7.7.27	0.79015
EC:2.7.7.3	0.9952
EC:2.7.7.30	1e-04
EC:2.7.7.33	0.20515
EC:2.7.7.38	0.6311
EC:2.7.7.39	0.2019
EC:2.7.7.4	1.46775
EC:2.7.7.41	1.14785
EC:2.7.7.42	0.57815
EC:2.7.7.43	0.20945
EC:2.7.7.46	0.00395
EC:2.7.7.47	0.14035
EC:2.7.7.48	1e-04
EC:2.7.7.49	0.26175
EC:2.7.7.52	5e-05
EC:2.7.7.53	0.18245
EC:2.7.7.56	0.6712
EC:2.7.7.58	0.248
EC:2.7.7.59	0.5601
EC:2.7.7.6	4.10735
EC:2.7.7.60	0.97725
EC:2.7.7.61	0.22365
EC:2.7.7.62	0.55235
EC:2.7.7.63	0.67035
EC:2.7.7.64	3e-04
EC:2.7.7.65	0.5849
EC:2.7.7.66	0.1408
EC:2.7.7.67	0.02685
EC:2.7.7.68	0.1077
EC:2.7.7.7	9.44625
EC:2.7.7.70	0.3442
EC:2.7.7.71	0.0317
EC:2.7.7.72	0.7408
EC:2.7.7.73	0.225
EC:2.7.7.74	0.00475
EC:2.7.7.75	0.26045
EC:2.7.7.76	0.3981
EC:2.7.7.77	0.648
EC:2.7.7.8	0.9612
EC:2.7.7.81	0.0084
EC:2.7.7.82	0.05185
EC:2.7.7.83	0.03915
EC:2.7.7.85	0.40705
EC:2.7.7.87	0.8904
EC:2.7.7.9	1.1996
EC:2.7.8.1	0.00155
EC:2.7.8.11	0.004
EC:2.7.8.12	0.19425
EC:2.7.8.13	0.99485
EC:2.7.8.14	0.07315
EC:2.7.8.15	0.0114
EC:2.7.8.17	5e-05
EC:2.7.8.20	0.38005
EC:2.7.8.24	0.09445
EC:2.7.8.26	0.56785
EC:2.7.8.28	0.1026
EC:2.7.8.31	0.00595
EC:2.7.8.33	0.5442
EC:2.7.8.34	0.0086
EC:2.7.8.36	0.0149
EC:2.7.8.37	0.83535
EC:2.7.8.38	0.002
EC:2.7.8.39	0.02555
EC:2.7.8.41	0.32575
EC:2.7.8.5	1.10615
EC:2.7.8.6	0.07755
EC:2.7.8.7	0.7712
EC:2.7.8.8	0.81905
EC:2.7.9.1	0.3496
EC:2.7.9.2	0.7343
EC:2.7.9.3	0.4226
EC:2.7.9.4	2e-04
EC:2.7.9.5	5e-05
EC:2.8.1.1	1.2857
EC:2.8.1.10	0.7019
EC:2.8.1.12	0.76435
EC:2.8.1.2	1.04585
EC:2.8.1.6	0.8442
EC:2.8.1.7	2.351
EC:2.8.1.8	0.8452
EC:2.8.2.1	0.0126
EC:2.8.2.14	5e-05
EC:2.8.2.2	0.0017
EC:2.8.2.20	0.00055
EC:2.8.2.22	0.099
EC:2.8.2.23	0.00015
EC:2.8.2.3	2e-04
EC:2.8.2.30	1e-04
EC:2.8.2.35	2e-04
EC:2.8.2.4	0.00015
EC:2.8.2.5	5e-05
EC:2.8.3.1	0.11125
EC:2.8.3.10	0.23115
EC:2.8.3.12	0.25995
EC:2.8.3.13	0.0027
EC:2.8.3.15	0.01515
EC:2.8.3.16	0.44275
EC:2.8.3.17	0.0062
EC:2.8.3.18	0.1943
EC:2.8.3.19	0.1223
EC:2.8.3.20	0.0086
EC:2.8.3.21	0.0939
EC:2.8.3.22	0.0333
EC:2.8.3.5	0.85225
EC:2.8.3.6	0.3421
EC:2.8.3.8	0.35765
EC:2.8.3.9	0.27275
EC:2.8.4.1	0.02615
EC:2.8.4.2	0.0288
EC:2.8.4.3	0.8829
EC:2.8.4.4	0.54455
EC:2.8.4.5	0.341
EC:2.9.1.1	0.4787
EC:2.9.1.2	0.00105
EC:3.1.1.1	0.2895
EC:3.1.1.11	0.26555
EC:3.1.1.13	0.00015
EC:3.1.1.15	0.02705
EC:3.1.1.17	0.30235
EC:3.1.1.2	0.00255
EC:3.1.1.22	0.0326
EC:3.1.1.23	0.00125
EC:3.1.1.24	0.3857
EC:3.1.1.27	0.0025
EC:3.1.1.29	1.01585
EC:3.1.1.3	0.3924
EC:3.1.1.31	0.86285
EC:3.1.1.32	0.2907
EC:3.1.1.4	0.2909
EC:3.1.1.41	0.14085
EC:3.1.1.45	0.808
EC:3.1.1.47	0.00155
EC:3.1.1.5	0.8095
EC:3.1.1.53	0.18695
EC:3.1.1.56	0.00175
EC:3.1.1.57	0.0301
EC:3.1.1.61	1.0819
EC:3.1.1.7	7e-04
EC:3.1.1.72	2e-04
EC:3.1.1.73	0.14035
EC:3.1.1.74	0.0973
EC:3.1.1.75	0.1556
EC:3.1.1.77	5e-05
EC:3.1.1.8	2e-04
EC:3.1.1.81	0.02675
EC:3.1.1.83	9e-04
EC:3.1.1.84	0.00175
EC:3.1.1.85	0.39015
EC:3.1.1.89	5e-05
EC:3.1.1.93	2e-04
EC:3.1.1.95	0.0017
EC:3.1.1.96	0.01885
EC:3.1.11.1	0.2961
EC:3.1.11.2	1.3055
EC:3.1.11.3	0.0082
EC:3.1.11.5	1.66245
EC:3.1.11.6	1.865
EC:3.1.12.1	0.17715
EC:3.1.13.1	0.29015
EC:3.1.13.3	0.4062
EC:3.1.13.4	2e-04
EC:3.1.13.5	0.64555
EC:3.1.2.1	0.0316
EC:3.1.2.12	0.49445
EC:3.1.2.14	0.00065
EC:3.1.2.2	0.00035
EC:3.1.2.20	0.0237
EC:3.1.2.21	0.12155
EC:3.1.2.22	5e-05
EC:3.1.2.23	0.1231
EC:3.1.2.25	0.0018
EC:3.1.2.26	0.00055
EC:3.1.2.28	0.19855
EC:3.1.2.29	0.01115
EC:3.1.2.30	0.02165
EC:3.1.2.4	0.00415
EC:3.1.2.6	0.5866
EC:3.1.21.1	0.24505
EC:3.1.21.2	0.52605
EC:3.1.21.3	2.2691
EC:3.1.21.4	0.1819
EC:3.1.21.5	0.3113
EC:3.1.21.7	0.27525
EC:3.1.22.1	0.00745
EC:3.1.22.4	1.0444
EC:3.1.25.1	0.00075
EC:3.1.26.11	0.6186
EC:3.1.26.12	0.6297
EC:3.1.26.3	0.98455
EC:3.1.26.4	2.1697
EC:3.1.26.5	0.94615
EC:3.1.26.8	0.2189
EC:3.1.27.1	0.138
EC:3.1.27.3	0.0627
EC:3.1.27.6	0.1237
EC:3.1.27.9	0.0266
EC:3.1.3.1	0.9389
EC:3.1.3.10	0.15195
EC:3.1.3.11	1.19755
EC:3.1.3.12	0.38555
EC:3.1.3.15	0.66615
EC:3.1.3.16	1.4461
EC:3.1.3.18	1.56015
EC:3.1.3.2	0.4523
EC:3.1.3.21	1e-04
EC:3.1.3.23	0.57215
EC:3.1.3.25	1.3411
EC:3.1.3.26	0.1281
EC:3.1.3.27	0.79685
EC:3.1.3.29	0.00025
EC:3.1.3.3	1.22235
EC:3.1.3.32	0.00015
EC:3.1.3.37	0.09825
EC:3.1.3.39	0.00295
EC:3.1.3.4	0.19585
EC:3.1.3.41	0.15875
EC:3.1.3.45	0.4924
EC:3.1.3.48	1.65025
EC:3.1.3.5	1.6141
EC:3.1.3.57	0.00065
EC:3.1.3.6	0.5401
EC:3.1.3.64	5e-05
EC:3.1.3.69	0.00615
EC:3.1.3.7	0.9511
EC:3.1.3.70	0.1413
EC:3.1.3.71	0.14065
EC:3.1.3.73	0.4382
EC:3.1.3.74	5e-05
EC:3.1.3.76	0.00035
EC:3.1.3.77	0.1294
EC:3.1.3.78	0.02695
EC:3.1.3.79	0.0032
EC:3.1.3.8	0.10775
EC:3.1.3.81	0.1947
EC:3.1.3.82	0.4624
EC:3.1.3.83	0.4624
EC:3.1.3.86	5e-05
EC:3.1.3.87	0.05425
EC:3.1.3.88	5e-04
EC:3.1.3.89	0.2087
EC:3.1.3.90	0.0975
EC:3.1.3.92	0.01795
EC:3.1.3.93	0.01645
EC:3.1.3.95	5e-05
EC:3.1.30.1	0.01545
EC:3.1.31.1	0.1766
EC:3.1.4.1	0.00045
EC:3.1.4.11	5e-05
EC:3.1.4.12	0.0362
EC:3.1.4.14	0.16615
EC:3.1.4.16	0.5401
EC:3.1.4.17	0.0377
EC:3.1.4.3	0.40865
EC:3.1.4.37	0.0022
EC:3.1.4.4	0.01985
EC:3.1.4.44	5e-05
EC:3.1.4.46	1.883
EC:3.1.4.50	0.00095
EC:3.1.4.52	0.2178
EC:3.1.4.53	5e-04
EC:3.1.4.54	0.0052
EC:3.1.4.55	0.35295
EC:3.1.4.56	0.0014
EC:3.1.5.1	0.78415
EC:3.1.6.1	0.5823
EC:3.1.6.12	0.0045
EC:3.1.6.13	0.014
EC:3.1.6.14	0.0136
EC:3.1.6.2	2e-04
EC:3.1.6.4	0.00405
EC:3.1.6.6	0.1261
EC:3.1.6.8	0.0214
EC:3.1.7.2	0.3519
EC:3.1.7.8	0.00015
EC:3.1.7.9	0.00015
EC:3.1.8.1	0.00255
EC:3.10.1.1	0.0084
EC:3.11.1.1	0.18315
EC:3.11.1.2	0.0393
EC:3.11.1.3	0.00105
EC:3.13.1.1	0.05485
EC:3.13.1.3	0.00995
EC:3.2.1.1	0.9387
EC:3.2.1.10	0.2001
EC:3.2.1.101	5e-05
EC:3.2.1.11	0.01895
EC:3.2.1.113	0.0029
EC:3.2.1.122	0.2145
EC:3.2.1.123	0.0295
EC:3.2.1.130	0.00285
EC:3.2.1.132	0.03805
EC:3.2.1.135	0.0428
EC:3.2.1.136	0.02735
EC:3.2.1.139	0.06865
EC:3.2.1.14	0.5148
EC:3.2.1.141	0.2122
EC:3.2.1.143	0.00275
EC:3.2.1.15	0.03215
EC:3.2.1.150	5e-05
EC:3.2.1.151	1e-04
EC:3.2.1.152	0.00065
EC:3.2.1.155	1e-04
EC:3.2.1.156	0.02475
EC:3.2.1.164	0.00435
EC:3.2.1.165	0.01435
EC:3.2.1.166	0.00145
EC:3.2.1.169	0.00065
EC:3.2.1.17	0.6026
EC:3.2.1.170	0.09555
EC:3.2.1.172	0.2361
EC:3.2.1.175	1e-04
EC:3.2.1.177	0.34985
EC:3.2.1.18	0.1731
EC:3.2.1.180	0.14805
EC:3.2.1.183	0.0364
EC:3.2.1.184	0.05215
EC:3.2.1.185	0.00355
EC:3.2.1.187	0.00205
EC:3.2.1.20	1.1356
EC:3.2.1.21	1.60045
EC:3.2.1.22	0.76345
EC:3.2.1.23	1.2825
EC:3.2.1.24	0.2613
EC:3.2.1.25	0.19925
EC:3.2.1.26	0.5139
EC:3.2.1.28	0.33855
EC:3.2.1.3	0.0511
EC:3.2.1.31	0.15675
EC:3.2.1.35	0.07055
EC:3.2.1.37	0.20595
EC:3.2.1.39	3e-04
EC:3.2.1.4	0.7613
EC:3.2.1.40	0.208
EC:3.2.1.41	0.1741
EC:3.2.1.45	0.1685
EC:3.2.1.46	0.00215
EC:3.2.1.50	0.05105
EC:3.2.1.51	0.57395
EC:3.2.1.52	1.41705
EC:3.2.1.54	0.01115
EC:3.2.1.55	0.3595
EC:3.2.1.58	0.02175
EC:3.2.1.59	5e-05
EC:3.2.1.6	7e-04
EC:3.2.1.64	0.04715
EC:3.2.1.65	0.0378
EC:3.2.1.67	0.00025
EC:3.2.1.68	0.0016
EC:3.2.1.70	0.0857
EC:3.2.1.73	0.0068
EC:3.2.1.76	0.0016
EC:3.2.1.78	0.1721
EC:3.2.1.8	0.2748
EC:3.2.1.80	0.0975
EC:3.2.1.81	0.0182
EC:3.2.1.82	0.01935
EC:3.2.1.85	0.1016
EC:3.2.1.86	1.64765
EC:3.2.1.89	0.1403
EC:3.2.1.91	0.0434
EC:3.2.1.93	0.3489
EC:3.2.1.96	0.11815
EC:3.2.1.97	0.0401
EC:3.2.1.99	0.1405
EC:3.2.2.1	0.51945
EC:3.2.2.16	0.00175
EC:3.2.2.20	0.79185
EC:3.2.2.21	1.1102
EC:3.2.2.23	0.9477
EC:3.2.2.24	0.06275
EC:3.2.2.26	0.0575
EC:3.2.2.27	0.86635
EC:3.2.2.3	0.0072
EC:3.2.2.30	0.0355
EC:3.2.2.4	0.34055
EC:3.2.2.5	0.0034
EC:3.2.2.8	0.0699
EC:3.2.2.9	0.7821
EC:3.3.1.1	0.5661
EC:3.3.2.1	0.2363
EC:3.3.2.10	0.00035
EC:3.3.2.12	0.16745
EC:3.3.2.13	0.00135
EC:3.3.2.2	7e-04
EC:3.3.2.5	7e-04
EC:3.3.2.6	5e-05
EC:3.3.2.8	0.0594
EC:3.3.2.9	0.0343
EC:3.4.11.1	0.96495
EC:3.4.11.10	0.08135
EC:3.4.11.14	0.0266
EC:3.4.11.15	0.00505
EC:3.4.11.18	1.5145
EC:3.4.11.19	0.167
EC:3.4.11.2	0.8282
EC:3.4.11.21	0.186
EC:3.4.11.23	0.19805
EC:3.4.11.24	0.027
EC:3.4.11.4	0.7134
EC:3.4.11.5	0.62635
EC:3.4.11.6	0.046
EC:3.4.11.7	0.09655
EC:3.4.11.9	1.20075
EC:3.4.13.19	0.4494
EC:3.4.13.21	0.28
EC:3.4.13.22	0.33955
EC:3.4.13.9	0.6217
EC:3.4.14.1	1e-04
EC:3.4.14.10	0.00025
EC:3.4.14.11	0.1414
EC:3.4.14.12	0.00355
EC:3.4.14.4	0.0364
EC:3.4.14.5	0.2166
EC:3.4.14.9	1e-04
EC:3.4.15.1	0.04495
EC:3.4.15.5	0.42395
EC:3.4.15.6	0.11185
EC:3.4.16.2	5e-05
EC:3.4.16.4	2.8184
EC:3.4.16.5	0.00085
EC:3.4.16.6	0.00015
EC:3.4.17.1	1e-04
EC:3.4.17.11	0.2682
EC:3.4.17.13	0.46475
EC:3.4.17.14	0.0156
EC:3.4.17.18	0.0073
EC:3.4.17.19	0.2812
EC:3.4.17.2	5e-05
EC:3.4.17.20	5e-05
EC:3.4.17.21	0.01615
EC:3.4.17.22	0.00035
EC:3.4.17.4	5e-05
EC:3.4.19.1	0.037
EC:3.4.19.11	0.06795
EC:3.4.19.12	8e-04
EC:3.4.19.13	1.19685
EC:3.4.19.14	0.00015
EC:3.4.19.3	0.3237
EC:3.4.19.5	0.3054
EC:3.4.21.1	1e-04
EC:3.4.21.10	0.002
EC:3.4.21.100	0.0215
EC:3.4.21.101	0.0102
EC:3.4.21.102	1.16825
EC:3.4.21.105	0.1959
EC:3.4.21.107	1.01515
EC:3.4.21.108	1e-04
EC:3.4.21.109	5e-05
EC:3.4.21.110	0.01395
EC:3.4.21.116	0.09375
EC:3.4.21.117	5e-05
EC:3.4.21.19	0.0928
EC:3.4.21.2	5e-05
EC:3.4.21.22	5e-05
EC:3.4.21.26	0.32965
EC:3.4.21.34	1e-04
EC:3.4.21.35	0.0011
EC:3.4.21.36	0.00015
EC:3.4.21.4	0.00665
EC:3.4.21.41	0.00015
EC:3.4.21.42	1e-04
EC:3.4.21.46	5e-05
EC:3.4.21.50	0.00035
EC:3.4.21.53	1.0254
EC:3.4.21.59	6e-04
EC:3.4.21.61	0.0012
EC:3.4.21.62	0.04215
EC:3.4.21.66	0.0298
EC:3.4.21.68	3e-04
EC:3.4.21.69	0.00015
EC:3.4.21.71	0.0013
EC:3.4.21.72	0.03265
EC:3.4.21.73	1e-04
EC:3.4.21.75	5e-05
EC:3.4.21.76	0.00015
EC:3.4.21.80	0.00365
EC:3.4.21.81	0.0224
EC:3.4.21.82	0.0017
EC:3.4.21.83	0.474
EC:3.4.21.88	0.90025
EC:3.4.21.89	1.58665
EC:3.4.21.9	5e-05
EC:3.4.21.92	1.44505
EC:3.4.21.93	5e-05
EC:3.4.21.96	0.0606
EC:3.4.22.1	5e-05
EC:3.4.22.10	0.0025
EC:3.4.22.15	0.0016
EC:3.4.22.36	5e-05
EC:3.4.22.37	0.0063
EC:3.4.22.38	5e-05
EC:3.4.22.4	0.00585
EC:3.4.22.40	0.2048
EC:3.4.22.48	0.0276
EC:3.4.22.68	5e-05
EC:3.4.22.70	0.6934
EC:3.4.22.8	0.0055
EC:3.4.23.1	0.00015
EC:3.4.23.3	1e-04
EC:3.4.23.36	1.07465
EC:3.4.23.4	0.00015
EC:3.4.23.42	0.00535
EC:3.4.23.43	1.1746
EC:3.4.23.48	0.0487
EC:3.4.23.49	0.049
EC:3.4.23.5	0.00015
EC:3.4.23.51	0.1498
EC:3.4.23.52	0.0212
EC:3.4.24.11	0.00825
EC:3.4.24.13	0.0206
EC:3.4.24.15	0.0294
EC:3.4.24.16	1e-04
EC:3.4.24.20	0.0144
EC:3.4.24.21	7e-04
EC:3.4.24.25	0.05055
EC:3.4.24.26	0.02115
EC:3.4.24.27	0.0332
EC:3.4.24.28	0.0214
EC:3.4.24.29	0.03225
EC:3.4.24.3	0.1251
EC:3.4.24.30	0.00345
EC:3.4.24.34	0.00015
EC:3.4.24.37	5e-05
EC:3.4.24.40	0.11765
EC:3.4.24.55	0.1542
EC:3.4.24.56	0.0067
EC:3.4.24.61	0.00015
EC:3.4.24.63	5e-05
EC:3.4.24.64	0.00015
EC:3.4.24.68	0.00185
EC:3.4.24.69	0.0071
EC:3.4.24.70	0.404
EC:3.4.24.71	0.0423
EC:3.4.24.75	0.03175
EC:3.4.24.77	0.03305
EC:3.4.24.78	0.09115
EC:3.4.24.80	2e-04
EC:3.4.24.83	0.0022
EC:3.4.24.84	0.154
EC:3.4.25.1	0.22545
EC:3.4.25.2	0.62805
EC:3.5.1.1	1.0989
EC:3.5.1.10	0.74415
EC:3.5.1.100	0.0259
EC:3.5.1.101	0.05085
EC:3.5.1.102	0.0027
EC:3.5.1.103	0.10015
EC:3.5.1.105	0.27755
EC:3.5.1.106	0.03465
EC:3.5.1.107	0.0429
EC:3.5.1.108	0.62175
EC:3.5.1.11	0.33325
EC:3.5.1.110	0.15665
EC:3.5.1.112	0.00015
EC:3.5.1.114	0.00065
EC:3.5.1.115	0.10035
EC:3.5.1.116	0.00115
EC:3.5.1.118	0.5269
EC:3.5.1.15	0.02265
EC:3.5.1.16	0.70305
EC:3.5.1.18	1.06015
EC:3.5.1.19	0.4926
EC:3.5.1.2	0.6124
EC:3.5.1.23	0.0401
EC:3.5.1.24	0.3378
EC:3.5.1.25	0.8671
EC:3.5.1.26	0.0594
EC:3.5.1.28	2.4713
EC:3.5.1.29	0.00135
EC:3.5.1.3	8e-04
EC:3.5.1.31	0.00025
EC:3.5.1.32	0.7476
EC:3.5.1.38	0.0522
EC:3.5.1.4	1.0986
EC:3.5.1.41	0.02165
EC:3.5.1.42	0.95
EC:3.5.1.44	0.2912
EC:3.5.1.46	0.1357
EC:3.5.1.47	0.12175
EC:3.5.1.49	0.1437
EC:3.5.1.5	1.22445
EC:3.5.1.52	1e-04
EC:3.5.1.53	0.3241
EC:3.5.1.54	0.2083
EC:3.5.1.56	0.02075
EC:3.5.1.59	0.0049
EC:3.5.1.68	0.08395
EC:3.5.1.77	0.0194
EC:3.5.1.78	0.125
EC:3.5.1.81	0.21735
EC:3.5.1.82	0.03205
EC:3.5.1.86	0.0407
EC:3.5.1.87	0.4985
EC:3.5.1.88	1.5747
EC:3.5.1.89	5e-05
EC:3.5.1.9	0.17855
EC:3.5.1.90	0.01185
EC:3.5.1.94	0.08035
EC:3.5.1.96	0.27195
EC:3.5.1.97	0.13705
EC:3.5.1.98	0.00205
EC:3.5.1.99	0.00645
EC:3.5.2.10	0.35645
EC:3.5.2.12	0.01555
EC:3.5.2.14	0.49265
EC:3.5.2.15	0.025
EC:3.5.2.17	0.45565
EC:3.5.2.18	0.0248
EC:3.5.2.2	0.33935
EC:3.5.2.3	1.51175
EC:3.5.2.5	0.27915
EC:3.5.2.6	1.1103
EC:3.5.2.7	0.5179
EC:3.5.2.9	0.11315
EC:3.5.3.1	0.32955
EC:3.5.3.11	0.6091
EC:3.5.3.12	0.3294
EC:3.5.3.13	0.10975
EC:3.5.3.15	0.0072
EC:3.5.3.17	0.0325
EC:3.5.3.18	0.06535
EC:3.5.3.22	0.00125
EC:3.5.3.23	0.2723
EC:3.5.3.25	0.00445
EC:3.5.3.26	0.18675
EC:3.5.3.3	0.04125
EC:3.5.3.4	0.137
EC:3.5.3.6	0.3878
EC:3.5.3.7	0.08995
EC:3.5.3.8	0.39655
EC:3.5.3.9	0.25075
EC:3.5.4.1	0.5711
EC:3.5.4.10	1.0036
EC:3.5.4.12	0.37825
EC:3.5.4.13	0.6783
EC:3.5.4.16	1.16035
EC:3.5.4.19	0.8714
EC:3.5.4.2	0.39165
EC:3.5.4.21	0.0011
EC:3.5.4.25	1.29895
EC:3.5.4.26	0.9007
EC:3.5.4.27	0.0381
EC:3.5.4.28	0.2825
EC:3.5.4.29	0.0136
EC:3.5.4.3	0.39355
EC:3.5.4.30	0.00085
EC:3.5.4.31	0.2825
EC:3.5.4.32	0.0571
EC:3.5.4.33	0.78325
EC:3.5.4.35	5e-05
EC:3.5.4.39	0.01785
EC:3.5.4.4	0.74085
EC:3.5.4.40	0.03575
EC:3.5.4.5	0.7825
EC:3.5.4.6	5e-05
EC:3.5.4.9	1.0825
EC:3.5.5.1	0.1972
EC:3.5.5.4	2e-04
EC:3.5.5.7	0.07805
EC:3.5.99.10	0.72465
EC:3.5.99.2	0.3888
EC:3.5.99.3	0.00795
EC:3.5.99.4	2e-04
EC:3.5.99.5	0.03735
EC:3.5.99.6	0.66865
EC:3.5.99.7	0.20225
EC:3.6.1.1	1.48255
EC:3.6.1.11	1.25365
EC:3.6.1.12	0.00085
EC:3.6.1.13	0.9023
EC:3.6.1.15	0.02665
EC:3.6.1.16	0.00015
EC:3.6.1.17	0.0072
EC:3.6.1.18	2e-04
EC:3.6.1.19	0.0011
EC:3.6.1.21	0.00235
EC:3.6.1.22	0.55715
EC:3.6.1.23	0.8822
EC:3.6.1.25	0.1826
EC:3.6.1.26	0.1996
EC:3.6.1.27	2.5589
EC:3.6.1.29	0.00025
EC:3.6.1.31	0.8527
EC:3.6.1.40	1.25305
EC:3.6.1.41	0.36945
EC:3.6.1.45	0.23875
EC:3.6.1.5	0.0021
EC:3.6.1.52	1e-04
EC:3.6.1.53	0.00015
EC:3.6.1.54	0.45925
EC:3.6.1.55	1.82575
EC:3.6.1.56	0.00055
EC:3.6.1.57	0.0116
EC:3.6.1.58	0.00055
EC:3.6.1.59	2e-04
EC:3.6.1.6	0.00105
EC:3.6.1.61	0.00325
EC:3.6.1.62	0.00065
EC:3.6.1.63	0.26595
EC:3.6.1.64	3e-04
EC:3.6.1.65	0.1343
EC:3.6.1.66	1.1669
EC:3.6.1.7	0.62985
EC:3.6.1.8	0.36355
EC:3.6.1.9	4e-04
EC:3.6.3.10	0.00195
EC:3.6.3.12	1.62015
EC:3.6.3.14	2.972
EC:3.6.3.16	0.29755
EC:3.6.3.17	2.88925
EC:3.6.3.2	0.4181
EC:3.6.3.20	0.4006
EC:3.6.3.21	2.1586
EC:3.6.3.22	0.00135
EC:3.6.3.24	0.31405
EC:3.6.3.25	0.51965
EC:3.6.3.27	1.1717
EC:3.6.3.28	0.47665
EC:3.6.3.29	0.65065
EC:3.6.3.3	0.85855
EC:3.6.3.30	0.89165
EC:3.6.3.31	0.63535
EC:3.6.3.32	0.6167
EC:3.6.3.33	0.1703
EC:3.6.3.34	2.96095
EC:3.6.3.36	0.2369
EC:3.6.3.4	0.5815
EC:3.6.3.40	0.17895
EC:3.6.3.41	0.42035
EC:3.6.3.44	0.1598
EC:3.6.3.5	0.85855
EC:3.6.3.54	1.28065
EC:3.6.3.55	0.13555
EC:3.6.3.6	0.03625
EC:3.6.3.8	0.5005
EC:3.6.3.9	0.00605
EC:3.6.4.12	9.00065
EC:3.6.4.13	3.5564
EC:3.6.4.3	5e-05
EC:3.6.4.6	0.0032
EC:3.7.1.12	0.38345
EC:3.7.1.13	0.00135
EC:3.7.1.14	0.12405
EC:3.7.1.17	0.0629
EC:3.7.1.19	0.00245
EC:3.7.1.2	0.38495
EC:3.7.1.20	0.20485
EC:3.7.1.21	0.0039
EC:3.7.1.22	0.26895
EC:3.7.1.3	0.2511
EC:3.7.1.5	0.04085
EC:3.7.1.8	0.00305
EC:3.7.1.9	0.0399
EC:3.8.1.2	0.5953
EC:3.8.1.3	0.1436
EC:3.8.1.5	0.1546
EC:3.8.1.8	0.00075
EC:4.1.1.1	0.0019
EC:4.1.1.11	0.64685
EC:4.1.1.12	0.08045
EC:4.1.1.15	0.34865
EC:4.1.1.17	0.5126
EC:4.1.1.18	0.3747
EC:4.1.1.19	0.7466
EC:4.1.1.2	0.09435
EC:4.1.1.20	1.2796
EC:4.1.1.21	0.0016
EC:4.1.1.22	0.04785
EC:4.1.1.23	1.01305
EC:4.1.1.25	0.0157
EC:4.1.1.28	0.0464
EC:4.1.1.29	0.0044
EC:4.1.1.3	0.75735
EC:4.1.1.31	0.64015
EC:4.1.1.32	0.2131
EC:4.1.1.33	0.1886
EC:4.1.1.35	0.16325
EC:4.1.1.36	1.00095
EC:4.1.1.37	0.9009
EC:4.1.1.39	0.19765
EC:4.1.1.4	0.09745
EC:4.1.1.41	0.0598
EC:4.1.1.44	0.93835
EC:4.1.1.45	0.11775
EC:4.1.1.46	0.04615
EC:4.1.1.47	0.19455
EC:4.1.1.48	0.91515
EC:4.1.1.49	0.59875
EC:4.1.1.5	0.26785
EC:4.1.1.50	0.4192
EC:4.1.1.51	0.0011
EC:4.1.1.55	0.0605
EC:4.1.1.6	5e-04
EC:4.1.1.61	0.00065
EC:4.1.1.64	0.0304
EC:4.1.1.65	0.7955
EC:4.1.1.68	0.2194
EC:4.1.1.69	0.00245
EC:4.1.1.7	0.09685
EC:4.1.1.70	0.02215
EC:4.1.1.71	0.04585
EC:4.1.1.73	0.3239
EC:4.1.1.74	0.20695
EC:4.1.1.75	0.01735
EC:4.1.1.76	0.0074
EC:4.1.1.77	0.08265
EC:4.1.1.79	0.03425
EC:4.1.1.8	0.1015
EC:4.1.1.81	0.1871
EC:4.1.1.82	0.06265
EC:4.1.1.83	0.0108
EC:4.1.1.85	0.2831
EC:4.1.1.86	0.1632
EC:4.1.1.87	0.27155
EC:4.1.1.9	0.06705
EC:4.1.1.94	0.00025
EC:4.1.1.95	0.00105
EC:4.1.1.96	0.2047
EC:4.1.1.97	0.1904
EC:4.1.1.98	1.1824
EC:4.1.1.99	0.0066
EC:4.1.2.13	1.705
EC:4.1.2.14	0.90405
EC:4.1.2.17	0.5034
EC:4.1.2.19	0.193
EC:4.1.2.20	0.19945
EC:4.1.2.21	0.2783
EC:4.1.2.22	0.24415
EC:4.1.2.25	0.9125
EC:4.1.2.27	1e-04
EC:4.1.2.29	0.0453
EC:4.1.2.34	0.00115
EC:4.1.2.4	0.84735
EC:4.1.2.40	0.4432
EC:4.1.2.41	0.06045
EC:4.1.2.43	0.14115
EC:4.1.2.44	0.03265
EC:4.1.2.45	0.0029
EC:4.1.2.5	0.70975
EC:4.1.2.50	0.7632
EC:4.1.2.51	4e-04
EC:4.1.2.52	0.40905
EC:4.1.2.53	0.09645
EC:4.1.2.55	0.00435
EC:4.1.2.56	0.0087
EC:4.1.2.57	0.10065
EC:4.1.2.8	5e-05
EC:4.1.2.9	0.24415
EC:4.1.3.1	0.51875
EC:4.1.3.16	0.00565
EC:4.1.3.17	0.1305
EC:4.1.3.24	0.05915
EC:4.1.3.25	0.1199
EC:4.1.3.27	1.78115
EC:4.1.3.3	0.27155
EC:4.1.3.30	0.38105
EC:4.1.3.34	0.73065
EC:4.1.3.36	0.4758
EC:4.1.3.38	0.6869
EC:4.1.3.39	0.2959
EC:4.1.3.4	0.5359
EC:4.1.3.40	0.33875
EC:4.1.3.41	0.01695
EC:4.1.3.42	0.86445
EC:4.1.3.43	0.0415
EC:4.1.3.44	0.01835
EC:4.1.3.45	0.01605
EC:4.1.3.46	0.00145
EC:4.1.99.1	0.16715
EC:4.1.99.11	0.0054
EC:4.1.99.12	1.10595
EC:4.1.99.14	0.11515
EC:4.1.99.16	0.0303
EC:4.1.99.17	0.70415
EC:4.1.99.18	1.6227
EC:4.1.99.19	0.33145
EC:4.1.99.2	0.0212
EC:4.1.99.20	0.0118
EC:4.1.99.3	0.8123
EC:4.1.99.5	0.0123
EC:4.2.1.1	1.54445
EC:4.2.1.10	1.12495
EC:4.2.1.100	0.00455
EC:4.2.1.101	0.06045
EC:4.2.1.103	0.0893
EC:4.2.1.104	0.1726
EC:4.2.1.106	0.00195
EC:4.2.1.107	0.00665
EC:4.2.1.108	0.1239
EC:4.2.1.109	0.1723
EC:4.2.1.11	1.08125
EC:4.2.1.113	0.44515
EC:4.2.1.114	0.02375
EC:4.2.1.115	0.0735
EC:4.2.1.116	0.0142
EC:4.2.1.118	0.04265
EC:4.2.1.119	0.01095
EC:4.2.1.12	0.39995
EC:4.2.1.120	0.03775
EC:4.2.1.126	0.5572
EC:4.2.1.129	0.10635
EC:4.2.1.130	0.1285
EC:4.2.1.131	0.02145
EC:4.2.1.132	0.0393
EC:4.2.1.134	2e-04
EC:4.2.1.135	0.00705
EC:4.2.1.136	0.01475
EC:4.2.1.137	0.04115
EC:4.2.1.138	0.0021
EC:4.2.1.140	0.0108
EC:4.2.1.141	0.0276
EC:4.2.1.144	0.00655
EC:4.2.1.147	0.04985
EC:4.2.1.148	0.04595
EC:4.2.1.149	0.17905
EC:4.2.1.151	0.1028
EC:4.2.1.152	0.00015
EC:4.2.1.153	0.09755
EC:4.2.1.154	2e-04
EC:4.2.1.17	2.1432
EC:4.2.1.18	0.30145
EC:4.2.1.19	0.83765
EC:4.2.1.2	1.6965
EC:4.2.1.20	1.98745
EC:4.2.1.22	0.2991
EC:4.2.1.24	0.8662
EC:4.2.1.25	0.02355
EC:4.2.1.28	0.2504
EC:4.2.1.3	1.5049
EC:4.2.1.30	0.06885
EC:4.2.1.32	0.24265
EC:4.2.1.33	1.9705
EC:4.2.1.35	1.9671
EC:4.2.1.36	0.001
EC:4.2.1.40	0.30455
EC:4.2.1.41	0.15455
EC:4.2.1.42	0.24455
EC:4.2.1.43	0.0155
EC:4.2.1.44	0.366
EC:4.2.1.45	0.1579
EC:4.2.1.46	1.1101
EC:4.2.1.47	0.5318
EC:4.2.1.49	0.5453
EC:4.2.1.5	0.0104
EC:4.2.1.51	1.07
EC:4.2.1.53	0.18545
EC:4.2.1.55	0.0983
EC:4.2.1.56	0.0558
EC:4.2.1.57	0.04705
EC:4.2.1.59	1.36785
EC:4.2.1.6	0.32575
EC:4.2.1.65	2e-04
EC:4.2.1.66	5e-05
EC:4.2.1.68	0.1081
EC:4.2.1.7	0.46765
EC:4.2.1.75	1.0591
EC:4.2.1.76	0.00125
EC:4.2.1.77	0.05455
EC:4.2.1.79	0.28965
EC:4.2.1.8	0.6845
EC:4.2.1.80	0.2728
EC:4.2.1.83	0.11545
EC:4.2.1.84	0.1515
EC:4.2.1.9	1.3362
EC:4.2.1.90	0.1065
EC:4.2.1.91	0.14445
EC:4.2.1.92	1e-04
EC:4.2.1.93	1e-04
EC:4.2.1.96	0.47005
EC:4.2.1.99	0.41705
EC:4.2.2.1	0.10445
EC:4.2.2.10	0.03775
EC:4.2.2.17	0.0101
EC:4.2.2.19	2e-04
EC:4.2.2.2	0.13965
EC:4.2.2.20	0.02335
EC:4.2.2.21	0.02335
EC:4.2.2.23	0.06585
EC:4.2.2.24	0.0053
EC:4.2.2.3	0.10485
EC:4.2.2.5	0.02735
EC:4.2.2.6	0.0773
EC:4.2.2.7	0.0083
EC:4.2.2.8	0.0169
EC:4.2.2.9	0.01345
EC:4.2.3.1	1.13745
EC:4.2.3.118	0.01735
EC:4.2.3.12	0.7632
EC:4.2.3.124	0.00325
EC:4.2.3.130	0.0524
EC:4.2.3.2	0.00025
EC:4.2.3.22	0.0303
EC:4.2.3.3	0.43455
EC:4.2.3.37	0.0066
EC:4.2.3.4	1.026
EC:4.2.3.5	0.9886
EC:4.2.3.6	1e-04
EC:4.2.3.7	0.0034
EC:4.2.3.75	0.0303
EC:4.2.3.89	0.0021
EC:4.2.3.90	0.0024
EC:4.2.3.96	0.00265
EC:4.2.99.18	2.4001
EC:4.2.99.20	0.29125
EC:4.2.99.21	0.1674
EC:4.3.1.1	0.571
EC:4.3.1.12	0.577
EC:4.3.1.14	0.0394
EC:4.3.1.15	0.2106
EC:4.3.1.17	1.4586
EC:4.3.1.18	0.3123
EC:4.3.1.19	1.56345
EC:4.3.1.2	0.04005
EC:4.3.1.23	0.00615
EC:4.3.1.24	0.00835
EC:4.3.1.29	0.041
EC:4.3.1.3	0.7615
EC:4.3.1.30	0.00115
EC:4.3.1.4	0.04005
EC:4.3.1.7	0.653
EC:4.3.2.1	1.00125
EC:4.3.2.2	1.0407
EC:4.3.2.3	0.303
EC:4.3.2.5	0.00065
EC:4.3.2.6	6e-04
EC:4.3.3.2	0.00655
EC:4.3.3.6	0.61525
EC:4.3.3.7	2.09555
EC:4.3.99.3	0.4412
EC:4.4.1.1	0.25545
EC:4.4.1.11	0.2646
EC:4.4.1.13	0.00025
EC:4.4.1.14	0.0024
EC:4.4.1.15	0.2554
EC:4.4.1.16	0.84155
EC:4.4.1.19	0.0423
EC:4.4.1.2	0.0794
EC:4.4.1.21	0.4768
EC:4.4.1.22	0.0359
EC:4.4.1.24	0.0505
EC:4.4.1.25	0.0313
EC:4.4.1.3	0.00555
EC:4.4.1.5	1.11175
EC:4.4.1.8	1.3821
EC:4.5.1.3	0.00015
EC:4.6.1.1	1.02905
EC:4.6.1.12	0.8267
EC:4.6.1.13	0.08255
EC:4.6.1.2	0.00535
EC:4.7.1.1	0.2096
EC:4.99.1.1	0.8858
EC:4.99.1.2	0.01755
EC:4.99.1.3	0.27095
EC:4.99.1.4	0.80625
EC:4.99.1.5	0.0212
EC:4.99.1.7	0.00075
EC:5.1.1.1	1.36775
EC:5.1.1.13	0.4724
EC:5.1.1.14	2e-04
EC:5.1.1.17	0.0329
EC:5.1.1.18	0.0141
EC:5.1.1.19	3e-04
EC:5.1.1.3	0.94625
EC:5.1.1.4	0.09705
EC:5.1.1.7	0.8935
EC:5.1.1.8	0.1226
EC:5.1.2.2	0.0146
EC:5.1.2.3	0.69345
EC:5.1.3.1	1.11985
EC:5.1.3.10	0.0627
EC:5.1.3.13	0.8433
EC:5.1.3.14	0.8523
EC:5.1.3.15	0.30865
EC:5.1.3.17	2e-04
EC:5.1.3.18	7e-04
EC:5.1.3.2	2.0295
EC:5.1.3.20	0.33505
EC:5.1.3.22	0.14585
EC:5.1.3.23	0.0421
EC:5.1.3.24	0.11105
EC:5.1.3.25	0.10205
EC:5.1.3.27	0.00035
EC:5.1.3.29	0.2418
EC:5.1.3.3	1.04475
EC:5.1.3.30	0.086
EC:5.1.3.31	0.086
EC:5.1.3.32	0.3793
EC:5.1.3.4	0.61475
EC:5.1.3.5	0.02805
EC:5.1.3.6	0.35255
EC:5.1.3.7	0.08245
EC:5.1.3.8	0.0459
EC:5.1.3.9	0.3939
EC:5.1.99.1	0.3403
EC:5.1.99.3	0.2015
EC:5.1.99.4	0.1854
EC:5.1.99.6	0.48115
EC:5.2.1.1	0.18435
EC:5.2.1.13	0.02705
EC:5.2.1.2	0.1562
EC:5.2.1.4	0.25455
EC:5.2.1.8	5.747
EC:5.3.1.1	1.10405
EC:5.3.1.12	0.3917
EC:5.3.1.13	0.7689
EC:5.3.1.14	0.28815
EC:5.3.1.16	0.79985
EC:5.3.1.17	0.2859
EC:5.3.1.22	0.5798
EC:5.3.1.23	0.36455
EC:5.3.1.24	0.9588
EC:5.3.1.25	0.18505
EC:5.3.1.26	0.1906
EC:5.3.1.27	0.18435
EC:5.3.1.28	0.54745
EC:5.3.1.29	0.01435
EC:5.3.1.30	0.26555
EC:5.3.1.31	0.07645
EC:5.3.1.4	0.3198
EC:5.3.1.5	0.4501
EC:5.3.1.6	1.32915
EC:5.3.1.8	1.0791
EC:5.3.1.9	1.13855
EC:5.3.2.1	0.00055
EC:5.3.2.5	0.05175
EC:5.3.2.6	0.6373
EC:5.3.2.8	0.0624
EC:5.3.3.1	0.07625
EC:5.3.3.10	0.27535
EC:5.3.3.14	0.3666
EC:5.3.3.17	0.11065
EC:5.3.3.18	0.53635
EC:5.3.3.2	0.56755
EC:5.3.3.3	0.03775
EC:5.3.3.4	0.14345
EC:5.3.3.8	0.2631
EC:5.3.4.1	0.5086
EC:5.3.99.10	0.04965
EC:5.3.99.11	0.10925
EC:5.3.99.2	0.00295
EC:5.3.99.3	0.00115
EC:5.3.99.7	0.0013
EC:5.3.99.8	5e-05
EC:5.4.1.3	0.0347
EC:5.4.2.10	0.9171
EC:5.4.2.11	0.8753
EC:5.4.2.12	2.26555
EC:5.4.2.2	1.0581
EC:5.4.2.3	0.00025
EC:5.4.2.6	0.24405
EC:5.4.2.7	0.4954
EC:5.4.2.8	1.0463
EC:5.4.2.9	0.0686
EC:5.4.3.2	0.1959
EC:5.4.3.3	0.0555
EC:5.4.3.5	0.0231
EC:5.4.3.8	1.0552
EC:5.4.4.2	0.7528
EC:5.4.4.7	0.00015
EC:5.4.99.1	0.1079
EC:5.4.99.12	1.0706
EC:5.4.99.15	0.25355
EC:5.4.99.16	0.28945
EC:5.4.99.17	0.10635
EC:5.4.99.18	0.95675
EC:5.4.99.19	0.67735
EC:5.4.99.2	0.84915
EC:5.4.99.20	0.39535
EC:5.4.99.21	0.4282
EC:5.4.99.22	0.9818
EC:5.4.99.23	1.65395
EC:5.4.99.24	0.5633
EC:5.4.99.25	0.96655
EC:5.4.99.26	0.25655
EC:5.4.99.27	0.3431
EC:5.4.99.28	0.77305
EC:5.4.99.29	0.77305
EC:5.4.99.30	5e-05
EC:5.4.99.37	5e-05
EC:5.4.99.42	1e-04
EC:5.4.99.5	1.4816
EC:5.4.99.58	0.0053
EC:5.4.99.60	0.3766
EC:5.4.99.61	0.3766
EC:5.4.99.62	0.38685
EC:5.4.99.7	0.00255
EC:5.4.99.8	1e-04
EC:5.4.99.9	0.29885
EC:5.5.1.1	0.15155
EC:5.5.1.13	1e-04
EC:5.5.1.16	0.00115
EC:5.5.1.18	0.00225
EC:5.5.1.19	0.1248
EC:5.5.1.2	0.248
EC:5.5.1.23	0.0013
EC:5.5.1.24	0.00885
EC:5.5.1.26	0.0013
EC:5.5.1.4	0.19715
EC:5.5.1.7	0.00275
EC:5.5.1.9	0.00065
EC:5.99.1.2	2.0588
EC:5.99.1.3	2.34215
EC:5.99.1.4	0.00165
EC:6.1.1.1	1.08655
EC:6.1.1.10	1.0981
EC:6.1.1.11	1.036
EC:6.1.1.12	1.02885
EC:6.1.1.13	0.3535
EC:6.1.1.14	1.6837
EC:6.1.1.15	1.0654
EC:6.1.1.16	1.0593
EC:6.1.1.17	1.01285
EC:6.1.1.18	0.51175
EC:6.1.1.19	1.07475
EC:6.1.1.2	1.1707
EC:6.1.1.20	2.0329
EC:6.1.1.21	1.0385
EC:6.1.1.22	0.58205
EC:6.1.1.23	0.0464
EC:6.1.1.24	0.2214
EC:6.1.1.26	0.0022
EC:6.1.1.27	0.0066
EC:6.1.1.3	1.09825
EC:6.1.1.4	1.0352
EC:6.1.1.5	1.0507
EC:6.1.1.6	1.5316
EC:6.1.1.7	1.16165
EC:6.1.1.9	1.03335
EC:6.1.2.1	0.0153
EC:6.2.1.1	1.36445
EC:6.2.1.12	0.0093
EC:6.2.1.13	0.02455
EC:6.2.1.14	0.05615
EC:6.2.1.16	0.2315
EC:6.2.1.17	0.2946
EC:6.2.1.18	0.0023
EC:6.2.1.19	0.00665
EC:6.2.1.2	0.00435
EC:6.2.1.20	0.2539
EC:6.2.1.22	0.2165
EC:6.2.1.25	0.04175
EC:6.2.1.26	0.4599
EC:6.2.1.27	0.0106
EC:6.2.1.3	2.0504
EC:6.2.1.30	0.65315
EC:6.2.1.31	0.01615
EC:6.2.1.32	0.08485
EC:6.2.1.34	0.1271
EC:6.2.1.36	0.00475
EC:6.2.1.39	0.001
EC:6.2.1.4	0.0013
EC:6.2.1.40	0.0057
EC:6.2.1.45	0.00045
EC:6.2.1.5	1.64735
EC:6.2.1.9	0.0407
EC:6.3.1.1	0.2911
EC:6.3.1.10	0.52615
EC:6.3.1.11	0.1166
EC:6.3.1.12	0.0688
EC:6.3.1.13	0.0978
EC:6.3.1.15	3e-04
EC:6.3.1.17	0.0011
EC:6.3.1.2	2.0236
EC:6.3.1.5	0.70205
EC:6.3.1.8	0.125
EC:6.3.2.1	0.8176
EC:6.3.2.10	1.0259
EC:6.3.2.11	0.00015
EC:6.3.2.12	1.0533
EC:6.3.2.13	1.0467
EC:6.3.2.17	1.0533
EC:6.3.2.2	0.6685
EC:6.3.2.20	0.00585
EC:6.3.2.25	0.00215
EC:6.3.2.26	5e-04
EC:6.3.2.29	0.13705
EC:6.3.2.3	0.493
EC:6.3.2.30	0.13705
EC:6.3.2.31	0.10775
EC:6.3.2.32	0.01955
EC:6.3.2.33	0.00475
EC:6.3.2.34	0.10775
EC:6.3.2.35	0.01065
EC:6.3.2.36	0.0197
EC:6.3.2.38	0.0596
EC:6.3.2.39	0.0588
EC:6.3.2.4	1.30945
EC:6.3.2.41	0.0011
EC:6.3.2.42	0.00015
EC:6.3.2.43	0.028
EC:6.3.2.49	0.00665
EC:6.3.2.5	1.00755
EC:6.3.2.6	1.0068
EC:6.3.2.7	0.0891
EC:6.3.2.8	1.00165
EC:6.3.2.9	0.9858
EC:6.3.3.1	0.98075
EC:6.3.3.2	0.8782
EC:6.3.3.3	0.8165
EC:6.3.3.4	0.0012
EC:6.3.3.5	0.00185
EC:6.3.3.6	0.00185
EC:6.3.4.10	0.00155
EC:6.3.4.11	0.00155
EC:6.3.4.13	1.0116
EC:6.3.4.14	1.28455
EC:6.3.4.15	1.01135
EC:6.3.4.16	1e-04
EC:6.3.4.18	0.84885
EC:6.3.4.19	1.02185
EC:6.3.4.2	1.0033
EC:6.3.4.20	0.67945
EC:6.3.4.21	0.90495
EC:6.3.4.22	0.02255
EC:6.3.4.23	0.02455
EC:6.3.4.3	0.45
EC:6.3.4.4	1.052
EC:6.3.4.5	0.9155
EC:6.3.4.6	0.18785
EC:6.3.4.9	0.00155
EC:6.3.5.1	0.4232
EC:6.3.5.10	0.48475
EC:6.3.5.11	0.4354
EC:6.3.5.2	1.39675
EC:6.3.5.3	1.799
EC:6.3.5.4	1.14495
EC:6.3.5.5	2.20665
EC:6.3.5.6	2.69955
EC:6.3.5.7	2.74595
EC:6.3.5.9	0.4354
EC:6.4.1.1	0.5147
EC:6.4.1.2	3.0131
EC:6.4.1.3	0.846
EC:6.4.1.4	0.59395
EC:6.4.1.5	0.1258
EC:6.4.1.6	0.0569
EC:6.4.1.8	0.0053
EC:6.5.1.1	0.8442
EC:6.5.1.2	1.21
EC:6.5.1.3	0.3797
EC:6.5.1.4	0.13425
EC:6.5.1.5	0.00345
EC:6.5.1.6	0.35835
EC:6.5.1.7	0.35835
EC:6.6.1.1	0.4063
EC:6.6.1.2	0.562
