function	mean_EC
EC:1.1.1.1	13.4421052631579
EC:1.1.1.10	0.215789473684211
EC:1.1.1.100	15.2052631578947
EC:1.1.1.101	4.04736842105263
EC:1.1.1.102	0.952631578947368
EC:1.1.1.103	0.936842105263158
EC:1.1.1.105	1.00526315789474
EC:1.1.1.116	0.305263157894737
EC:1.1.1.117	0.0263157894736842
EC:1.1.1.125	3.78421052631579
EC:1.1.1.133	0.2
EC:1.1.1.14	4.35263157894737
EC:1.1.1.141	3.51578947368421
EC:1.1.1.146	0.426315789473684
EC:1.1.1.149	0.0105263157894737
EC:1.1.1.15	0.00526315789473684
EC:1.1.1.153	0.121052631578947
EC:1.1.1.154	0.0105263157894737
EC:1.1.1.156	1.30526315789474
EC:1.1.1.157	1.33157894736842
EC:1.1.1.159	0.0368421052631579
EC:1.1.1.169	2
EC:1.1.1.17	0.189473684210526
EC:1.1.1.170	2.27368421052632
EC:1.1.1.173	0.457894736842105
EC:1.1.1.179	0.7
EC:1.1.1.18	1.05789473684211
EC:1.1.1.181	0.00526315789473684
EC:1.1.1.184	6.67368421052632
EC:1.1.1.188	0.0105263157894737
EC:1.1.1.189	0.00526315789473684
EC:1.1.1.193	0.331578947368421
EC:1.1.1.195	3.68421052631579
EC:1.1.1.2	3.3
EC:1.1.1.200	0.0263157894736842
EC:1.1.1.205	1.22631578947368
EC:1.1.1.206	1.36842105263158
EC:1.1.1.208	0.673684210526316
EC:1.1.1.21	2.23157894736842
EC:1.1.1.215	1.56315789473684
EC:1.1.1.216	0.142105263157895
EC:1.1.1.219	0.121052631578947
EC:1.1.1.22	1.11578947368421
EC:1.1.1.23	0.710526315789474
EC:1.1.1.236	0.0789473684210526
EC:1.1.1.237	0.00526315789473684
EC:1.1.1.24	0.331578947368421
EC:1.1.1.25	0.0315789473684211
EC:1.1.1.250	2.05789473684211
EC:1.1.1.252	0.363157894736842
EC:1.1.1.255	0.363157894736842
EC:1.1.1.26	0.00526315789473684
EC:1.1.1.27	0.357894736842105
EC:1.1.1.28	0.58421052631579
EC:1.1.1.29	0.352631578947368
EC:1.1.1.3	1.02105263157895
EC:1.1.1.30	1.58947368421053
EC:1.1.1.31	2.41578947368421
EC:1.1.1.34	1.35263157894737
EC:1.1.1.35	1.21052631578947
EC:1.1.1.37	2.61578947368421
EC:1.1.1.38	0.789473684210526
EC:1.1.1.4	1.48421052631579
EC:1.1.1.40	0.889473684210526
EC:1.1.1.41	1.99473684210526
EC:1.1.1.42	1.07368421052632
EC:1.1.1.44	1.04736842105263
EC:1.1.1.45	0.0315789473684211
EC:1.1.1.47	0.0631578947368421
EC:1.1.1.49	1.06842105263158
EC:1.1.1.5	0.0368421052631579
EC:1.1.1.56	0.852631578947368
EC:1.1.1.6	0.0789473684210526
EC:1.1.1.60	0.0421052631578947
EC:1.1.1.62	2.50526315789474
EC:1.1.1.65	4.6
EC:1.1.1.67	0.121052631578947
EC:1.1.1.69	0.0736842105263158
EC:1.1.1.79	0.336842105263158
EC:1.1.1.8	1.03684210526316
EC:1.1.1.83	0.00526315789473684
EC:1.1.1.85	1.43157894736842
EC:1.1.1.86	1.03684210526316
EC:1.1.1.87	1.27368421052632
EC:1.1.1.9	0.8
EC:1.1.1.90	0.00526315789473684
EC:1.1.1.91	2.86315789473684
EC:1.1.1.93	0.578947368421053
EC:1.1.1.95	3.12631578947368
EC:1.1.2.3	4.34736842105263
EC:1.1.2.4	2.00526315789474
EC:1.1.3.13	0.494736842105263
EC:1.1.3.15	1.68947368421053
EC:1.1.3.17	0.00526315789473684
EC:1.1.3.20	0.263157894736842
EC:1.1.3.24	0.473684210526316
EC:1.1.3.37	0.336842105263158
EC:1.1.3.6	0.573684210526316
EC:1.1.3.8	0.726315789473684
EC:1.1.3.9	0.526315789473684
EC:1.1.99.1	14.4684210526316
EC:1.1.99.10	0.0157894736842105
EC:1.1.99.18	0.505263157894737
EC:1.1.99.2	0.278947368421053
EC:1.1.99.24	0.284210526315789
EC:1.1.99.28	0.273684210526316
EC:1.1.99.5	0.736842105263158
EC:1.10.2.2	5.21578947368421
EC:1.10.3.1	0.00526315789473684
EC:1.10.3.2	4.51052631578947
EC:1.10.3.3	3.14210526315789
EC:1.11.1.10	0.0263157894736842
EC:1.11.1.11	1.27368421052632
EC:1.11.1.12	0.00526315789473684
EC:1.11.1.5	1.64210526315789
EC:1.11.1.6	3.71052631578947
EC:1.11.1.7	0.973684210526316
EC:1.11.1.8	0.0421052631578947
EC:1.11.1.9	0.994736842105263
EC:1.13.11.1	0.657894736842105
EC:1.13.11.12	0.0315789473684211
EC:1.13.11.18	0.252631578947368
EC:1.13.11.20	0.894736842105263
EC:1.13.11.24	0.0210526315789474
EC:1.13.11.27	1.64210526315789
EC:1.13.11.31	0.0631578947368421
EC:1.13.11.32	0.263157894736842
EC:1.13.11.33	0.126315789473684
EC:1.13.11.34	0.115789473684211
EC:1.13.11.37	0.705263157894737
EC:1.13.11.4	0.210526315789474
EC:1.13.11.5	1.62105263157895
EC:1.13.11.6	1.02631578947368
EC:1.13.12.4	0.384210526315789
EC:1.13.12.7	0.784210526315789
EC:1.13.99.1	0.878947368421053
EC:1.14.11.1	0.826315789473684
EC:1.14.11.12	0.673684210526316
EC:1.14.11.13	3.86315789473684
EC:1.14.11.15	0.126315789473684
EC:1.14.11.16	0.0631578947368421
EC:1.14.11.17	0.278947368421053
EC:1.14.11.18	0.594736842105263
EC:1.14.11.2	1.03684210526316
EC:1.14.11.8	0.847368421052632
EC:1.14.11.9	0.957894736842105
EC:1.14.12.3	0.626315789473684
EC:1.14.12.7	0.00526315789473684
EC:1.14.13.1	13.4157894736842
EC:1.14.13.11	0.110526315789474
EC:1.14.13.12	5.58421052631579
EC:1.14.13.13	0.2
EC:1.14.13.15	0.226315789473684
EC:1.14.13.17	0.789473684210526
EC:1.14.13.20	0.00526315789473684
EC:1.14.13.21	0.778947368421053
EC:1.14.13.22	7.82631578947368
EC:1.14.13.30	1.53157894736842
EC:1.14.13.36	0.105263157894737
EC:1.14.13.39	0.210526315789474
EC:1.14.13.63	0.236842105263158
EC:1.14.13.7	6.79473684210526
EC:1.14.13.8	6.83157894736842
EC:1.14.13.9	2.01052631578947
EC:1.14.14.1	27.4631578947368
EC:1.14.15.1	0.00526315789473684
EC:1.14.15.3	0.58421052631579
EC:1.14.15.4	0.00526315789473684
EC:1.14.15.6	0.068421052631579
EC:1.14.16.1	0.068421052631579
EC:1.14.16.5	0.0315789473684211
EC:1.14.17.1	0.0368421052631579
EC:1.14.18.1	2.44210526315789
EC:1.14.99.1	0.294736842105263
EC:1.14.99.10	0.210526315789474
EC:1.14.99.29	0.305263157894737
EC:1.14.99.3	0.442105263157895
EC:1.14.99.30	0.00526315789473684
EC:1.14.99.4	0.0210526315789474
EC:1.14.99.7	0.731578947368421
EC:1.14.99.9	1.16315789473684
EC:1.15.1.1	4.62631578947368
EC:1.16.1.1	0.0105263157894737
EC:1.16.3.1	0.4
EC:1.17.4.1	2.37368421052632
EC:1.17.99.1	0.0210526315789474
EC:1.18.1.2	0.668421052631579
EC:1.18.1.3	0.0210526315789474
EC:1.2.1.11	0.984210526315789
EC:1.2.1.12	1.44736842105263
EC:1.2.1.13	0.00526315789473684
EC:1.2.1.16	1.73157894736842
EC:1.2.1.18	0.00526315789473684
EC:1.2.1.19	0.568421052631579
EC:1.2.1.2	1.31578947368421
EC:1.2.1.24	0.510526315789474
EC:1.2.1.27	0.821052631578947
EC:1.2.1.28	1
EC:1.2.1.3	6.81052631578947
EC:1.2.1.31	6.13684210526316
EC:1.2.1.36	0.489473684210526
EC:1.2.1.38	0.0473684210526316
EC:1.2.1.41	0.973684210526316
EC:1.2.1.44	0.068421052631579
EC:1.2.1.5	2.04210526315789
EC:1.2.1.50	0.00526315789473684
EC:1.2.1.51	0.436842105263158
EC:1.2.1.65	0.00526315789473684
EC:1.2.1.8	0.447368421052632
EC:1.2.1.9	0.0210526315789474
EC:1.2.3.4	0.8
EC:1.2.4.1	2.56842105263158
EC:1.2.4.2	1.38947368421053
EC:1.2.4.4	1.48947368421053
EC:1.2.99.5	0.00526315789473684
EC:1.3.1.12	0.0105263157894737
EC:1.3.1.13	0.984210526315789
EC:1.3.1.20	1.39473684210526
EC:1.3.1.21	1.16842105263158
EC:1.3.1.22	0.252631578947368
EC:1.3.1.24	0.0157894736842105
EC:1.3.1.28	0.457894736842105
EC:1.3.1.3	0.0526315789473684
EC:1.3.1.33	2.30526315789474
EC:1.3.1.34	1.34736842105263
EC:1.3.1.35	1.47894736842105
EC:1.3.1.38	1.46315789473684
EC:1.3.1.42	2.91052631578947
EC:1.3.1.45	0.247368421052632
EC:1.3.1.48	0.0315789473684211
EC:1.3.1.6	0.0210526315789474
EC:1.3.1.9	0.647368421052632
EC:1.3.3.1	0.968421052631579
EC:1.3.3.3	1.05263157894737
EC:1.3.3.4	1.46315789473684
EC:1.3.3.5	0.0157894736842105
EC:1.3.3.6	2.17894736842105
EC:1.3.5.1	3.67894736842105
EC:1.3.99.1	1.52631578947368
EC:1.3.99.10	1.74210526315789
EC:1.3.99.12	0.336842105263158
EC:1.3.99.2	0.3
EC:1.3.99.3	1.36315789473684
EC:1.3.99.5	1.23157894736842
EC:1.3.99.7	0.636842105263158
EC:1.4.1.13	0.710526315789474
EC:1.4.1.2	1
EC:1.4.1.3	0.0578947368421053
EC:1.4.1.4	0.878947368421053
EC:1.4.3.1	1.99473684210526
EC:1.4.3.16	0.00526315789473684
EC:1.4.3.2	0.531578947368421
EC:1.4.3.3	1.04736842105263
EC:1.4.3.4	1.51052631578947
EC:1.4.3.5	0.952631578947368
EC:1.4.3.6	2.63157894736842
EC:1.4.4.2	0.963157894736842
EC:1.4.7.1	0.00526315789473684
EC:1.4.99.1	1.11052631578947
EC:1.5.1.10	0.894736842105263
EC:1.5.1.12	0.984210526315789
EC:1.5.1.15	1.02105263157895
EC:1.5.1.2	1.75789473684211
EC:1.5.1.20	1.98421052631579
EC:1.5.1.3	2.49473684210526
EC:1.5.1.6	0.0105263157894737
EC:1.5.1.7	0.963157894736842
EC:1.5.1.9	0.00526315789473684
EC:1.5.3.1	2.44210526315789
EC:1.5.3.11	0.889473684210526
EC:1.5.3.6	0.0105263157894737
EC:1.5.4.1	0.00526315789473684
EC:1.5.5.1	1.00526315789474
EC:1.5.99.1	0.0263157894736842
EC:1.5.99.2	0.178947368421053
EC:1.5.99.8	0.0842105263157895
EC:1.6.1.1	0.00526315789473684
EC:1.6.1.2	0.642105263157895
EC:1.6.2.2	3.86315789473684
EC:1.6.2.4	3.3
EC:1.6.5.2	0.473684210526316
EC:1.6.5.3	2.21052631578947
EC:1.6.5.4	0.989473684210526
EC:1.6.5.5	13.9947368421053
EC:1.6.99.1	3.86842105263158
EC:1.6.99.13	0.0368421052631579
EC:1.6.99.3	5.03157894736842
EC:1.6.99.5	0.00526315789473684
EC:1.7.3.3	0.942105263157895
EC:1.8.1.2	0.794736842105263
EC:1.8.1.4	1.31578947368421
EC:1.8.3.1	1.43684210526316
EC:1.8.3.2	0.557894736842105
EC:1.8.4.1	0.0157894736842105
EC:1.8.4.6	0.678947368421053
EC:1.8.7.1	0.110526315789474
EC:1.8.99.1	0.00526315789473684
EC:1.9.3.1	4.25263157894737
EC:1.97.1.4	3.45263157894737
EC:2.1.1.1	0.810526315789474
EC:2.1.1.10	0.910526315789474
EC:2.1.1.100	1.38947368421053
EC:2.1.1.103	0.189473684210526
EC:2.1.1.104	0.405263157894737
EC:2.1.1.107	0.942105263157895
EC:2.1.1.109	1.33157894736842
EC:2.1.1.110	0.410526315789474
EC:2.1.1.114	0.5
EC:2.1.1.125	0.363157894736842
EC:2.1.1.127	0.710526315789474
EC:2.1.1.13	0.0473684210526316
EC:2.1.1.137	0.452631578947368
EC:2.1.1.14	1.35789473684211
EC:2.1.1.16	0.626315789473684
EC:2.1.1.17	0.973684210526316
EC:2.1.1.2	0.668421052631579
EC:2.1.1.31	0.0105263157894737
EC:2.1.1.32	0.678947368421053
EC:2.1.1.33	0.994736842105263
EC:2.1.1.34	0.278947368421053
EC:2.1.1.35	0.394736842105263
EC:2.1.1.36	0.00526315789473684
EC:2.1.1.37	1.2
EC:2.1.1.4	0.163157894736842
EC:2.1.1.41	2.75263157894737
EC:2.1.1.43	5.78947368421053
EC:2.1.1.45	1.01578947368421
EC:2.1.1.48	0.0368421052631579
EC:2.1.1.51	0.0736842105263158
EC:2.1.1.56	0.91578947368421
EC:2.1.1.57	0.0157894736842105
EC:2.1.1.59	0.0210526315789474
EC:2.1.1.6	1.08947368421053
EC:2.1.1.60	0.336842105263158
EC:2.1.1.61	0.284210526315789
EC:2.1.1.62	0.4
EC:2.1.1.63	0.536842105263158
EC:2.1.1.64	0.215789473684211
EC:2.1.1.67	0.2
EC:2.1.1.68	0.0315789473684211
EC:2.1.1.71	0.3
EC:2.1.1.72	0.668421052631579
EC:2.1.1.76	0.368421052631579
EC:2.1.1.77	2.27894736842105
EC:2.1.1.79	2.31578947368421
EC:2.1.1.80	0.00526315789473684
EC:2.1.1.85	0.294736842105263
EC:2.1.1.86	0.00526315789473684
EC:2.1.1.95	0.2
EC:2.1.1.98	1.00526315789474
EC:2.1.2.1	1.81578947368421
EC:2.1.2.10	1.56842105263158
EC:2.1.2.11	1.2
EC:2.1.2.2	0.942105263157895
EC:2.1.2.3	0.00526315789473684
EC:2.1.2.9	0.863157894736842
EC:2.1.3.2	0.0105263157894737
EC:2.1.3.3	1.00526315789474
EC:2.1.4.1	0.0789473684210526
EC:2.2.1.1	1.75789473684211
EC:2.2.1.2	1.93684210526316
EC:2.2.1.3	0.257894736842105
EC:2.3.1.1	0.905263157894737
EC:2.3.1.12	1.8
EC:2.3.1.128	0.268421052631579
EC:2.3.1.129	0.0263157894736842
EC:2.3.1.133	0.542105263157895
EC:2.3.1.135	0.578947368421053
EC:2.3.1.144	0.00526315789473684
EC:2.3.1.15	0.91578947368421
EC:2.3.1.16	3.74210526315789
EC:2.3.1.17	0.0315789473684211
EC:2.3.1.20	0.447368421052632
EC:2.3.1.21	0.0526315789473684
EC:2.3.1.22	0.357894736842105
EC:2.3.1.23	0.00526315789473684
EC:2.3.1.24	2.37368421052632
EC:2.3.1.26	1.35263157894737
EC:2.3.1.29	0.0368421052631579
EC:2.3.1.30	0.326315789473684
EC:2.3.1.31	2.54736842105263
EC:2.3.1.32	0.189473684210526
EC:2.3.1.35	0.0736842105263158
EC:2.3.1.36	0.0368421052631579
EC:2.3.1.37	1.01578947368421
EC:2.3.1.39	0.736842105263158
EC:2.3.1.4	1.18947368421053
EC:2.3.1.41	0.5
EC:2.3.1.42	0.357894736842105
EC:2.3.1.43	0.00526315789473684
EC:2.3.1.47	1.22105263157895
EC:2.3.1.48	19.5157894736842
EC:2.3.1.5	0.742105263157895
EC:2.3.1.50	2.20526315789474
EC:2.3.1.51	1.2
EC:2.3.1.54	0.00526315789473684
EC:2.3.1.57	0.794736842105263
EC:2.3.1.6	0.0368421052631579
EC:2.3.1.61	1.14210526315789
EC:2.3.1.7	2.43157894736842
EC:2.3.1.74	0.442105263157895
EC:2.3.1.78	0.0210526315789474
EC:2.3.1.79	0.510526315789474
EC:2.3.1.84	0.0210526315789474
EC:2.3.1.85	2.68947368421053
EC:2.3.1.86	0.815789473684211
EC:2.3.1.87	0.705263157894737
EC:2.3.1.88	2.38947368421053
EC:2.3.1.9	1.54210526315789
EC:2.3.1.97	1.02105263157895
EC:2.3.2.15	0.0421052631578947
EC:2.3.2.2	1.61578947368421
EC:2.3.2.4	0.0368421052631579
EC:2.3.2.5	1.08947368421053
EC:2.3.2.8	0.921052631578947
EC:2.3.3.1	2.47368421052632
EC:2.4.1.1	0.947368421052632
EC:2.4.1.101	0.00526315789473684
EC:2.4.1.102	0.00526315789473684
EC:2.4.1.109	3.32631578947368
EC:2.4.1.11	1.04736842105263
EC:2.4.1.111	0.00526315789473684
EC:2.4.1.117	0.921052631578947
EC:2.4.1.119	3.81052631578947
EC:2.4.1.12	0.0210526315789474
EC:2.4.1.121	0.0210526315789474
EC:2.4.1.122	0.0368421052631579
EC:2.4.1.123	0.405263157894737
EC:2.4.1.130	1.29473684210526
EC:2.4.1.131	1.8
EC:2.4.1.132	0.663157894736842
EC:2.4.1.133	0.0789473684210526
EC:2.4.1.134	0.110526315789474
EC:2.4.1.135	0.0315789473684211
EC:2.4.1.14	0.268421052631579
EC:2.4.1.141	1.82105263157895
EC:2.4.1.142	0.989473684210526
EC:2.4.1.144	0.221052631578947
EC:2.4.1.145	0.0105263157894737
EC:2.4.1.149	0.168421052631579
EC:2.4.1.15	2.16842105263158
EC:2.4.1.152	0.00526315789473684
EC:2.4.1.155	0.0736842105263158
EC:2.4.1.16	7.27894736842105
EC:2.4.1.17	0.652631578947368
EC:2.4.1.173	2.11052631578947
EC:2.4.1.18	1
EC:2.4.1.183	1.18947368421053
EC:2.4.1.186	1.90526315789474
EC:2.4.1.195	0.0157894736842105
EC:2.4.1.198	2.64736842105263
EC:2.4.1.202	0.00526315789473684
EC:2.4.1.207	0.452631578947368
EC:2.4.1.21	0.0157894736842105
EC:2.4.1.210	0.0842105263157895
EC:2.4.1.25	0.00526315789473684
EC:2.4.1.32	0.131578947368421
EC:2.4.1.34	1.87894736842105
EC:2.4.1.4	0.0210526315789474
EC:2.4.1.41	0.257894736842105
EC:2.4.1.45	0.105263157894737
EC:2.4.1.47	0.0157894736842105
EC:2.4.1.50	0.1
EC:2.4.1.56	0.0473684210526316
EC:2.4.1.68	0.00526315789473684
EC:2.4.1.80	0.947368421052632
EC:2.4.1.82	0.294736842105263
EC:2.4.1.83	1.05263157894737
EC:2.4.1.91	0.0947368421052632
EC:2.4.2.1	0.757894736842105
EC:2.4.2.10	1.02631578947368
EC:2.4.2.11	0.663157894736842
EC:2.4.2.12	0.0578947368421053
EC:2.4.2.14	1.01052631578947
EC:2.4.2.17	1
EC:2.4.2.18	0.994736842105263
EC:2.4.2.19	1.15789473684211
EC:2.4.2.21	0.731578947368421
EC:2.4.2.24	0.00526315789473684
EC:2.4.2.26	0.00526315789473684
EC:2.4.2.28	0.957894736842105
EC:2.4.2.29	1.57894736842105
EC:2.4.2.3	0.247368421052632
EC:2.4.2.30	8.63157894736842
EC:2.4.2.31	0.194736842105263
EC:2.4.2.4	0.0210526315789474
EC:2.4.2.7	1.03157894736842
EC:2.4.2.8	0.0526315789473684
EC:2.4.2.9	2.02105263157895
EC:2.5.1.10	0.0157894736842105
EC:2.5.1.15	0.00526315789473684
EC:2.5.1.16	1.04210526315789
EC:2.5.1.17	0.0631578947368421
EC:2.5.1.18	13.3
EC:2.5.1.21	1.05789473684211
EC:2.5.1.22	0.0421052631578947
EC:2.5.1.26	0.0578947368421053
EC:2.5.1.29	0.0526315789473684
EC:2.5.1.3	0.00526315789473684
EC:2.5.1.31	0.652631578947368
EC:2.5.1.32	0.0736842105263158
EC:2.5.1.33	0.521052631578947
EC:2.5.1.34	0.131578947368421
EC:2.5.1.39	0.573684210526316
EC:2.5.1.43	0.168421052631579
EC:2.5.1.6	1.57894736842105
EC:2.5.1.8	0.705263157894737
EC:2.5.1.9	1.57894736842105
EC:2.6.1.1	3.62105263157895
EC:2.6.1.11	0.989473684210526
EC:2.6.1.13	1.24210526315789
EC:2.6.1.16	1.04210526315789
EC:2.6.1.19	1.01578947368421
EC:2.6.1.2	1.00526315789474
EC:2.6.1.27	0.126315789473684
EC:2.6.1.42	3.16842105263158
EC:2.6.1.44	0.626315789473684
EC:2.6.1.5	0.531578947368421
EC:2.6.1.51	0.0105263157894737
EC:2.6.1.52	0.989473684210526
EC:2.6.1.59	0.0263157894736842
EC:2.6.1.62	2.23157894736842
EC:2.6.1.64	0.0473684210526316
EC:2.6.1.66	0.594736842105263
EC:2.6.1.7	0.405263157894737
EC:2.6.1.9	1.01578947368421
EC:2.7.1.1	2.68947368421053
EC:2.7.1.100	0.00526315789473684
EC:2.7.1.105	0.947368421052632
EC:2.7.1.107	0.242105263157895
EC:2.7.1.108	0.163157894736842
EC:2.7.1.11	1.15263157894737
EC:2.7.1.112	0.0315789473684211
EC:2.7.1.12	1.09473684210526
EC:2.7.1.127	0.00526315789473684
EC:2.7.1.130	0.0105263157894737
EC:2.7.1.137	4.14210526315789
EC:2.7.1.144	0.0263157894736842
EC:2.7.1.15	1.18421052631579
EC:2.7.1.17	1.06315789473684
EC:2.7.1.2	1.10526315789474
EC:2.7.1.20	1.05789473684211
EC:2.7.1.21	0.0105263157894737
EC:2.7.1.23	2.24736842105263
EC:2.7.1.24	0.91578947368421
EC:2.7.1.25	0.910526315789474
EC:2.7.1.26	1.17368421052632
EC:2.7.1.29	1.66315789473684
EC:2.7.1.3	0.536842105263158
EC:2.7.1.30	1.4
EC:2.7.1.31	0.552631578947368
EC:2.7.1.32	1.51578947368421
EC:2.7.1.33	1.83684210526316
EC:2.7.1.35	1.05263157894737
EC:2.7.1.36	1.28947368421053
EC:2.7.1.37	16.7842105263158
EC:2.7.1.39	0.878947368421053
EC:2.7.1.40	1.08947368421053
EC:2.7.1.43	0.00526315789473684
EC:2.7.1.46	0.0631578947368421
EC:2.7.1.47	0.973684210526316
EC:2.7.1.48	1.84210526315789
EC:2.7.1.59	0.0263157894736842
EC:2.7.1.6	0.963157894736842
EC:2.7.1.67	3.03157894736842
EC:2.7.1.68	1.76315789473684
EC:2.7.1.74	0.0157894736842105
EC:2.7.1.78	0.742105263157895
EC:2.7.1.82	0.310526315789474
EC:2.7.1.86	0.273684210526316
EC:2.7.1.91	1.15263157894737
EC:2.7.1.94	0.00526315789473684
EC:2.7.1.95	0.00526315789473684
EC:2.7.2.1	0.773684210526316
EC:2.7.2.11	1.00526315789474
EC:2.7.2.3	0.984210526315789
EC:2.7.2.4	1.15263157894737
EC:2.7.2.8	0.0105263157894737
EC:2.7.3.2	0.0105263157894737
EC:2.7.3.3	0.0631578947368421
EC:2.7.4.10	0.1
EC:2.7.4.14	0.105263157894737
EC:2.7.4.2	1.01052631578947
EC:2.7.4.3	2.38421052631579
EC:2.7.4.6	1.2
EC:2.7.4.7	0.589473684210526
EC:2.7.4.8	1.10526315789474
EC:2.7.4.9	0.978947368421053
EC:2.7.6.1	2.98947368421053
EC:2.7.6.2	2.41052631578947
EC:2.7.6.3	0.131578947368421
EC:2.7.7.1	0.721052631578947
EC:2.7.7.10	0.0631578947368421
EC:2.7.7.12	0.615789473684211
EC:2.7.7.13	2.37894736842105
EC:2.7.7.14	0.457894736842105
EC:2.7.7.15	0.873684210526316
EC:2.7.7.19	1.69473684210526
EC:2.7.7.2	1.27894736842105
EC:2.7.7.22	0.173684210526316
EC:2.7.7.23	0.689473684210526
EC:2.7.7.25	0.126315789473684
EC:2.7.7.27	0.410526315789474
EC:2.7.7.3	0.252631578947368
EC:2.7.7.30	0.0157894736842105
EC:2.7.7.31	0.0473684210526316
EC:2.7.7.4	1.1
EC:2.7.7.41	1.02105263157895
EC:2.7.7.48	0.8
EC:2.7.7.49	0.657894736842105
EC:2.7.7.50	1.45263157894737
EC:2.7.7.52	0.4
EC:2.7.7.53	1.04736842105263
EC:2.7.7.56	0.3
EC:2.7.7.6	29.8473684210526
EC:2.7.7.7	26.5578947368421
EC:2.7.7.8	0.736842105263158
EC:2.7.7.9	1.92631578947368
EC:2.7.8.1	1.62631578947368
EC:2.7.8.11	1.00526315789474
EC:2.7.8.15	0.973684210526316
EC:2.7.8.17	0.273684210526316
EC:2.7.8.19	0.0473684210526316
EC:2.7.8.2	0.0578947368421053
EC:2.7.8.23	1.08421052631579
EC:2.7.8.5	0.921052631578947
EC:2.7.8.7	0.347368421052632
EC:2.7.8.8	1.59473684210526
EC:2.7.9.2	0.115789473684211
EC:2.7.9.3	0.00526315789473684
EC:2.8.1.1	0.642105263157895
EC:2.8.1.2	0.0894736842105263
EC:2.8.1.6	0.968421052631579
EC:2.8.2.4	0.00526315789473684
EC:2.8.3.13	0.768421052631579
EC:2.8.3.5	1.05263157894737
EC:2.8.3.6	0.00526315789473684
EC:3.1.1.1	6.35263157894737
EC:3.1.1.11	1.21052631578947
EC:3.1.1.13	0.494736842105263
EC:3.1.1.17	1.54736842105263
EC:3.1.1.20	0.210526315789474
EC:3.1.1.23	2.48421052631579
EC:3.1.1.29	2.32631578947368
EC:3.1.1.3	8.72631578947368
EC:3.1.1.31	1.11578947368421
EC:3.1.1.32	0.0210526315789474
EC:3.1.1.4	0.757894736842105
EC:3.1.1.45	2.49473684210526
EC:3.1.1.47	10.2894736842105
EC:3.1.1.5	5.13684210526316
EC:3.1.1.65	0.210526315789474
EC:3.1.1.69	0.00526315789473684
EC:3.1.1.7	2.88421052631579
EC:3.1.1.72	0.357894736842105
EC:3.1.1.73	0.973684210526316
EC:3.1.1.74	0.921052631578947
EC:3.1.1.8	1.98947368421053
EC:3.1.11.1	1.97894736842105
EC:3.1.11.2	0.689473684210526
EC:3.1.13.1	1.12631578947368
EC:3.1.13.4	5.36842105263158
EC:3.1.2.1	0.715789473684211
EC:3.1.2.12	0.447368421052632
EC:3.1.2.15	11.0736842105263
EC:3.1.2.16	0.710526315789474
EC:3.1.2.2	1.15263157894737
EC:3.1.2.22	0.963157894736842
EC:3.1.2.4	0.321052631578947
EC:3.1.2.6	1.59473684210526
EC:3.1.21.1	0.0210526315789474
EC:3.1.21.2	0.00526315789473684
EC:3.1.21.3	0.221052631578947
EC:3.1.21.4	0.0210526315789474
EC:3.1.22.4	0.0263157894736842
EC:3.1.26.3	1.32105263157895
EC:3.1.26.4	2.93684210526316
EC:3.1.26.5	5.63684210526316
EC:3.1.27.1	1.65789473684211
EC:3.1.27.3	0.278947368421053
EC:3.1.27.9	2.62631578947368
EC:3.1.3.1	2.24736842105263
EC:3.1.3.11	0.973684210526316
EC:3.1.3.12	0.00526315789473684
EC:3.1.3.15	0.973684210526316
EC:3.1.3.16	21.0736842105263
EC:3.1.3.18	0.721052631578947
EC:3.1.3.2	6.97894736842105
EC:3.1.3.21	0.873684210526316
EC:3.1.3.25	1.49473684210526
EC:3.1.3.27	0.273684210526316
EC:3.1.3.29	0.0578947368421053
EC:3.1.3.3	0.568421052631579
EC:3.1.3.32	0.105263157894737
EC:3.1.3.33	0.215789473684211
EC:3.1.3.36	2.01052631578947
EC:3.1.3.37	0.173684210526316
EC:3.1.3.4	1.66842105263158
EC:3.1.3.41	1.17894736842105
EC:3.1.3.43	0.626315789473684
EC:3.1.3.46	1.31052631578947
EC:3.1.3.48	10.9736842105263
EC:3.1.3.5	3.18421052631579
EC:3.1.3.53	0.0736842105263158
EC:3.1.3.56	3.04736842105263
EC:3.1.3.62	0.068421052631579
EC:3.1.3.64	0.00526315789473684
EC:3.1.3.66	0.00526315789473684
EC:3.1.3.67	0.268421052631579
EC:3.1.3.68	0.0578947368421053
EC:3.1.3.7	1.37894736842105
EC:3.1.3.8	0.8
EC:3.1.30.1	0.0315789473684211
EC:3.1.30.2	0.205263157894737
EC:3.1.31.1	0.273684210526316
EC:3.1.4.1	1.53684210526316
EC:3.1.4.11	2.16315789473684
EC:3.1.4.12	2.26315789473684
EC:3.1.4.17	1.70526315789474
EC:3.1.4.2	0.0105263157894737
EC:3.1.4.3	0.431578947368421
EC:3.1.4.35	0.0210526315789474
EC:3.1.4.37	0.142105263157895
EC:3.1.4.38	0.00526315789473684
EC:3.1.4.4	3.57894736842105
EC:3.1.4.43	0.494736842105263
EC:3.1.4.44	0.0105263157894737
EC:3.1.4.46	1.44736842105263
EC:3.1.4.47	0.00526315789473684
EC:3.1.4.50	0.105263157894737
EC:3.1.5.1	0.068421052631579
EC:3.1.6.1	1.91578947368421
EC:3.1.6.13	0.184210526315789
EC:3.1.6.14	0.115789473684211
EC:3.1.6.2	0.126315789473684
EC:3.1.6.4	0.0526315789473684
EC:3.1.6.6	0.221052631578947
EC:3.1.6.8	0.136842105263158
EC:3.1.7.2	0.0421052631578947
EC:3.1.8.1	0.00526315789473684
EC:3.10.1.1	0.257894736842105
EC:3.2.1.1	2.91578947368421
EC:3.2.1.10	0.0210526315789474
EC:3.2.1.101	4.36842105263158
EC:3.2.1.106	1.34736842105263
EC:3.2.1.113	5
EC:3.2.1.114	0.0263157894736842
EC:3.2.1.123	0.110526315789474
EC:3.2.1.130	0.00526315789473684
EC:3.2.1.132	0.294736842105263
EC:3.2.1.139	0.147368421052632
EC:3.2.1.14	9.76842105263158
EC:3.2.1.143	0.215789473684211
EC:3.2.1.15	2.06315789473684
EC:3.2.1.17	0.142105263157895
EC:3.2.1.18	26.4578947368421
EC:3.2.1.2	0.00526315789473684
EC:3.2.1.20	5.63157894736842
EC:3.2.1.21	11.5105263157895
EC:3.2.1.22	2.57368421052632
EC:3.2.1.23	2.35789473684211
EC:3.2.1.24	1.22105263157895
EC:3.2.1.25	2.03157894736842
EC:3.2.1.26	1.39473684210526
EC:3.2.1.28	2.14210526315789
EC:3.2.1.3	36.0157894736842
EC:3.2.1.31	0.963157894736842
EC:3.2.1.33	0.00526315789473684
EC:3.2.1.37	1.04210526315789
EC:3.2.1.39	0.389473684210526
EC:3.2.1.4	3.42631578947368
EC:3.2.1.40	0.431578947368421
EC:3.2.1.45	0.868421052631579
EC:3.2.1.49	0.0210526315789474
EC:3.2.1.50	0.315789473684211
EC:3.2.1.51	0.815789473684211
EC:3.2.1.52	2.75789473684211
EC:3.2.1.55	1.11578947368421
EC:3.2.1.58	8.16842105263158
EC:3.2.1.59	2.46315789473684
EC:3.2.1.6	0.447368421052632
EC:3.2.1.65	0.068421052631579
EC:3.2.1.67	2.68421052631579
EC:3.2.1.70	0.0210526315789474
EC:3.2.1.73	2.64210526315789
EC:3.2.1.76	0.0315789473684211
EC:3.2.1.78	0.736842105263158
EC:3.2.1.8	1.18947368421053
EC:3.2.1.80	0.0421052631578947
EC:3.2.1.84	0.931578947368421
EC:3.2.1.89	0.710526315789474
EC:3.2.1.91	0.531578947368421
EC:3.2.1.93	0.0368421052631579
EC:3.2.1.96	0.0894736842105263
EC:3.2.1.99	0.810526315789474
EC:3.2.2.1	1.18421052631579
EC:3.2.2.20	0.126315789473684
EC:3.2.2.21	0.752631578947368
EC:3.2.2.23	0.0105263157894737
EC:3.2.2.3	0.689473684210526
EC:3.3.1.1	1.02105263157895
EC:3.3.2.1	0.0210526315789474
EC:3.3.2.3	0.0157894736842105
EC:3.3.2.6	1.08947368421053
EC:3.4.11.1	0.205263157894737
EC:3.4.11.10	1.85263157894737
EC:3.4.11.14	0.0421052631578947
EC:3.4.11.15	0.436842105263158
EC:3.4.11.18	3.93684210526316
EC:3.4.11.19	0.442105263157895
EC:3.4.11.2	0.0210526315789474
EC:3.4.11.21	1.00526315789474
EC:3.4.11.22	0.684210526315789
EC:3.4.11.3	0.0105263157894737
EC:3.4.11.5	1.09473684210526
EC:3.4.11.7	0.0263157894736842
EC:3.4.11.9	1.88421052631579
EC:3.4.13.18	0.00526315789473684
EC:3.4.13.19	1.38421052631579
EC:3.4.13.20	0.810526315789474
EC:3.4.13.9	1.72105263157895
EC:3.4.14.10	0.2
EC:3.4.14.11	0.0315789473684211
EC:3.4.14.2	0.173684210526316
EC:3.4.14.4	1.14210526315789
EC:3.4.14.5	0.442105263157895
EC:3.4.14.9	4.78947368421053
EC:3.4.15.1	0.0210526315789474
EC:3.4.15.5	0.0105263157894737
EC:3.4.16.2	0.710526315789474
EC:3.4.16.4	0.00526315789473684
EC:3.4.16.5	3.51578947368421
EC:3.4.16.6	3.86842105263158
EC:3.4.17.1	0.221052631578947
EC:3.4.17.13	0.00526315789473684
EC:3.4.17.15	0.363157894736842
EC:3.4.17.2	0.0894736842105263
EC:3.4.17.20	0.0157894736842105
EC:3.4.17.21	2.41052631578947
EC:3.4.17.3	0.0157894736842105
EC:3.4.17.4	1.57368421052632
EC:3.4.19.1	1.16315789473684
EC:3.4.19.12	8.32105263157895
EC:3.4.19.3	0.784210526315789
EC:3.4.19.5	0.0631578947368421
EC:3.4.21.1	0.0368421052631579
EC:3.4.21.10	0.0368421052631579
EC:3.4.21.21	0.00526315789473684
EC:3.4.21.22	0.00526315789473684
EC:3.4.21.25	0.0526315789473684
EC:3.4.21.26	0.531578947368421
EC:3.4.21.35	0.00526315789473684
EC:3.4.21.36	0.00526315789473684
EC:3.4.21.4	0.284210526315789
EC:3.4.21.43	0.00526315789473684
EC:3.4.21.46	0.00526315789473684
EC:3.4.21.48	2.63157894736842
EC:3.4.21.53	0.931578947368421
EC:3.4.21.59	0.0368421052631579
EC:3.4.21.61	1.12105263157895
EC:3.4.21.62	0.0526315789473684
EC:3.4.21.63	0.484210526315789
EC:3.4.21.66	0.0157894736842105
EC:3.4.21.68	0.0368421052631579
EC:3.4.21.69	0.00526315789473684
EC:3.4.21.71	0.00526315789473684
EC:3.4.21.72	0.0157894736842105
EC:3.4.21.75	0.0421052631578947
EC:3.4.21.83	0.142105263157895
EC:3.4.21.89	1.08421052631579
EC:3.4.21.92	0.863157894736842
EC:3.4.21.93	0.0315789473684211
EC:3.4.21.94	0.0157894736842105
EC:3.4.22.16	0.00526315789473684
EC:3.4.22.17	0.0157894736842105
EC:3.4.22.34	0.221052631578947
EC:3.4.22.35	0.00526315789473684
EC:3.4.22.36	0.0263157894736842
EC:3.4.22.38	0.0105263157894737
EC:3.4.22.40	0.826315789473684
EC:3.4.22.42	0.00526315789473684
EC:3.4.22.44	0.00526315789473684
EC:3.4.23.1	1.31578947368421
EC:3.4.23.15	0.0263157894736842
EC:3.4.23.16	0.0578947368421053
EC:3.4.23.18	2.97368421052632
EC:3.4.23.2	0.00526315789473684
EC:3.4.23.24	1.15789473684211
EC:3.4.23.25	1.85263157894737
EC:3.4.23.3	0.963157894736842
EC:3.4.23.34	0.742105263157895
EC:3.4.23.35	0.131578947368421
EC:3.4.23.39	0.00526315789473684
EC:3.4.23.4	0.0736842105263158
EC:3.4.23.40	0.147368421052632
EC:3.4.23.41	2.05263157894737
EC:3.4.23.5	1.76842105263158
EC:3.4.24.11	0.0263157894736842
EC:3.4.24.13	0.247368421052632
EC:3.4.24.14	0.0105263157894737
EC:3.4.24.15	0.131578947368421
EC:3.4.24.16	0.0157894736842105
EC:3.4.24.18	0.00526315789473684
EC:3.4.24.20	0.0631578947368421
EC:3.4.24.21	0.0894736842105263
EC:3.4.24.23	0.00526315789473684
EC:3.4.24.24	0.0263157894736842
EC:3.4.24.28	0.00526315789473684
EC:3.4.24.35	0.0157894736842105
EC:3.4.24.37	1.08947368421053
EC:3.4.24.39	0.373684210526316
EC:3.4.24.56	1.11578947368421
EC:3.4.24.57	0.826315789473684
EC:3.4.24.59	0.989473684210526
EC:3.4.24.61	0.131578947368421
EC:3.4.24.64	2.3
EC:3.4.24.67	0.0105263157894737
EC:3.4.24.7	0.0105263157894737
EC:3.4.24.70	0.0105263157894737
EC:3.4.24.71	1.60526315789474
EC:3.4.25.1	20.5842105263158
EC:3.5.1.1	1.77368421052632
EC:3.5.1.10	0.515789473684211
EC:3.5.1.14	0.2
EC:3.5.1.16	1.11578947368421
EC:3.5.1.18	0.0157894736842105
EC:3.5.1.19	0.973684210526316
EC:3.5.1.2	0.0631578947368421
EC:3.5.1.23	0.436842105263158
EC:3.5.1.25	0.973684210526316
EC:3.5.1.26	0.142105263157895
EC:3.5.1.28	0.0157894736842105
EC:3.5.1.3	0.4
EC:3.5.1.32	0.0263157894736842
EC:3.5.1.4	7.62631578947368
EC:3.5.1.41	1.92631578947368
EC:3.5.1.48	2.7
EC:3.5.1.49	1.03157894736842
EC:3.5.1.5	0.957894736842105
EC:3.5.1.52	0.4
EC:3.5.1.53	0.173684210526316
EC:3.5.1.6	0.973684210526316
EC:3.5.1.9	0.394736842105263
EC:3.5.2.2	0.626315789473684
EC:3.5.2.3	1.03684210526316
EC:3.5.2.5	0.947368421052632
EC:3.5.2.6	1.57894736842105
EC:3.5.2.7	0.0526315789473684
EC:3.5.2.9	2.40526315789474
EC:3.5.3.1	1.27894736842105
EC:3.5.3.11	2.46315789473684
EC:3.5.3.12	0.252631578947368
EC:3.5.3.15	0.136842105263158
EC:3.5.3.18	0.0263157894736842
EC:3.5.3.19	0.484210526315789
EC:3.5.3.4	1.07894736842105
EC:3.5.3.8	0.0105263157894737
EC:3.5.3.9	0.115789473684211
EC:3.5.4.1	0.931578947368421
EC:3.5.4.12	0.905263157894737
EC:3.5.4.13	0.0157894736842105
EC:3.5.4.16	1.10526315789474
EC:3.5.4.19	0.0105263157894737
EC:3.5.4.2	0.00526315789473684
EC:3.5.4.25	1.05789473684211
EC:3.5.4.3	2.92105263157895
EC:3.5.4.4	2.35263157894737
EC:3.5.4.5	1.03157894736842
EC:3.5.4.6	1.05263157894737
EC:3.5.4.9	0.00526315789473684
EC:3.5.5.1	2.28421052631579
EC:3.5.99.5	0.742105263157895
EC:3.5.99.6	0.894736842105263
EC:3.6.1.1	2.61578947368421
EC:3.6.1.10	0.936842105263158
EC:3.6.1.11	1.13684210526316
EC:3.6.1.13	1.21578947368421
EC:3.6.1.15	0.605263157894737
EC:3.6.1.17	1.9
EC:3.6.1.19	0.647368421052632
EC:3.6.1.21	0.189473684210526
EC:3.6.1.22	0.521052631578947
EC:3.6.1.23	1.2
EC:3.6.1.28	0.0631578947368421
EC:3.6.1.29	0.636842105263158
EC:3.6.1.3	43.5526315789474
EC:3.6.1.30	0.0105263157894737
EC:3.6.1.41	0.536842105263158
EC:3.6.1.42	1.28947368421053
EC:3.6.1.43	0.921052631578947
EC:3.6.1.45	0.00526315789473684
EC:3.6.1.5	0.689473684210526
EC:3.6.1.6	0.0315789473684211
EC:3.6.1.7	0.452631578947368
EC:3.6.1.8	0.0421052631578947
EC:3.6.1.9	0.00526315789473684
EC:3.6.3.1	4.77368421052632
EC:3.6.3.10	0.068421052631579
EC:3.6.3.14	18.4578947368421
EC:3.6.3.15	0.00526315789473684
EC:3.6.3.16	0.978947368421053
EC:3.6.3.19	0.0210526315789474
EC:3.6.3.2	0.105263157894737
EC:3.6.3.25	0.0736842105263158
EC:3.6.3.27	0.257894736842105
EC:3.6.3.28	0.0210526315789474
EC:3.6.3.29	2.85789473684211
EC:3.6.3.31	0.0842105263157895
EC:3.6.3.4	2.20526315789474
EC:3.6.3.44	5.86842105263158
EC:3.6.3.49	0.110526315789474
EC:3.6.3.51	0.105263157894737
EC:3.6.3.6	1.97894736842105
EC:3.6.3.7	0.710526315789474
EC:3.6.3.8	6.2578947368421
EC:3.6.3.9	0.621052631578947
EC:3.6.4.1	8.26842105263158
EC:3.6.4.2	2.11052631578947
EC:3.6.4.3	1.55263157894737
EC:3.6.4.4	2.22105263157895
EC:3.6.4.5	0.0210526315789474
EC:3.6.4.6	1.08947368421053
EC:3.6.4.8	0.0105263157894737
EC:3.6.4.9	2.79473684210526
EC:3.7.1.2	1.29473684210526
EC:3.7.1.3	1.31052631578947
EC:3.7.1.5	1.33157894736842
EC:3.8.1.2	0.91578947368421
EC:3.8.1.5	0.105263157894737
EC:4.1.1.1	2.36315789473684
EC:4.1.1.15	2.57368421052632
EC:4.1.1.17	1.26315789473684
EC:4.1.1.18	0.0736842105263158
EC:4.1.1.19	0.00526315789473684
EC:4.1.1.2	0.0210526315789474
EC:4.1.1.20	0.00526315789473684
EC:4.1.1.21	1.01578947368421
EC:4.1.1.22	0.0157894736842105
EC:4.1.1.23	0.736842105263158
EC:4.1.1.25	0.678947368421053
EC:4.1.1.28	0.947368421052632
EC:4.1.1.29	0.0315789473684211
EC:4.1.1.3	0.0105263157894737
EC:4.1.1.32	0.0157894736842105
EC:4.1.1.33	1.01052631578947
EC:4.1.1.35	0.342105263157895
EC:4.1.1.36	1.16842105263158
EC:4.1.1.37	1.03684210526316
EC:4.1.1.4	0.0368421052631579
EC:4.1.1.44	0.189473684210526
EC:4.1.1.45	2.49473684210526
EC:4.1.1.46	0.426315789473684
EC:4.1.1.48	0.0263157894736842
EC:4.1.1.49	1.01052631578947
EC:4.1.1.50	0.984210526315789
EC:4.1.1.6	0.268421052631579
EC:4.1.1.65	3
EC:4.1.1.8	0.00526315789473684
EC:4.1.1.9	0.0578947368421053
EC:4.1.2.10	0.0789473684210526
EC:4.1.2.13	1.51578947368421
EC:4.1.2.17	1.45789473684211
EC:4.1.2.20	0.00526315789473684
EC:4.1.2.25	0.00526315789473684
EC:4.1.2.27	0.978947368421053
EC:4.1.2.4	0.910526315789474
EC:4.1.2.5	1.56315789473684
EC:4.1.3.1	1.90526315789474
EC:4.1.3.27	1.63684210526316
EC:4.1.3.3	0.0157894736842105
EC:4.1.3.30	0.447368421052632
EC:4.1.3.4	1.08947368421053
EC:4.1.3.6	0.542105263157895
EC:4.1.99.1	0.0368421052631579
EC:4.1.99.3	1.80526315789474
EC:4.2.1.1	3.07894736842105
EC:4.2.1.10	0.752631578947368
EC:4.2.1.11	1.19473684210526
EC:4.2.1.17	6.08947368421053
EC:4.2.1.18	0.710526315789474
EC:4.2.1.19	0.578947368421053
EC:4.2.1.2	1.08421052631579
EC:4.2.1.20	1.52105263157895
EC:4.2.1.22	1.08421052631579
EC:4.2.1.24	2.63157894736842
EC:4.2.1.3	1.88947368421053
EC:4.2.1.33	1.04210526315789
EC:4.2.1.36	1.34736842105263
EC:4.2.1.40	0.0526315789473684
EC:4.2.1.46	0.9
EC:4.2.1.47	0.326315789473684
EC:4.2.1.49	0.0157894736842105
EC:4.2.1.51	0.421052631578947
EC:4.2.1.52	1.18947368421053
EC:4.2.1.53	0.147368421052632
EC:4.2.1.55	0.0210526315789474
EC:4.2.1.6	2.55789473684211
EC:4.2.1.66	0.452631578947368
EC:4.2.1.68	0.0473684210526316
EC:4.2.1.69	0.694736842105263
EC:4.2.1.70	2.46315789473684
EC:4.2.1.75	0.994736842105263
EC:4.2.1.76	0.0315789473684211
EC:4.2.1.77	0.347368421052632
EC:4.2.1.79	1.11578947368421
EC:4.2.1.9	2.54210526315789
EC:4.2.1.90	0.215789473684211
EC:4.2.1.91	0.00526315789473684
EC:4.2.1.93	0.315789473684211
EC:4.2.1.94	0.221052631578947
EC:4.2.1.96	0.526315789473684
EC:4.2.2.10	0.526315789473684
EC:4.2.2.2	1.27368421052632
EC:4.2.99.18	3.53157894736842
EC:4.3.1.12	0.842105263157895
EC:4.3.1.15	0.110526315789474
EC:4.3.1.2	0.0263157894736842
EC:4.3.1.3	0.0210526315789474
EC:4.3.1.5	0.710526315789474
EC:4.3.2.1	1.44736842105263
EC:4.3.2.2	0.978947368421053
EC:4.3.2.3	0.215789473684211
EC:4.4.1.1	1.01052631578947
EC:4.4.1.11	0.00526315789473684
EC:4.4.1.14	1.56842105263158
EC:4.4.1.16	0.552631578947368
EC:4.4.1.17	1.77894736842105
EC:4.4.1.4	0.0105263157894737
EC:4.4.1.5	1.58947368421053
EC:4.4.1.8	1.05789473684211
EC:4.6.1.1	4.47894736842105
EC:4.6.1.12	0.0105263157894737
EC:4.6.1.2	0.289473684210526
EC:4.99.1.1	1.28947368421053
EC:5.1.1.1	0.0263157894736842
EC:5.1.1.11	0.00526315789473684
EC:5.1.2.2	0.00526315789473684
EC:5.1.3.1	0.994736842105263
EC:5.1.3.15	0.284210526315789
EC:5.1.3.2	1.46315789473684
EC:5.1.3.3	1.91578947368421
EC:5.1.3.5	0.0263157894736842
EC:5.1.3.6	0.121052631578947
EC:5.1.3.9	0.0421052631578947
EC:5.1.99.1	0.0526315789473684
EC:5.1.99.3	0.110526315789474
EC:5.1.99.4	1.76842105263158
EC:5.2.1.1	0.00526315789473684
EC:5.2.1.2	0.542105263157895
EC:5.2.1.8	26.6473684210526
EC:5.3.1.1	1.53157894736842
EC:5.3.1.13	0.168421052631579
EC:5.3.1.16	0.984210526315789
EC:5.3.1.23	0.694736842105263
EC:5.3.1.24	0.115789473684211
EC:5.3.1.4	32.9947368421053
EC:5.3.1.6	1.95789473684211
EC:5.3.1.8	1.56842105263158
EC:5.3.1.9	1.02105263157895
EC:5.3.2.1	0.3
EC:5.3.3.10	1.77894736842105
EC:5.3.3.12	0.0105263157894737
EC:5.3.3.2	1.01578947368421
EC:5.3.3.5	2.84736842105263
EC:5.3.3.8	1.07894736842105
EC:5.3.4.1	5.29473684210526
EC:5.3.99.2	0.147368421052632
EC:5.3.99.3	0.305263157894737
EC:5.3.99.4	0.157894736842105
EC:5.3.99.5	0.852631578947368
EC:5.4.2.1	2.01578947368421
EC:5.4.2.2	1.2
EC:5.4.2.3	0.978947368421053
EC:5.4.2.4	0.00526315789473684
EC:5.4.2.8	1.62105263157895
EC:5.4.2.9	0.0631578947368421
EC:5.4.3.2	0.0736842105263158
EC:5.4.3.8	0.726315789473684
EC:5.4.99.12	1.16842105263158
EC:5.4.99.2	0.0473684210526316
EC:5.4.99.5	0.973684210526316
EC:5.4.99.7	4.33157894736842
EC:5.4.99.8	0.0105263157894737
EC:5.4.99.9	0.0157894736842105
EC:5.5.1.1	0.0210526315789474
EC:5.5.1.2	0.389473684210526
EC:5.5.1.4	0.973684210526316
EC:5.5.1.5	0.363157894736842
EC:5.5.1.9	0.0157894736842105
EC:5.99.1.2	3.63684210526316
EC:5.99.1.3	1.87368421052632
EC:6.1.1.1	2.24210526315789
EC:6.1.1.10	2.07894736842105
EC:6.1.1.11	1.97368421052632
EC:6.1.1.12	3.18421052631579
EC:6.1.1.14	1.09473684210526
EC:6.1.1.15	1.95789473684211
EC:6.1.1.16	1.14210526315789
EC:6.1.1.17	2.04736842105263
EC:6.1.1.18	1.04210526315789
EC:6.1.1.19	1.32631578947368
EC:6.1.1.2	2.23157894736842
EC:6.1.1.20	2.99473684210526
EC:6.1.1.21	1.16315789473684
EC:6.1.1.22	2.04210526315789
EC:6.1.1.3	1.77368421052632
EC:6.1.1.4	1.73157894736842
EC:6.1.1.5	2.03684210526316
EC:6.1.1.6	1.88947368421053
EC:6.1.1.7	1.09473684210526
EC:6.1.1.9	1.29473684210526
EC:6.2.1.1	1.53157894736842
EC:6.2.1.12	7.65263157894737
EC:6.2.1.16	1.84736842105263
EC:6.2.1.17	0.668421052631579
EC:6.2.1.2	0.215789473684211
EC:6.2.1.26	0.0315789473684211
EC:6.2.1.3	6.33684210526316
EC:6.2.1.4	1.86842105263158
EC:6.2.1.5	0.247368421052632
EC:6.3.1.1	0.00526315789473684
EC:6.3.1.2	2.52631578947368
EC:6.3.1.9	0.0157894736842105
EC:6.3.2.1	1.01052631578947
EC:6.3.2.11	0.126315789473684
EC:6.3.2.12	0.00526315789473684
EC:6.3.2.17	3.42105263157895
EC:6.3.2.19	54.5157894736842
EC:6.3.2.2	1.57894736842105
EC:6.3.2.25	0.363157894736842
EC:6.3.2.3	1.15263157894737
EC:6.3.2.5	0.978947368421053
EC:6.3.2.6	0.968421052631579
EC:6.3.3.1	0.0263157894736842
EC:6.3.3.2	0.952631578947368
EC:6.3.3.3	0.0526315789473684
EC:6.3.4.13	0.168421052631579
EC:6.3.4.14	0.0157894736842105
EC:6.3.4.15	0.0157894736842105
EC:6.3.4.16	0.00526315789473684
EC:6.3.4.2	1.05789473684211
EC:6.3.4.3	0.0105263157894737
EC:6.3.4.4	2.31578947368421
EC:6.3.4.5	1.05789473684211
EC:6.3.4.9	0.00526315789473684
EC:6.3.5.1	1
EC:6.3.5.2	1.74736842105263
EC:6.3.5.3	0.973684210526316
EC:6.3.5.4	1.90526315789474
EC:6.3.5.5	1.60526315789474
EC:6.4.1.1	1.45263157894737
EC:6.4.1.2	0.0157894736842105
EC:6.4.1.3	0.642105263157895
EC:6.4.1.4	2.01052631578947
EC:6.5.1.1	8.21052631578947
EC:6.5.1.2	0.821052631578947
EC:6.5.1.3	1.21578947368421
EC:6.5.1.4	1.58421052631579
