EC:1.1.1.170	EC:1.1.1.184	EC:1.1.99.1	EC:1.13.11.33	EC:1.13.11.5	EC:1.2.1.51	EC:2.3.1.74	EC:2.4.1.131	EC:2.4.1.17	EC:3.1.27.1	EC:3.2.1.101	EC:3.2.1.28	EC:3.2.1.89	EC:3.4.14.5	EC:3.4.23.16	EC:3.5.2.2	EC:3.5.4.1	EC:3.5.4.4	EC:3.6.1.42	EC:3.6.4.9	EC:4.1.2.27	EC:4.2.1.1	EC:4.2.1.36	EC:5.1.3.1	EC:5.3.99.5	EC:5.4.2.8	EC:5.4.3.8	EC:6.2.1.4	EC:6.3.2.25	EC:6.3.2.3	EC:6.3.2.6	EC:6.3.4.5	group	sample
0.119738715327523	0.299559749664727	0.665805939903013	8.16583810062334e-05	0.096312348652261	0.0152592913264413	0.0208136077951115	0.0855758181101877	0.00133004181184395	0.109522138340266	0.27944364054071	0.152314532420074	0.0339974152709778	0.0114702187229324	8.16583810062334e-05	0.0295937396255772	0.0395350288889876	0.154074827292447	0.0762785165333492	0.210209705929395	0.0717115241259362	0.161607194316173	0.0725101678371411	0.0738968137540007	0.047973061592965	0.110088798014521	0.0159397778348266	0.114740851235482	0.0117275663479217	0.0762321197259593	0.0717523533164393	0.0717931825069424	MngBulk	90
0.121184985397756	0.477885412405122	0.784151516133553	0.000485667124282835	0.109058760335548	0.0328951173588115	0.0278618398889712	0.0652184720576718	0.0128922545718716	0.117281987780792	0.318928770205187	0.133924917098829	0.0538406158824276	0.0204002267977167	0.00044151556752985	0.0320120862237518	0.0442354447108157	0.184862568124748	0.0733158675661693	0.182637329664398	0.0637747161518492	0.162442407605582	0.0656511573138511	0.0644855562155723	0.0769230497528882	0.0830468706745272	0.0377959401583928	0.141534437905206	0.023998578673085	0.0697837430259305	0.0639954739356142	0.0642603832761321	MngRoot	E-Rt195
0.148296624137415	0.533463043074823	1.09137040408006	0.000794820285588171	0.12279357272581	0.0345212836442087	0.0439400067183879	0.0650787348564144	0.0225815220672918	0.140351501980314	0.386967600824904	0.111566479466978	0.0738587263832605	0.0249095034463983	5.5452578064291e-05	0.0575238345449516	0.0721705034510809	0.197180125500275	0.0559372746725566	0.167962778257956	0.0557041684647678	0.209959890944906	0.0558345847131783	0.0557318947538	0.0995281355290583	0.0721304543669234	0.0440406428785787	0.156843509456472	0.03374802825009	0.0558345847131783	0.0557318947538	0.0557801590347078	MngRoot	E-Rt98
0.104696646479984	0.315738070799955	0.668797110720641	0.000507125977734001	0.0994694429384039	0.0183288374188493	0.0134414767673734	0.0835704765702735	0.00119298663701605	0.0929338386563961	0.203980618505123	0.141906804588975	0.0311147665696655	0.00544062981646883	0.00046637177584836	0.0203353363061776	0.0293059760832204	0.137282606056563	0.0835208529966276	0.218777200552826	0.0706559976641982	0.173564960517116	0.0832021169659022	0.0709128726336592	0.0483955586039349	0.133284315721154	0.026753730156316	0.110177356875167	0.00456334790590574	0.0835682311597013	0.0708754865476319	0.0711238289569185	MngRhizo	5-2-2R
0.170027769803662	0.595816089522327	1.02802121462958	0.00143779041902048	0.128777030166994	0.0418546116126562	0.0462744858637192	0.05756273819794	0.0365305269425204	0.170401595312607	0.458936311571697	0.112801581066767	0.0818986723272866	0.039032282271616	0	0.0748705397531265	0.0770538511301576	0.228549034947616	0.0598706580779528	0.150042482979277	0.0554859298149104	0.218061685128286	0.0554859298149104	0.0555572868208914	0.123460400706439	0.0564817328088245	0.0441976774806896	0.176010042976727	0.0433456535286774	0.0559832987968975	0.0554859298149104	0.0554859298149104	MngRoot	E-Rt100
0.145942678090072	0.531390448664588	0.982427418997197	5.8259140612002e-05	0.116234047234958	0.0323161687546272	0.0325121313185039	0.0641309558142905	0.0243911602028915	0.141823933391654	0.395413614476175	0.119837286810385	0.0630628715697371	0.0283333620509703	0	0.0568061929537088	0.0592530768594129	0.202766525328815	0.0630575752842269	0.174680323268319	0.0598409645510431	0.228617694904013	0.0620865896073602	0.0598798039781177	0.0942226846546412	0.0834818176399921	0.0342775598218979	0.162936692863743	0.0294614708646391	0.062390243309944	0.0598021251239684	0.0598992236916551	MngRoot	E-Rt1-2-2r
0.102562512533142	0.268278559455596	0.645194116098615	0.000660936312217432	0.096046825423723	0.0140924574497384	0.0120275374401772	0.0717136137400645	0.00960670640684541	0.0997901073284821	0.21937418745094	0.139001325000941	0.028168723983692	0.0154614572040471	0.000594437908101067	0.0173138714439321	0.0346948195389728	0.155732323476618	0.0737458627945598	0.206222826981197	0.066656554668763	0.179376264745436	0.0710064176684617	0.0679561647839937	0.0440352432058566	0.114374074721689	0.0276031984252068	0.0959933375769338	0.00941096979994637	0.0748060786549716	0.0669054899989552	0.0673174909809805	MngRhizo	97
0.104106076543763	0.544866456560173	1.17149366592394	5.84609766965224e-05	0.0934384867434028	0.0342255172729525	0.00534733323162559	0.0998498097509051	0.00043076509144806	0.100426727284094	0.230893781288372	0.117448717562016	0.0449509526713071	0.00337965983176106	5.84609766965224e-05	0.0351947387287106	0.0434574285613865	0.142162326237093	0.0882880746964392	0.214241633610395	0.0586538979196209	0.154487438571475	0.0881905371721613	0.0587037435944885	0.0774072561758122	0.137500524879572	0.0354255057419864	0.103228854203964	0.00354735052807477	0.0885957640474735	0.0586215905377623	0.0588662035718346	MngBulk	5-5-2
0.187577312176486	0.639801624160188	1.20679548602857	3.86744586109502e-05	0.138911693927983	0.0445785014624979	0.0451972928002731	0.055704369715696	0.043508765937319	0.184444681028999	0.456955745250165	0.0992510366224537	0.0920707366367447	0.043688988914446	0	0.0878552206481511	0.0920645487233669	0.231549398127964	0.0505923797765006	0.151758575589369	0.0494708204767831	0.235102033895966	0.050282984107613	0.0494708204767831	0.136823273162992	0.054196065829869	0.0459321075138811	0.183644893224925	0.043688988914446	0.0504376819420568	0.0494708204767831	0.0494708204767831	MngRoot	E-Rt180
0.118628998721608	0.338928181617659	0.64654079929629	0.000353986312899166	0.0958741632361513	0.0208105683194126	0.0298060727548941	0.0778042781357075	0.00640236866465195	0.111068999141799	0.297241562826057	0.149005914269375	0.03955504715609	0.013786969620952	0.000214305227268684	0.0298081987988154	0.0402370820460483	0.158507629762522	0.0765877558039304	0.200631363184346	0.0708903833035869	0.17110529041389	0.0711782496505331	0.0726014234514623	0.0571272253745536	0.107821254447596	0.0232251164008515	0.117903592535655	0.0163056938545355	0.0750888948394024	0.0709975359172212	0.0711486976400268	MngRhizo	100
0.142362261217117	0.499037426107994	0.869989027005132	0.000160582606027412	0.11454935385317	0.0352883488397358	0.0356274993036656	0.0682649504831009	0.0160582606027412	0.132417059260628	0.335751251325505	0.127690149669605	0.0640538322226381	0.0250290473058565	0	0.0487271859729578	0.0559020168102625	0.190785624899471	0.0657078330647204	0.179287267977485	0.0634275600591312	0.17867384242246	0.0637628565405164	0.0634275600591312	0.0912025699280564	0.0798057012130789	0.0365909949398301	0.145983720148248	0.026713237677872	0.0643730704434205	0.0634134287898007	0.0634275600591312	MngRoot	E-Rt3-3-2r
0.125436050977542	0.35296286505152	0.678942057506557	7.30110645226156e-05	0.0992007417924156	0.0235506315000762	0.0247051189578401	0.0771133737104801	0.00173401278241212	0.104148762477667	0.267311759983427	0.148711369921814	0.0473780966198007	0.0212538250953023	4.25897876381925e-05	0.0248435357676642	0.0330466330795489	0.169496707353096	0.0750401636908067	0.189843978397243	0.0741822836826659	0.142102347518673	0.0744317381531182	0.074203578576485	0.0700997483247763	0.0868983774203548	0.0248739570445486	0.125188117570934	0.0211686455200259	0.0750401636908067	0.074203578576485	0.0742552947471885	MngBulk	194
0.156120936502034	0.494298655458357	1.1425969858802	0.00241471669210643	0.11546761589627	0.0312068594722922	0.0343705855087094	0.0692134940740924	0.0257122610733555	0.143552671496938	0.361933612339314	0.111127274434648	0.0713040126917956	0.0272941240915642	0.00241471669210643	0.0549627528552837	0.0706108995672095	0.194032547530302	0.0580789671049349	0.173636016952764	0.0542165383219591	0.20708152002503	0.0580789671049349	0.0554238966680124	0.102091650516153	0.0755493305798855	0.0372157030926959	0.149038885462916	0.0305975906772931	0.0580789671049349	0.0554238966680124	0.0566312550140656	MngRoot	E-Rt198
0.136573912187314	0.443622771364198	0.828809986251937	0	0.0994825446894378	0.0301217364468425	0.0348052991260772	0.0811823653371497	0.000551007374027607	0.108553962757179	0.369241673713796	0.145670431702094	0.0628558600769915	0.028499325845539	0	0.0315298664026909	0.036514646446394	0.199041618180824	0.0729117446529954	0.159435820366135	0.0723913487997471	0.125385401342476	0.0726668524867609	0.0725750179244229	0.0919214990569478	0.0559786758187114	0.0303972401338563	0.132206260402522	0.0286523834494356	0.0729423561737747	0.0723913487997471	0.0723913487997471	MngBulk	89
0.165066852445368	0.581635642606244	1.07689235728553	0.00064325684001226	0.131289486828455	0.0390229719908231	0.0421205599882631	0.0547891460873935	0.0364384579014881	0.166763059469924	0.419866757769193	0.106683636394732	0.0789980662091247	0.03611938208799	0.000324181026514115	0.0728769158029763	0.0824415323883967	0.215363411078708	0.0558306095426514	0.162216867279203	0.052637298801162	0.23019022598034	0.0542033228938109	0.052799389314419	0.116840457690005	0.0662541782180088	0.0435538485424968	0.171628327474144	0.0388021715278824	0.055383903403754	0.052799389314419	0.0529614798276761	MngRoot	E-Rt199
0.0989043595737395	0.140070093742065	0.320962916989715	0.000223987958643898	0.0930621917943246	0.00758971739734952	0.00781740152692813	0.0844478958138713	0.0034196973488009	0.0952399757090603	0.113717873445901	0.161442832554978	0.0159948101028978	0.00727628210208545	0.000140454495519276	0.0086298198983791	0.0168781949562953	0.122576855942233	0.0826168127328121	0.245088659276015	0.0796924022892634	0.177737032503588	0.0809084425267855	0.0801403782065512	0.0228911258328942	0.144163233435172	0.0120347325634411	0.0997456080784813	0.00648677999042973	0.0819884636739101	0.079762629537023	0.0799163902479073	MngBulk	190
0.133718454286605	0.433814428334655	0.831838719035679	2.49010156958296e-05	0.109336670881025	0.0291812236159905	0.0297594805360381	0.0607612450773459	0.0145753945206256	0.123605875134576	0.317611532940465	0.127194388174297	0.0579022395715284	0.0233977321556739	0	0.0428537257526821	0.0581180483742256	0.176823956975767	0.0665714820730394	0.19136430562245	0.0633666291270021	0.174425159130402	0.0655339397523799	0.0633666291270021	0.0919234828309157	0.0833427772741009	0.0330796159621487	0.136932529831048	0.0269004750302206	0.065925900184629	0.0633666291270021	0.063391530142698	MngRoot	E-Rt5-3-2r
0.102507734924063	0.21532880415524	0.412625373482697	0.000337337726370098	0.096874194893682	0.0124262951568331	0.0150145955300727	0.0722485408686649	0.00168668863185049	0.094147892723291	0.16876086438315	0.154629480354846	0.0246195206118104	0.0107825404174297	3.06670660336453e-05	0.0143767205565729	0.029461850338523	0.132463325025727	0.079173164379062	0.237034953493854	0.0767995334680578	0.164593210109178	0.0785352894055622	0.0769498020916227	0.0370887496610906	0.127363391944332	0.017759297940084	0.112566532583098	0.0110616107183358	0.0790535628215308	0.0767811332284376	0.0771368711944279	MngRhizo	195
0.143230792236346	0.501635187118376	0.869991271169103	0.000477479174617903	0.108451891270284	0.0357202170531653	0.0355837944318459	0.0724980504781093	0.000699165934261929	0.109210059988267	0.392823140127809	0.143634603195451	0.0709687528931188	0.0347993643592594	0	0.0364193829874272	0.0370305563309382	0.214290266172642	0.0719472441445322	0.147839148384515	0.0716934980688781	0.112566738585831	0.0720175017945117	0.0717085045572232	0.106083594564179	0.0395305008666162	0.0358566396744847	0.144223266806444	0.0356520057425056	0.0720325082828568	0.0714206528262393	0.0716934980688781	MngRoot	E-Rt137
0.162275218694839	0.545356000556928	0.953030729738975	0.000269116954834355	0.126020497111341	0.0368286840824599	0.0378181354988424	0.06344936444343	0.0286889046669669	0.155234381533884	0.382412311481772	0.117919327622987	0.0755164073432831	0.0354796417028727	0	0.0656564692336133	0.0697053251750826	0.208785774208074	0.059335966534206	0.169749409067862	0.0588190545245991	0.202297001378449	0.0590495615522945	0.0588317324111223	0.11119716642782	0.068737195658762	0.0392011776650146	0.16495313408909	0.035743572249584	0.0601139277526779	0.0588190545245991	0.0589441045871239	MngRoot	E-Rt1-1-2r
0.114965022490487	0.338613066682057	0.736075675929523	0.000567670103851805	0.0933849574819393	0.0168430300131484	0.0268836949750272	0.0828078012666096	0.00123640268831359	0.111477291776671	0.229336571690584	0.143192633431073	0.0429623055869662	0.0126500122006067	0.000567670103851805	0.0235088532023174	0.039543383370586	0.149161770583696	0.0740035389930444	0.206974885156468	0.0694611030294575	0.153034398830049	0.0718414469876543	0.0699717910963697	0.0608267117339389	0.0992637834816773	0.0223799637912484	0.115756320211008	0.0137939534704899	0.0756699947903366	0.0697449380813834	0.0703513129650433	MngRhizo	1-5-2R
0.0978592016351563	0.0868762553698184	0.321851018087033	6.16464963699194e-05	0.0854347628864598	0.00270225232512867	0.00412432858915812	0.0997839961779819	0.000592194689537808	0.0964267700541513	0.0468497192228613	0.16295223873782	0.0148184585919756	0.00187593039084736	2.91243289936627e-06	0.00450100324414282	0.0172411173587651	0.104745163820225	0.081761537793048	0.26432254003499	0.08111918453691	0.176914442057382	0.0813903644002065	0.0812842224012074	0.0167849980063588	0.156779337207613	0.00354847588422231	0.0967958400232322	0.00186444246107764	0.0816401864222411	0.0811206407533597	0.08112420039357	MngBulk	1-1-2
0.139267865188937	0.473455049438123	0.940676137658021	0.00227523029617878	0.112692665949652	0.0296077076788191	0.0341836372670294	0.065870463973961	0.0117157380922639	0.12091915161009	0.372192019860655	0.127665888611482	0.0656998217017476	0.0266999973189637	0.00227523029617878	0.0435095345817771	0.0557329546580391	0.195674899270546	0.0663730521587886	0.169298358198912	0.062511952387512	0.167496002259066	0.0660266738151912	0.0636775834310395	0.0976421873337352	0.0652193066466591	0.0359749566420059	0.148557256942963	0.0339289473085019	0.0661608105266824	0.0636495675356014	0.0647871826836908	MngRoot	E-Rt136
0.104531252993578	0.266139465564612	0.690476715236642	0	0.0918943010623971	0.0162058374723042	0.00477171881128958	0.0928270370413586	0.0027009729120507	0.0997883445600173	0.146245078647289	0.14309394358323	0.0252703025651464	0.00468168638088789	0	0.0183666158019448	0.0279712754771971	0.125987781806909	0.0828010255918264	0.237570374749548	0.07127687450041	0.17016489475641	0.0817206364270061	0.07127687450041	0.0415661724678523	0.143183976013632	0.018006486080338	0.0951354685568579	0.00342123235526423	0.0822608310094162	0.07127687450041	0.07127687450041	MngBulk	176
0.1612845068158	0.554757227951725	1.00742966819193	0	0.126349874773235	0.0378901846688392	0.0412004036102666	0.0605888288386274	0.0266590846889961	0.150526295256161	0.418447140827945	0.116980772947945	0.0795043656467843	0.0371808520385333	0	0.0637808256750039	0.0701943748740196	0.218681338818051	0.0590814969992274	0.156289622877396	0.058431275421447	0.196485138594729	0.0587859417366	0.058431275421447	0.1175718834732	0.0550915009537568	0.0422052915032	0.167136501015823	0.0399590715072314	0.0590814969992274	0.058431275421447	0.058431275421447	MngRoot	E-Rt1-4-2r
0.134380944891295	0.462883365310161	0.816117426610074	5.76642654680507e-05	0.105878272015462	0.0318791969080871	0.0333672162462626	0.0713296415498543	0.000685642180870115	0.107641954671485	0.35655221784395	0.14359597580219	0.0627320402131178	0.0294179172844508	5.76642654680507e-05	0.0325648390889572	0.0378122872465498	0.199153034301033	0.0728675897032522	0.164059406204477	0.071367967189708	0.1216030359195	0.071730830128507	0.0714084024978106	0.0946288176899452	0.0540595456535479	0.0336020926446325	0.137615417928128	0.0309410977601069	0.0724808171909665	0.0713967993224421	0.0714256314551761	MngRhizo	137
0.102319181320314	0.277868232296258	0.678291722385722	0.000298857501749443	0.0918954641145928	0.0147940898712696	0.0302484463161716	0.082709650204232	0.00293812189919736	0.0962431843596816	0.236285338506329	0.139230528218124	0.0398046787838256	0.00732702836330416	0.000142607283349863	0.0191243059732757	0.0396883277150997	0.149855285655427	0.0784625787818685	0.21526981283852	0.0677845366737114	0.184044480890015	0.0678872448073876	0.0685135327503302	0.0553056271389918	0.105235937868395	0.028252974004749	0.121388400725653	0.0196550933708703	0.0696389461849974	0.0678501772102714	0.0679546872410296	MngBulk	1-2-2
0.10511611352251	0.341349934623546	0.623062170539893	0.000138032477398688	0.0963674836454794	0.0223207279920498	0.025635698441323	0.060584207123648	0.000823812880982647	0.0898153229524511	0.251212535890498	0.138058769299145	0.0395123444033007	0.0105737259670805	0.000109549585237054	0.0182400059419695	0.0443051387574218	0.146674844178039	0.0731955553761377	0.209796219695778	0.068652534076357	0.153840482548395	0.070514877025387	0.0687314097777277	0.066296122497908	0.0982988428332086	0.0284839876574864	0.12041690409257	0.0145711903323806	0.0717166359754375	0.0687073088689756	0.0687905665537557	MngBulk	193
0.101756320311828	0.18846192437734	0.405100453269625	0.000308425928999616	0.0811969371561803	0.0115708586798335	0.0303426223509242	0.0693555705639669	0.00178097405896356	0.0984914618086531	0.26934691743803	0.156863316589311	0.0233977616986971	0.006980042317132	5.3163404745181e-05	0.0133494872944701	0.0351570377394658	0.136505250738397	0.0795793623853306	0.205315505496338	0.0779348150047205	0.172864719602834	0.0785282124194498	0.0779961874646102	0.0421503709077841	0.124126386487914	0.0157156497130185	0.0897824361151392	0.00680999760342499	0.0795402716465474	0.0779613967070931	0.0780868779785873	MngRhizo	140
0.105541780490195	0.152543481653872	0.422712311758215	7.74387796163898e-05	0.0576393987555443	0.0083633881985701	0.0503471603877754	0.100762924258164	0.000325346819059463	0.110971330360346	0.390382400853402	0.17425596417759	0.0185322953259143	0.00176342133717054	1.87100407126848e-05	0.0104812608625754	0.0214765281213965	0.151536257795506	0.0888877653624935	0.15920789421106	0.0861166004436036	0.187688733962591	0.0869834989966247	0.0861722108423886	0.0237316077506281	0.129535328810801	0.00834415843450428	0.0642580756576565	0.00162309603182541	0.0888877653624935	0.08612595546396	0.08619403922322	MngBulk	130
0.105729133938777	0.176316818086196	0.331515551095591	0.000187595718259188	0.0973659203344889	0.011299952061575	0.0127567427514979	0.0828506431567159	0.000886518419204891	0.0968796217082285	0.147352460224749	0.163501130046666	0.0230429294228792	0.00961159059724227	1.91806095975728e-05	0.0128339330096345	0.0168461890636243	0.129791442588805	0.0825984883134698	0.233935369317305	0.0815655423136785	0.165369602113318	0.0817115020745186	0.0815751326184773	0.0336170591480972	0.134930442501716	0.013741269407549	0.108884110307705	0.0100043252742462	0.0823956884534564	0.0815674135926637	0.0815894011207389	MngRhizo	5-4-2R
0.103858492733806	0.312627508158918	0.697032270198276	0.000623360489340429	0.0894352056691721	0.0180870577838455	0.0272938477563097	0.0815550211078461	0.00273134914692091	0.0981364974296922	0.282978160962495	0.146498445534067	0.0336034083395916	0.00634753842822071	9.07976062904826e-05	0.0214046626290746	0.036489724554941	0.146709288052521	0.0819906750072591	0.200305630854151	0.0697880005541622	0.175801190329554	0.0788476809433578	0.0714048963892581	0.0521763206224818	0.122763165501219	0.0257206046165458	0.102860592118517	0.0075772348557221	0.0813795372726116	0.0698333993573075	0.069974834090183	MngRhizo	3-5-2R
0.136586289262726	0.662182244918189	0.96883309404508	0	0.11943069647271	0.0487147822583482	0.0492391912589973	0.0599156468936761	0.0114090933799759	0.130096919736644	0.378096842993864	0.116228476048258	0.0679946152148958	0.0170967566582356	0	0.0600982947114631	0.0622941614732056	0.193013720969645	0.0592428685172336	0.165255857232847	0.058069215592854	0.179937262776874	0.058811062471821	0.0580917268084916	0.0857564759715156	0.0874427706701883	0.0502240569431432	0.138164632450045	0.0177874416834808	0.0590382211023461	0.058069215592854	0.058069215592854	MngRoot	E-Rt1-3-2r
0.173270625267587	0.620809678678422	1.12777335249327	0.0083348997147105	0.134353761558323	0.0434778103816629	0.0434095009418523	0.0584510673794843	0.0368862364543888	0.172250001872769	0.4397256589572	0.106560429988981	0.0853741711273735	0.0386177946492527	0.000111935636664501	0.0783070142515017	0.081620596111224	0.226464161897276	0.0552964915267163	0.153107572930875	0.0523847299011743	0.217684102765984	0.0530864802387248	0.0524406977195066	0.125862151952282	0.0563010421121669	0.045735753083303	0.178157046329672	0.0420556537671178	0.053143883129322	0.0524406977195066	0.0524966655378388	MngRoot	E-Rt184
0.105882368732277	0.37991000015866	0.711523322910525	0.000591963836240914	0.103160023415611	0.024033043421339	0.0253615204026703	0.0695282175566218	0.00292540267909754	0.0917543946173417	0.260718770061594	0.134410207328794	0.0397097601310911	0.00837353496264037	0.000591963836240914	0.0204193107001008	0.0431720602430583	0.151539300427463	0.072711744001522	0.202506698397764	0.0665649567252065	0.170902024512878	0.0711630014067057	0.066860938643327	0.0564292968546862	0.103486980185628	0.0319488389059558	0.126876435017566	0.0131436621546747	0.0720234139593814	0.066860938643327	0.0671569205614474	MngRhizo	196
0.123028580049402	0.364356530934214	0.736795584633278	0.0015072625857463	0.105328615739721	0.0223876892323235	0.0234524527103278	0.0635055360095403	0.0110624776935508	0.112304890735216	0.274052142712047	0.131436063096501	0.0427910465283663	0.0168218801427557	0.000124452874052447	0.0324476298848963	0.051316068400959	0.161546744568635	0.0671008412599443	0.205893452022657	0.0649644002553773	0.177628821515634	0.0667897090748132	0.0650266266924035	0.0698111482948643	0.0961191030598398	0.0275386554083831	0.128248686711047	0.015190164682957	0.0667897090748132	0.0646463540216877	0.0657802579852767	MngRhizo	184
0.121550267447856	0.426160332409794	0.787685017785852	0.00101105550169447	0.0977172427465953	0.0251658992568339	0.0309007674104174	0.0795919025731135	0.00333569395355225	0.105466329883173	0.293176281192125	0.137780645835422	0.0505247145677638	0.0153920704434024	0.000899690325011727	0.025998945854067	0.0410656896789709	0.167466042105034	0.0710246759889375	0.186442843590003	0.0675793706410125	0.154810748956331	0.0701337545754756	0.0681747797352454	0.068388741177061	0.0866649066291998	0.0308455232676535	0.128074337640924	0.017528177296939	0.0722961681636617	0.0680292158035183	0.0689850271624489	MngRhizo	1-4-2R
0.124235272930556	0.433693388811142	0.854627381975215	0.00282141423388473	0.11245736925634	0.0277879286992605	0.0359760329865345	0.0661651652891012	0.0123541925390102	0.104107183725843	0.311622200628065	0.126705511137458	0.0588204837674885	0.0216588565018215	0.000270135405371943	0.0311135956898395	0.0569865645154634	0.172580505978622	0.0636709150461669	0.188755613751393	0.0618279912806294	0.179159803851681	0.0641631617848446	0.0623952756319105	0.0770306115940615	0.0786364165037725	0.0362911909594684	0.138102223739649	0.0219199873936811	0.0630706141453403	0.0619630589833154	0.0631486532624478	MngRoot	E-Rt97
0.11353146881172	0.278262624054138	0.680789860536027	7.11123496177199e-05	0.0926461333172146	0.0165920780480938	0.0193076055682416	0.0899535063842317	0.000573719973187028	0.102447584623847	0.183924257874834	0.147026590775728	0.039081659938213	0.0108584941984074	5.54435268205952e-05	0.0163907939398538	0.0314810755875462	0.141399072803437	0.0747848806225537	0.220196377356116	0.072533391316013	0.1547235986513	0.0731432701110395	0.0727358807183143	0.0531474416337857	0.109949334861485	0.0189182955864361	0.113466382932409	0.0126579982319541	0.0741617435928526	0.0725213383753998	0.0726045036656307	MngBulk	192
0.095910180718085	0.252441471886812	0.66851029200921	0.00013780672058848	0.089322491984116	0.011725769452561	0.0217335704338622	0.0864374522428007	0.00118289596524275	0.0936162592782413	0.208197931911466	0.14974381565802	0.0306830949245198	0.00323252367313409	2.43964050802573e-05	0.0129785578215471	0.0362286615441821	0.131952242731518	0.0796816261224679	0.227207017323933	0.0692149089807381	0.175040579958199	0.0758042461204556	0.0717363104138976	0.0432020772233388	0.128517294832448	0.0216801620876054	0.107079118708747	0.00771387954145757	0.0790552319379748	0.0692271071832782	0.0693032635288665	MngBulk	3-5-2
0.117230340757543	0.377014776613954	0.733174726795994	0.0054089473071564	0.0953741226059424	0.0233670001434067	0.0392130779508273	0.0784379189300268	0.00825713448128216	0.113049607043251	0.326144537546257	0.137919973356229	0.0469746309324276	0.0138532673703617	0.000327830486373606	0.0318297319031946	0.0420456663264594	0.166760106026823	0.0766358741270043	0.187283266202242	0.0677563220140268	0.185494263017632	0.0689287890811275	0.0681588221587632	0.0643862143853858	0.0976932292213264	0.0309684736519416	0.124106853713138	0.0198920481314481	0.070561037126777	0.0678322702624301	0.0681659822629898	MngRhizo	3-3-2R
0.105538852893193	0.240258459967767	0.661788579770133	0.000158798645312453	0.0874676377909992	0.00956116386943619	0.0213257031515596	0.0912384866914923	0.00347517926245025	0.106817022835641	0.198904675556967	0.14584364669821	0.0318244510047894	0.00744231602073484	0.000118833730122459	0.0141344941200717	0.0345226132878377	0.140908510179969	0.0749455334793451	0.212492746721565	0.0711626597371135	0.176499566023462	0.0725366747416544	0.0714972332748987	0.0394298097326268	0.116439725601034	0.0181009235347246	0.103533887369193	0.00822817479553277	0.0754997372147674	0.0711983805905134	0.0713214583824259	MngBulk	1-5-2
0.120398987824868	0.383561216059424	0.89980495917374	0	0.0989933058798822	0.0226553274557711	0.0187922967610365	0.0802090945319277	0.0110949835069701	0.114065414243966	0.249647909457604	0.126452267085594	0.0490227578954126	0.015917483220769	0	0.0308754974224736	0.0527348608792831	0.159796510635772	0.0696450531506757	0.209075306612115	0.0624535274038501	0.175318706994755	0.0686972630616187	0.0625927761847068	0.075788170334535	0.0993984749132137	0.0282252786900395	0.121918147105053	0.0186126209147698	0.0691509445734422	0.0624535274038501	0.0624535274038501	MngRoot	E-Rt5-1-2r
0.101260453966241	0.603345021349148	1.29206844262229	8.76696765841901e-05	0.0944324363354344	0.0386933083871576	0.00309579425622292	0.103066251552726	0.000688833173161493	0.102091008797039	0.252192371422433	0.111631842623201	0.0448400733055604	0.000820667273288095	8.107797157786e-05	0.0395172715129488	0.0457141333893997	0.141824488234195	0.0936193495229036	0.21304555373084	0.0556105897006534	0.157426724398928	0.0932897642725871	0.0556511286864423	0.0837163015066436	0.14649438164593	0.039161319442607	0.099402252324957	0.000689821928912443	0.0936193495229036	0.0556511286864423	0.0556982593772376	MngBulk	5-1-2
0.119462396256684	0.472619480074011	0.971095553013306	7.1129427357064e-05	0.0993118478948242	0.029483147639503	0.0242551347287588	0.0839620128690707	0.00201359040679924	0.102385057565046	0.31492449360241	0.130157437874512	0.0550332563545566	0.017590411987501	7.1129427357064e-05	0.0296604481974004	0.0412383315312484	0.178247206893831	0.0758396598774883	0.177600765921674	0.0648993263373776	0.148832573629208	0.0752324446924769	0.0649348910510561	0.0818809541083813	0.0854180740879094	0.0364449403420756	0.123802337346456	0.0189800508734401	0.0762000141087311	0.0647837410179223	0.0649966062894983	MngBulk	1-3-2
0.106886970184213	0.166985353270666	0.415015396176021	4.71464163087191e-05	0.0915033363191723	0.00983244556530684	0.00998718252139699	0.093954345525991	0.00343564397818922	0.102829960616725	0.0982108207009397	0.157736193496871	0.0246285625501932	0.00685073695439772	1.69243545723607e-05	0.012864927239933	0.0236324433953628	0.121117330173395	0.0793770362680759	0.24723157603428	0.0781397450605893	0.175385877550904	0.0787024798501203	0.0784703744159851	0.0329746871193059	0.14297392522113	0.00999383137497899	0.106558758593757	0.00693958981590261	0.0790748156507123	0.0781482072378755	0.0781868914768981	MngRhizo	1-1-2R
0.113753665652561	0.639560366087842	1.19956973236819	0.000264027531374507	0.101917562788462	0.0428546590639459	0.0160988906586949	0.0858632577379149	0.000279990279970464	0.102452773566099	0.319056630180839	0.116775395613789	0.0553597295301235	0.0103284487811909	0.000188250345510941	0.0434234466575949	0.0468042467222973	0.167948298015049	0.0858118833746175	0.185898684031006	0.0579053292315063	0.14149765663181	0.0857507845782675	0.0581889891088552	0.0943864480888113	0.11259627463942	0.0442056213387968	0.114906836628717	0.0105211026435559	0.0863714969748206	0.057962758430478	0.0581693567628808	MngRhizo	3-4-2R
0.154276127426395	0.552049599121416	0.980723165852366	5.73132350069022e-05	0.122378730467801	0.0395962166934623	0.040625273246334	0.0664487581328223	0.0159160402620519	0.136203095819826	0.407510783788514	0.126379297538373	0.076360591608588	0.0382601987152608	1.85880762184548e-05	0.0544989486338831	0.0570664266615572	0.215975373917677	0.0643909031948042	0.15315800300831	0.0628075605358072	0.161130738699675	0.062842671346442	0.062822534263872	0.111593773745219	0.0510131680074724	0.041158131431263	0.156852383156728	0.0362622386895022	0.0632420568174136	0.0628168545739164	0.0628261486120256	MngRoot	E-Rt99
0.126755360220959	0.546637644751879	0.946217792386748	2.91896580224316e-05	0.111548278132722	0.0374663855546921	0.0325333333489011	0.0655782154546454	0.0102017854788398	0.119433134506032	0.333488923940479	0.12118816269463	0.0588288367784087	0.0167088899934904	0	0.0474820869636389	0.0573751918088916	0.177663583294981	0.0688241054267398	0.183235159270012	0.0599599360267779	0.172391931056129	0.0680965532005307	0.0601949127738585	0.0879652236749493	0.0943373260212462	0.0414361790457428	0.132719537096392	0.0189236552959424	0.0685686959190435	0.0599599360267779	0.0599891256848003	MngRoot	E-Rt1-5-2r
0.146098399678312	0.476529916317751	0.853481183018108	0.000144329727491421	0.115941082934052	0.0328122240999576	0.0333996714118525	0.0646483234639864	0.0167473125899695	0.132002196293316	0.354324416790475	0.130590550274431	0.0661701158538521	0.0309485981449807	0	0.0490809696987713	0.0548807458534924	0.198081156529805	0.0661916387079517	0.175589773995726	0.0649040656126993	0.16985076825258	0.0657269982694486	0.0649888909788565	0.101021946892307	0.0686996842356754	0.0348556291891783	0.150262438921463	0.0328299488033337	0.0660017311717788	0.0649040656126993	0.0650483953401907	MngRoot	E-Rt3-1-2r
0.112939851247973	0.606554246623026	1.25907839611283	0.000180148452006922	0.0994701746747893	0.0394792400558242	0.0105417528301189	0.0944884767551732	0.00561528588935428	0.112104567925836	0.279090727622121	0.110437410601245	0.052255733751225	0.00698365043699807	0.000164738327043423	0.0453174954523937	0.0534199482362993	0.15399965190846	0.0860146808714835	0.204863155874266	0.0549173214407171	0.163892543016665	0.0856237000903299	0.055023964960376	0.0921544565007459	0.129841621758824	0.0396227042280508	0.111272693923382	0.00704529093685207	0.0860025436934149	0.0549981905035787	0.0550974698927241	MngRhizo	5-1-2R
0.121452595526699	0.349578595902381	0.711120644041138	0.00283327460062831	0.0991157941461352	0.0222287407233303	0.0229036458807901	0.0801549404036233	0.0037868625056909	0.106803267217763	0.246032314809662	0.143823995275588	0.0472907560472888	0.0170342459720947	0.000762112003648431	0.0253094173549937	0.0352026548948925	0.160985733865209	0.0739670459262391	0.20958601445608	0.0708422919212303	0.15174465187072	0.072005365837246	0.0713129245204982	0.0669388376537872	0.0956540615126476	0.0251767112847067	0.125051773732984	0.0188513712345251	0.0733035155748039	0.0712233479230545	0.0718034630303093	MngRhizo	5-3-2R
0.104688828979833	0.214034608255149	0.595760675298359	0.000296577611966273	0.0863156754716185	0.00895118958047171	0.0222825236852591	0.0909559219705666	0.00169424222008319	0.10265710189096	0.190253515394943	0.150957322703219	0.0306899876437926	0.00702923029740752	0.000276123983554805	0.0119196928505893	0.0309950876009303	0.136055490830238	0.077649132219873	0.219352210748324	0.0739630474863198	0.17292826944901	0.0752373085363542	0.0743168952578382	0.0398054880391698	0.119630545428216	0.016170297728299	0.103565924780043	0.00885403484551724	0.0776944710961851	0.0740898599824709	0.0742596250982861	MngBulk	1-4-2
0.0996166481050332	0.234488141331529	0.538643784720242	0.000951750496793721	0.0950000383035606	0.0126368592923272	0.017415794307279	0.0590148738823769	0.00413367066723162	0.091748344240295	0.221980738559366	0.14140457850576	0.0295325209439818	0.0109472931271617	0.000886301432033898	0.0152741394480897	0.0418311786814047	0.140690116908954	0.073927457703996	0.223476264105221	0.0699050792790432	0.168761422609752	0.0727043963264138	0.070373890641596	0.0543561690877107	0.110411707284207	0.0227246649214755	0.107822288559062	0.0162881674690602	0.0731553317329528	0.0703130547267751	0.0708279975887181	MngRhizo	136
0.126144286043026	0.432112965580028	0.860938959486294	0.00137875903348536	0.0983242742655349	0.0279203773247819	0.0270122718804845	0.0857887187882949	0.00191353505566442	0.104396643324961	0.299519432778534	0.138600765634522	0.0554466424626025	0.0192706919764753	9.88448571800163e-05	0.0270132856738915	0.0401165654590372	0.17654578561582	0.0724890165305478	0.186186707467796	0.068031113471729	0.144142160397045	0.0716485817961659	0.0686492740016318	0.0787344908142144	0.0800597722454818	0.0296747468155513	0.129700419866341	0.019948159420686	0.072800251106489	0.0678833530826625	0.0681299583289091	MngBulk	3-1-2
0.165009589482507	0.541090406672414	0.967544737713125	8.26188086972556e-05	0.128175646001009	0.0376535220637742	0.0385210195550954	0.0545275875521017	0.032180025987581	0.159116389858131	0.401623248086751	0.113888375412993	0.0768834109974921	0.0370958451050677	0	0.0692345616883002	0.077007339210538	0.212013082126549	0.0579083492039934	0.167300609047682	0.0568276951862333	0.210160768435557	0.0572820986340682	0.0568549593931034	0.11651978447	0.0654192251026609	0.0400494675159946	0.166159643299572	0.037901378489866	0.0576604927779016	0.0568276951862333	0.0568276951862333	MngRoot	E-Rt181
0.112804211707278	0.231705915673872	0.535911498238959	0.000307899162697565	0.097142488286055	0.0130460928131599	0.0194768904529198	0.0809768748795133	0.00154614982289779	0.0940889028768265	0.192861623468323	0.151752548423601	0.0343643291428015	0.0117491658881627	3.38749569961958e-05	0.0138324757434287	0.0261254556733696	0.14125131175478	0.0766693111514792	0.239257611444238	0.0755399442816239	0.162989960497142	0.0759198277279383	0.0756712097399841	0.047030538509647	0.113397023454712	0.0202463359046906	0.116505655669059	0.0116433066475496	0.0766390656541611	0.075556881760122	0.0758478434443214	MngBulk	5-3-2
0.138815498801729	0.515951098461197	0.955880143318319	0.00506790110286696	0.117114921717481	0.0337279995508781	0.038506569058118	0.064295988740714	0.0156691805455755	0.135786359700322	0.360801451632501	0.124452201203653	0.0661854867649683	0.0260688475072237	4.5274381711821e-05	0.0507249928225957	0.0601314530354407	0.192304351145388	0.0668207429333623	0.17229095219212	0.0609584179138957	0.17623831234762	0.0644311044736352	0.0610199627765352	0.0994699388575134	0.0726731641818294	0.0389791204172351	0.146630988944732	0.030107463838361	0.0666276193988728	0.0609265843642546	0.0610744335170323	MngRoot	E-Rt139
0.110661420147906	0.332369869513244	0.779064445334885	0.00456024638742981	0.0980872113590372	0.0160027763853006	0.0307146006682773	0.0659978305298436	0.00977435163188082	0.119371155435663	0.227551265049232	0.131576520766725	0.0411008971278831	0.0122975761955139	0.00120712404373142	0.0244526446914205	0.0556534480995341	0.14552550971651	0.0697700931665043	0.205395509163245	0.0630889968966853	0.178754952142561	0.0648074720978307	0.063692558918551	0.0588556799377661	0.101758880325387	0.0259196357167886	0.112136793979134	0.0145106369423548	0.0697700931665043	0.063692558918551	0.0642961209404167	MngRhizo	199
0.133985094311433	0.461129786357557	0.841168813468186	0.0021015587776121	0.112427267608727	0.0302765384827119	0.0327824788326925	0.0635185418294596	0.011028588337323	0.118303054395111	0.34103152286087	0.129181531391176	0.0580593906024847	0.0215455727156646	0.000416635559409979	0.0408456023059798	0.0534610819651731	0.185500855833772	0.0671947379419006	0.178099447660725	0.0637697485638097	0.169267386500585	0.0645907656955882	0.0639780663435147	0.0854256071628476	0.0759777831538742	0.0360971823274102	0.144860507810737	0.0229792891995166	0.0659693392377536	0.0639780663435147	0.0641863841232197	MngBulk	177
0.100029145590111	0.170308126680954	0.503647154817894	0.000181850871470053	0.085198728466803	0.00595641363218578	0.00704432849483996	0.094275320209475	0.000478554924921193	0.0961241374027538	0.0967733769175636	0.155820673920506	0.0262120484210168	0.00444098970326867	0.000102091717316521	0.00946581641494119	0.030054844468134	0.113457396783399	0.0762625128354413	0.277158275134275	0.073207737231361	0.163662593956882	0.0734980605524798	0.0755446804480595	0.0338434042904267	0.138752214931651	0.00898726149002	0.105186372497678	0.00560866372007638	0.0774589001477443	0.0732587830900192	0.073389588102831	MngBulk	87
0.12422723132137	0.54443974903632	0.994794409878277	9.31064128322051e-05	0.102646646065251	0.0375705536326319	0.0258804086850974	0.0821716994615138	0.000294131622356284	0.106649163789617	0.31580213994298	0.129578734004384	0.0591416166419841	0.0179208684153624	4.65532064161026e-05	0.0380043448742365	0.0432214780750956	0.178342159697833	0.0768614598478224	0.180484665220393	0.0646920284796858	0.136032701257526	0.0767556571059677	0.0647153050828939	0.0898942415894941	0.0881918754730507	0.0376488476616044	0.123551151800918	0.0179504931830817	0.0769355217671208	0.0647153050828939	0.0647428137957761	MngBulk	128
0.116883603527141	0.499010549563271	0.964867223353652	0.000111026932820841	0.103569623833041	0.0315100603508482	0.0266310434696657	0.080044250400892	0.00246726517379647	0.101194881103262	0.314616402718124	0.12771181355864	0.0541379660760291	0.0154728367211711	0.000111026932820841	0.0325894888643841	0.0445464727128953	0.172551274010923	0.0761243828560229	0.188030278895029	0.0636646937283507	0.153300437492377	0.0755939208436567	0.0637880569870405	0.0824097408862694	0.0925131917729659	0.0379866314320639	0.126456592401471	0.0189208398015517	0.0756617706359361	0.0637202071947611	0.0645467410279829	MngRhizo	1-3-2R
0.114663305723994	0.38765221669199	0.823148300449985	0.00037102701479877	0.10451817708422	0.0209543823375779	0.0260458304696874	0.0756974900945362	0.00886368910049019	0.112948602380333	0.285765538736385	0.129698809791083	0.0492960588228517	0.0132785116228162	2.18094732713256e-05	0.0300069095602954	0.050342647570689	0.165545072835183	0.0683277499131318	0.201033341354609	0.0638626592146073	0.178785284895181	0.066123929235983	0.0639060121919637	0.0690737934805229	0.0931727295069651	0.0323117985282138	0.136446979984255	0.0237082272918621	0.0677189464458383	0.0638440413715708	0.0638879262872996	MngRhizo	5-5-2R
0.10560172715683	0.316271095210996	0.621679552360727	0.000400630242761607	0.0954789965203507	0.0199814333577352	0.0186654888626956	0.0625483966511559	0.00195333462603009	0.0991746007557727	0.211808332566311	0.140516338182423	0.0348380507959557	0.0112352136993309	0.00011221841878401	0.0227889913678734	0.0432701637587916	0.138120422502871	0.0772972529442357	0.218433676548211	0.0695318956799226	0.151664241756859	0.0760597040268046	0.0696084559095602	0.06672092916641	0.114068187345976	0.0231846399518572	0.107920296029042	0.0117129285568647	0.0774501112109438	0.0695793525345952	0.0699325259226842	MngRhizo	139
0.182656153496666	0.637203830010643	1.11395461979398	0	0.138300093598117	0.0446833097256514	0.0446833097256514	0.0538853881972199	0.041241644877331	0.180424904675509	0.45467163478182	0.1038297784766	0.0900666190814696	0.0436333102804011	0	0.0859395379286108	0.0881562034241392	0.231889460818402	0.0525501389026766	0.15357991885861	0.0517853893067193	0.227266546594175	0.0521645557730597	0.0517918059699958	0.134830137098078	0.0541898880363425	0.0456166425658738	0.184237569327818	0.0445083098181096	0.0525355555770481	0.0517853893067193	0.0517853893067193	MngRoot	E-Rt5-4-2r
0.135361252038008	0.416560264627081	0.782931930841778	0.0122112550525556	0.112511918941757	0.0277729519510074	0.0313274816250799	0.0544234208470444	0.0170073190147014	0.127690951162378	0.322152636776474	0.127827009714496	0.0550016696935443	0.0218203902958619	0.000306131742264625	0.0430795390642386	0.0615154728761749	0.177301300728262	0.0644832500442403	0.191612959679133	0.0623488315078953	0.182420503751687	0.0625018973790276	0.0627825181427702	0.087026451398227	0.0837610461474043	0.0328751476554178	0.143295166358366	0.0245245540191994	0.0627825181427702	0.0625018973790276	0.0626549632501599	MngRhizo	183
0.15591792373564	0.548374737499491	0.960154288766072	4.99106808802304e-05	0.125074948952177	0.0377775160916144	0.0418805392600733	0.0596639583244354	0.0230076065521062	0.145348424058991	0.394724097742862	0.11910392725175	0.0748240233083853	0.0323299478735892	4.99106808802304e-05	0.0616676895617246	0.0680483440454741	0.207633301796478	0.0602062804788779	0.163734423294956	0.0592683248784336	0.191956478665366	0.0595671802968749	0.0592932802188737	0.109101705069984	0.0635089067527331	0.0417034172096325	0.160614397073101	0.0337548369460358	0.0599628137428768	0.0592932802188737	0.0593182355593138	MngRoot	E-Rt182
0.107145664323803	0.294857421802281	0.594782543944201	0.00124106947093208	0.0959760390854145	0.0170647052253162	0.0224426729326885	0.0533659872500796	0.00682588209012646	0.0980444882036347	0.243042771390867	0.135276572331597	0.0350602125538314	0.0119970048856768	0.00124106947093208	0.0204776462703794	0.0500564686609274	0.147170154761363	0.0711546496667728	0.214291328647607	0.0665006391507775	0.173439458562759	0.0675348637098876	0.0671211738862436	0.0612260938993162	0.103836145734651	0.0253385016981967	0.121521385695433	0.014789411195274	0.0684656658130867	0.0671211738862436	0.0677417086217096	MngRhizo	182
0.102592134907759	0.344245846361742	0.580465097357486	0.000421196368218905	0.099135242763718	0.0236280889488654	0.0271774388322711	0.0505487007273445	0.00513654107584031	0.0883022776347708	0.2604020863808	0.133714437286275	0.0363769838991011	0.0100162550978886	0.000421196368218905	0.0156664502813129	0.0479804301894243	0.150105139859281	0.0695539027079536	0.209432189285237	0.06626137987834	0.167312552463346	0.0669856321700335	0.0664719780624494	0.0618028622245106	0.0960070892485312	0.0308192464550419	0.121597336888368	0.0140792590888783	0.0674992862776175	0.0664719780624494	0.0666825762465589	MngRhizo	198
0.102897890719205	0.408684563454782	0.832709356581041	0.000104381998685477	0.0929996518664137	0.0257164282024589	0.0100850276925443	0.0833878748897141	0.00103283240804578	0.0950755194342565	0.214710631987796	0.13363407278326	0.0363508348354531	0.00705010146008755	0	0.0256771868495697	0.0385938705666042	0.140203075256925	0.0850077579369835	0.217587807981638	0.0667432626481983	0.156638138674012	0.0840094579194803	0.0667605288434696	0.0655142234757062	0.129753102982511	0.0289601184322866	0.109493577312835	0.00769130516629834	0.0850469992898728	0.0667432626481983	0.0668476446468838	MngBulk	191
0.110285551898402	0.633239020206857	1.25446700615511	0.000123570709518184	0.0992209899262506	0.0416797132789504	0.0129238318332968	0.093357235592129	0.00014747201355185	0.102138787580207	0.293597038633462	0.112852281005661	0.053526534934536	0.00697434245717586	6.67688250333178e-05	0.0419046951893888	0.0482314768101546	0.159451211660545	0.0862466460253199	0.19575313153192	0.0562466388065455	0.147458272721191	0.0863598627286373	0.0563530818609464	0.090695772166453	0.121749468857384	0.0430428617401741	0.11127044045085	0.00672110475411472	0.0864934003787039	0.0561832568059704	0.0563702095160636	MngBulk	3-4-2
0.136077974459726	0.48981318254303	0.936943051296568	0.000859699805332702	0.111368638963909	0.0327201745909627	0.03721405993702	0.0649323447515014	0.0165687598845939	0.13211866608353	0.364767501221555	0.124237563504462	0.0621578590161095	0.0231853222045454	0	0.0481166165591938	0.0608558045836693	0.188114822131236	0.0673551351119845	0.173787534102728	0.0613372364746556	0.184521276944946	0.0654012719180465	0.0613372364746556	0.0950343426625872	0.08004274114814	0.0374094462564138	0.140259241694753	0.0281872119810266	0.0661828171956217	0.0613372364746556	0.0613372364746556	MngRoot	E-Rt3-5-2r
0.113936388846085	0.380783939642894	0.694234589833958	0.000350325906321162	0.103255919219495	0.023684794859147	0.0305880847022691	0.0719704339890974	0.00592058909894047	0.10446946116413	0.279971360735235	0.14007346504948	0.0454797805948677	0.0171237027110625	0.00013330266505028	0.0255185193247167	0.0368516843173755	0.165203455874843	0.0749364182864661	0.191904629941316	0.0681461105801854	0.169091992152895	0.0687459725729116	0.0687996187673831	0.064147030628677	0.093072083302331	0.0332037430933166	0.129173533718234	0.0197417995654951	0.0716087285869792	0.0681672439295226	0.0684964364865065	MngRhizo	1-2-2R
0.12061119878537	0.340483667669661	1.15441249498615	0.00191796268180726	0.0749683085551812	0.0140381003517821	0.0135066167170644	0.125914481140488	0.0020103946182799	0.109858591615508	0.146496300434851	0.119408197132179	0.0586670122388665	0.00947427348844552	0.00166377485650751	0.0154361333909308	0.0523585325746089	0.142960778864772	0.0618891895443027	0.231391336807511	0.0587016742150437	0.157976809104435	0.0612204444839232	0.0595899451245458	0.0704636381311871	0.0945467791791332	0.0152166075418082	0.121218938767678	0.0110109544323032	0.0618429735760664	0.0595335616432975	0.0603654490715512	MngRhizo	3-2-2R
0.153867253561054	0.542066977057704	1.10522539517433	0.00197393249946241	0.119411144636855	0.0334125929244246	0.0343226976771585	0.0685512227093474	0.0188345289939351	0.135497355778697	0.394609233737246	0.114567023803574	0.0717710962322076	0.0268555917031047	0.00172003566253437	0.0569691414546088	0.0671139357970284	0.199274625507878	0.0634712086330298	0.159847678147241	0.0563810240541609	0.190066479678417	0.0581950015463587	0.0572565065109501	0.104368218679481	0.070905308018283	0.0400293753100758	0.155242220340672	0.0277636191180819	0.0638135077322701	0.0571872619190606	0.0581010597166953	MngRoot	E-Rt183
0.105009451416711	0.3204999117796	0.661674705364615	0.000532048628063818	0.0983755134968182	0.0194020631227424	0.0131129843984554	0.0849739309195632	0.000607757897592482	0.0938847035689506	0.196262736934199	0.143810104759923	0.0323674491746396	0.00590983779618929	0.000341039003106181	0.0205133918497686	0.0287094412115872	0.136178749307525	0.0845269683971623	0.221920886209645	0.0716088138161638	0.167211909429279	0.0839171267582067	0.0717987815704398	0.0512572592122683	0.133285821714985	0.0255838291668259	0.111308601557586	0.00627136692270002	0.0843706877949243	0.0717793333177169	0.07194985281927	MngBulk	5-2-2
0.128963616955741	0.473954061215086	0.822568113008332	0.000149545707748299	0.112312277573767	0.0326118926293108	0.0365575986106698	0.0602312593230245	0.0117450898162318	0.119099927178142	0.333480601344917	0.127471610933052	0.0571483170402134	0.021263674114411	0	0.0408081477655156	0.0551645357093523	0.182097206918711	0.0649356221833066	0.181203958902815	0.0632451805099518	0.174385824981091	0.0633889744597098	0.0632963711560656	0.0809830269762971	0.0821908961542642	0.0386282314871847	0.136198753331763	0.0236161431324516	0.0639865821149039	0.0632451805099518	0.0633947262177001	MngRoot	E-Rt5-2-2r
0.0989538041404964	0.158426168159269	0.456551785734612	9.3290758420011e-05	0.080379053735223	0.00693054736757	0.0181188453915105	0.0991344519695217	0.000871592810114873	0.0980248523481727	0.142033696272513	0.158273870172025	0.0218356415087742	0.0016953864683891	1.18673756294007e-05	0.00817266601678061	0.0221903441803641	0.119937961447861	0.0802989489497246	0.238813133478245	0.0776640619106746	0.181485797604487	0.0779501975230723	0.0782633643799593	0.0252069651354931	0.142785956027688	0.00996233219155884	0.0960766248490128	0.00324341968937982	0.0791451763190884	0.0776699955984893	0.0777573526690946	MngBulk	3-3-2
0.118237689165698	0.6215047496576	1.14845628607211	2.92535696712053e-05	0.104898934636514	0.0427743949250593	0.0190078343591978	0.0815030648266352	0.00167400277790151	0.105393625598267	0.332386917772206	0.118979943918549	0.0577216591657167	0.0142779251017625	0	0.0446518628293307	0.0477592905211212	0.173965739389344	0.083940716759088	0.180696680136378	0.0594899719592746	0.14132050211805	0.083940716759088	0.0594899719592746	0.0985675015946907	0.10334849544394	0.0435022412032966	0.119337099440804	0.0147944470856585	0.083940716759088	0.0594899719592746	0.0595192255289458	MngRoot	E-Rt3-4-2r
0.124186651431247	0.407668832124354	0.799195556785296	0.0026326985974413	0.101709405085604	0.0245308842962164	0.02693582326286	0.0806405305320702	0.00278633339707541	0.107259581012179	0.311327458615244	0.141056385976637	0.0519979355157493	0.0190732060222041	0.000518873818145693	0.0309376138273499	0.0392845766528316	0.175469314003546	0.0746357856622474	0.18484610514575	0.0693212886860384	0.151573559136744	0.0721624237745297	0.0699713064362429	0.0750168633198965	0.0857383549248777	0.0293689550071683	0.13101595585457	0.0224534883869371	0.0741923037663964	0.0695807255951113	0.0698632869173249	MngRhizo	3-1-2R
0.143468236616847	0.469967382079756	1.0165891362171	0.00652719922418335	0.112057784963943	0.0321461398512536	0.0335867872568681	0.0794416723078466	0.0151222787896754	0.132570290307624	0.31136963632239	0.121133682860544	0.0645236509295068	0.0244024340976115	5.06124559061573e-05	0.046968359080914	0.0591496926648994	0.17907771452225	0.0611091177435521	0.187195590932055	0.0604511558167721	0.183247819371375	0.0604764620447251	0.0604764620447251	0.0865780285906148	0.0857664217084054	0.0337422398000085	0.136957305682062	0.0228316403768097	0.0604764620447251	0.0604764620447251	0.060561418667139	MngRoot	E-Rt96
0.103415178470394	0.253284998271649	0.627423532682508	0.000524103645784075	0.0899711258595995	0.0131025911446019	0.0165410286995186	0.0792667059426762	0.00198524108251543	0.0978644444036808	0.180371063793022	0.140713887928694	0.0337411574384323	0.00635277146404939	0.000524103645784075	0.0154848804436204	0.0400304011878412	0.13253469466873	0.0727630561563557	0.226246014727789	0.0691499173861776	0.164759127920121	0.071000162075082	0.069586670424331	0.0492260378820527	0.115882492468591	0.0198524108251543	0.111006740369933	0.0109823536684754	0.0711748632903433	0.0694119692090696	0.0696740210319617	MngRhizo	197
0.115377909025817	0.24922154916115	0.623179530826821	0.000933458863604786	0.094937553397138	0.0155576477267464	0.0133317073596889	0.0611894252514265	0.00478696853130659	0.1014837328637	0.219901366906897	0.139947025012748	0.0318453081545171	0.0143609055939198	0.000335087797191462	0.0227381005237063	0.0460386698498412	0.142508053176997	0.0723669967720274	0.215102430954262	0.0698059686077784	0.159657367940403	0.0723669967720274	0.0699735125063741	0.06026793380915	0.10866418566066	0.0179511319923997	0.102620637889885	0.0121349652268622	0.0723669967720274	0.0699735125063741	0.0701410564049699	MngRhizo	181
0.171765536150138	0.616946681144489	1.07908025400755	7.29575997103782e-05	0.131890997774029	0.0413141377335941	0.0489058137290572	0.0570715201190416	0.0356179001786066	0.174902712937684	0.444799430832667	0.109002155932091	0.0840381081239916	0.0383561448109365	0	0.0800943121140474	0.0824890723669408	0.222036240654577	0.0561554644970781	0.151583713087854	0.0536950424044453	0.220071638409575	0.0537566186186009	0.0537113849067804	0.123795038849367	0.0593804822346756	0.0445356535064056	0.170972632956485	0.039942534859039	0.0563775474305965	0.053691832270058	0.0537534084842136	MngRoot	E-Rt3-2-2r
0.139811361218631	0.407196162648577	0.745411375053343	0.000310659697257983	0.102360299181857	0.0278206114217766	0.0439749156791917	0.0723132932630649	0.0138761331441899	0.129491246075721	0.412324118717982	0.142037755715647	0.0567803084001657	0.0247140144491967	0	0.0421109574956438	0.0481688215921744	0.19462415820283	0.0716401972523392	0.157052974416449	0.0708117713929846	0.182355171225788	0.0712259843226619	0.0708117713929846	0.0839278238112166	0.0799078873286984	0.0304094422322598	0.130284463836053	0.026370866167906	0.0716401972523392	0.0708117713929846	0.0708117713929846	MngRoot	E-Rt140
0.119138351603424	0.451645907603754	0.800985352382461	0.000531383670650889	0.10742480721125	0.0307598279987478	0.0333030053656422	0.0591986289945857	0.0134640892603717	0.116705360817065	0.304232257672385	0.126849635038053	0.0479667065915301	0.0152110797227457	0.00024169959601512	0.0291159153052626	0.0561400627832473	0.17001967097043	0.0668317155010926	0.188145363468652	0.0614538994897562	0.178751068876476	0.0615747492877637	0.0616333969838556	0.0695508359562627	0.0865373413879724	0.0362034005178236	0.133107166490768	0.0202405639633544	0.0642547712788726	0.0615747492877637	0.0617187027236257	MngRoot	E-Rt197
0.127349631763804	0.373199034020352	0.784013180273851	0.000473871008725374	0.101895074200516	0.0245388338572383	0.0276574173876337	0.0704338814185188	0.00224128179802542	0.101914285187356	0.311416500342212	0.140457928451113	0.0550971102577448	0.0235782845152274	0.000473871008725374	0.0283810312252819	0.0402470174302564	0.178566122679825	0.0711895135675673	0.176440106802841	0.0699920287211938	0.141552954701005	0.0702289642255565	0.0702289642255565	0.0842785992680358	0.0710870549710862	0.0287012143392855	0.125863982114827	0.0260565018176155	0.0705491473395601	0.0702289642255565	0.0704658997299191	MngRhizo	180
0.121144752584046	0.355582517803522	0.657743793736504	0.000189307162940202	0.102954925930699	0.0225100865504461	0.0219224455654859	0.0760040088496141	0.000760609136813312	0.104578685584252	0.268407132683734	0.146921514523561	0.0435552962448073	0.0174754174789174	0.000189307162940202	0.0279391455447669	0.0349435105735544	0.16507415584133	0.0757223017619054	0.195375697023622	0.0731001721895135	0.14664994889101	0.0744123638040603	0.0732573647444549	0.0646224790920098	0.0949797982776677	0.024475838608477	0.124340437787012	0.0190552308267874	0.0755031336476681	0.073188628215054	0.0732894793524537	MngBulk	127
0.12525095453548	0.423731770272258	0.800069401025264	8.31903296638992e-05	0.104902396996448	0.0276317694494857	0.032695219880614	0.0761130645451753	0.00287108088961994	0.107667562393178	0.3175214589709	0.140936186838744	0.0554009043945383	0.0225693335345728	8.31903296638992e-05	0.0310912697440454	0.0412814764181438	0.177964608378632	0.0721077545267232	0.186596112339369	0.068760053919102	0.145595656912895	0.0697958749750391	0.0693584155829528	0.0786144557258986	0.0773586875544599	0.0325217376077783	0.130437161428674	0.0245587998329985	0.0712961415543924	0.0688016490839339	0.0688432442487659	MngRhizo	99
0.134596034106462	0.529952522561077	0.985551500279527	0.0020113754054403	0.114886351004044	0.0344268451091881	0.0350284618599224	0.0661778425807814	0.0154444897203452	0.125185670602437	0.383225380540554	0.123421227445433	0.067048839966173	0.0256270777103867	0.00192158186055458	0.0454265543576897	0.055793219114747	0.202147717923995	0.0688940973135747	0.165058494208945	0.0598518873435819	0.174989660273306	0.0670982264158601	0.0608126782738592	0.10082468187494	0.0681173831503131	0.0428225415560036	0.154036336574222	0.0343550102732795	0.0670982264158601	0.0608126782738592	0.0618632627490222	MngRoot	E-Rt196
